observation_date,target,horizon,actual,y_test,Benchmark,Macro,DeepSeek,Gemma,Benchmark_pred,Benchmark_prob,Macro_pred,Macro_prob,DeepSeek_pred,DeepSeek_prob,Gemma_pred,Gemma_prob
2020-04-07,return,1,-0.0020229891956679,-0.0020229891956679,2.703554652227787e-05,2.703554652227787e-05,2.703554652227787e-05,2.703554652227787e-05,,,,,,,,
2020-04-08,return,1,0.006148218495358,0.006148218495358,2.703554652227787e-05,2.703554652227787e-05,2.703554652227787e-05,2.703554652227787e-05,,,,,,,,
2020-04-09,return,1,-0.0022896928078285,-0.0022896928078285,2.703554652227787e-05,2.703554652227787e-05,2.703554652227787e-05,2.703554652227787e-05,,,,,,,,
2020-04-13,return,1,0.0059423313314839,0.0059423313314839,2.703554652227787e-05,2.703554652227787e-05,2.703554652227787e-05,2.703554652227787e-05,,,,,,,,
2020-04-14,return,1,-0.0056672912197341,-0.0056672912197341,2.703554652227787e-05,2.703554652227787e-05,2.703554652227787e-05,2.703554652227787e-05,,,,,,,,
2020-04-15,return,1,-0.0063451406041194,-0.0063451406041194,2.703554652227787e-05,2.703554652227787e-05,2.703554652227787e-05,2.703554652227787e-05,,,,,,,,
2020-04-16,return,1,0.0039589427024244,0.0039589427024244,2.703554652227787e-05,2.703554652227787e-05,2.703554652227787e-05,2.703554652227787e-05,,,,,,,,
2020-04-17,return,1,-0.0008273199901957,-0.0008273199901957,2.703554652227787e-05,2.703554652227787e-05,2.703554652227787e-05,2.703554652227787e-05,,,,,,,,
2020-04-20,return,1,-0.0018409430825158,-0.0018409430825158,2.703554652227787e-05,2.703554652227787e-05,2.703554652227787e-05,2.703554652227787e-05,,,,,,,,
2020-04-21,return,1,-0.0023059549949706,-0.0023059549949706,2.703554652227787e-05,2.703554652227787e-05,2.703554652227787e-05,2.703554652227787e-05,,,,,,,,
2020-04-22,return,1,-0.0012936612412203,-0.0012936612412203,2.703554652227787e-05,2.703554652227787e-05,2.703554652227787e-05,2.703554652227787e-05,,,,,,,,
2020-04-23,return,1,-0.0015731276089266,-0.0015731276089266,2.703554652227787e-05,2.703554652227787e-05,2.703554652227787e-05,2.703554652227787e-05,,,,,,,,
2020-04-24,return,1,0.002866788850147,0.002866788850147,2.703554652227787e-05,2.703554652227787e-05,2.703554652227787e-05,2.703554652227787e-05,,,,,,,,
2020-04-27,return,1,0.0006462035766062,0.0006462035766062,2.703554652227787e-05,2.703554652227787e-05,2.703554652227787e-05,2.703554652227787e-05,,,,,,,,
2020-04-28,return,1,0.0015676152410292,0.0015676152410292,2.703554652227787e-05,2.703554652227787e-05,2.703554652227787e-05,2.703554652227787e-05,,,,,,,,
2020-04-29,return,1,0.0074356610089296,0.0074356610089296,2.703554652227787e-05,2.703554652227787e-05,2.703554652227787e-05,2.703554652227787e-05,,,,,,,,
2020-04-30,return,1,0.0058362376128155,0.0058362376128155,2.703554652227787e-05,2.703554652227787e-05,2.703554652227787e-05,2.703554652227787e-05,,,,,,,,
2020-05-01,return,1,-0.0079419834126614,-0.0079419834126614,2.703554652227787e-05,2.703554652227787e-05,2.703554652227787e-05,2.703554652227787e-05,,,,,,,,
2020-05-04,return,1,-0.0061595230365425,-0.0061595230365425,2.703554652227787e-05,2.703554652227787e-05,2.703554652227787e-05,2.703554652227787e-05,,,,,,,,
2020-05-05,return,1,-0.003510396214545,-0.003510396214545,2.703554652227787e-05,2.703554652227787e-05,2.703554652227787e-05,2.703554652227787e-05,,,,,,,,
2020-05-06,return,1,0.0008325239831479,0.0008325239831479,2.703554652227787e-05,2.703554652227787e-05,2.703554652227787e-05,2.703554652227787e-05,,,,,,,,
2020-05-07,return,1,0.003599616236191,0.003599616236191,2.703554652227787e-05,2.703554652227787e-05,2.703554652227787e-05,2.703554652227787e-05,,,,,,,,
2020-05-08,return,1,-0.0033222621919777,-0.0033222621919777,2.703554652227787e-05,2.703554652227787e-05,2.703554652227787e-05,2.703554652227787e-05,,,,,,,,
2020-05-11,return,1,0.004243157367105,0.004243157367105,2.703554652227787e-05,2.703554652227787e-05,2.703554652227787e-05,2.703554652227787e-05,,,,,,,,
2020-05-12,return,1,-0.002488365875482,-0.002488365875482,2.703554652227787e-05,2.703554652227787e-05,2.703554652227787e-05,2.703554652227787e-05,,,,,,,,
2020-05-13,return,1,-0.0034200708106841,-0.0034200708106841,2.703554652227787e-05,2.703554652227787e-05,2.703554652227787e-05,2.703554652227787e-05,,,,,,,,
2020-05-14,return,1,0.001480385170434,0.001480385170434,2.703554652227787e-05,2.703554652227787e-05,2.703554652227787e-05,2.703554652227787e-05,,,,,,,,
2020-05-15,return,1,0.0081031750936233,0.0081031750936233,2.703554652227787e-05,2.703554652227787e-05,2.703554652227787e-05,2.703554652227787e-05,,,,,,,,
2020-05-18,return,1,0.0030218419588571,0.0030218419588571,2.703554652227787e-05,2.703554652227787e-05,2.703554652227787e-05,2.703554652227787e-05,,,,,,,,
2020-05-19,return,1,0.003923899728296,0.003923899728296,2.703554652227787e-05,2.703554652227787e-05,2.703554652227787e-05,2.703554652227787e-05,,,,,,,,
2020-05-20,return,1,-0.0024620447397752,-0.0024620447397752,2.703554652227787e-05,2.703554652227787e-05,2.703554652227787e-05,2.703554652227787e-05,,,,,,,,
2020-05-21,return,1,-0.0054012123801267,-0.0054012123801267,2.703554652227787e-05,2.703554652227787e-05,2.703554652227787e-05,2.703554652227787e-05,,,,,,,,
2020-05-22,return,1,0.0069520953256562,0.0069520953256562,2.703554652227787e-05,2.703554652227787e-05,2.703554652227787e-05,2.703554652227787e-05,,,,,,,,
2020-05-26,return,1,-9.116185794179332e-05,-9.116185794179332e-05,2.703554652227787e-05,2.703554652227787e-05,2.703554652227787e-05,2.703554652227787e-05,,,,,,,,
2020-05-27,return,1,0.0090752959742898,0.0090752959742898,2.703554652227787e-05,2.703554652227787e-05,2.703554652227787e-05,2.703554652227787e-05,,,,,,,,
2020-05-28,return,1,0.003427131781496,0.003427131781496,2.703554652227787e-05,2.703554652227787e-05,2.703554652227787e-05,2.703554652227787e-05,,,,,,,,
2020-05-29,return,1,0.0014394964249093,0.0014394964249093,2.703554652227787e-05,2.703554652227787e-05,2.703554652227787e-05,2.703554652227787e-05,,,,,,,,
2020-06-01,return,1,0.0038584102782764,0.0038584102782764,2.703554652227787e-05,2.703554652227787e-05,2.703554652227787e-05,2.703554652227787e-05,,,,,,,,
2020-06-02,return,1,0.0071390629818412,0.0071390629818412,2.703554652227787e-05,2.703554652227787e-05,2.703554652227787e-05,2.703554652227787e-05,,,,,,,,
2020-06-03,return,1,0.0067352257444582,0.0067352257444582,2.703554652227787e-05,2.703554652227787e-05,2.703554652227787e-05,2.703554652227787e-05,,,,,,,,
2020-06-04,return,1,-0.0022105318696765,-0.0022105318696765,2.703554652227787e-05,2.703554652227787e-05,2.703554652227787e-05,2.703554652227787e-05,,,,,,,,
2020-06-05,return,1,-0.0003541390032584,-0.0003541390032584,2.703554652227787e-05,2.703554652227787e-05,2.703554652227787e-05,2.703554652227787e-05,,,,,,,,
2020-06-08,return,1,0.0048584522050717,0.0048584522050717,2.703554652227787e-05,2.703554652227787e-05,2.703554652227787e-05,2.703554652227787e-05,,,,,,,,
2020-06-09,return,1,0.0006166586109168,0.0006166586109168,2.703554652227787e-05,2.703554652227787e-05,2.703554652227787e-05,2.703554652227787e-05,,,,,,,,
2020-06-10,return,1,0.0020234907709338,0.0020234907709338,2.703554652227787e-05,2.703554652227787e-05,2.703554652227787e-05,2.703554652227787e-05,,,,,,,,
2020-06-11,return,1,-0.0110469065605956,-0.0110469065605956,2.703554652227787e-05,2.703554652227787e-05,2.703554652227787e-05,2.703554652227787e-05,,,,,,,,
2020-06-12,return,1,0.0015095682838249,0.0015095682838249,2.703554652227787e-05,2.703554652227787e-05,2.703554652227787e-05,2.703554652227787e-05,,,,,,,,
2020-06-15,return,1,-0.0009765192306915,-0.0009765192306915,2.703554652227787e-05,2.703554652227787e-05,2.703554652227787e-05,2.703554652227787e-05,,,,,,,,
2020-06-16,return,1,-0.0035590392581658,-0.0035590392581658,2.703554652227787e-05,2.703554652227787e-05,2.703554652227787e-05,2.703554652227787e-05,,,,,,,,
2020-06-17,return,1,-0.0002674392705933,-0.0002674392705933,2.703554652227787e-05,2.703554652227787e-05,2.703554652227787e-05,2.703554652227787e-05,,,,,,,,
2020-06-18,return,1,-0.00241017746665,-0.00241017746665,2.703554652227787e-05,2.703554652227787e-05,2.703554652227787e-05,2.703554652227787e-05,,,,,,,,
2020-06-19,return,1,0.0063254698859601,0.0063254698859601,2.703554652227787e-05,2.703554652227787e-05,2.703554652227787e-05,2.703554652227787e-05,,,,,,,,
2020-06-22,return,1,0.005491112902924,0.005491112902924,2.703554652227787e-05,2.703554652227787e-05,2.703554652227787e-05,2.703554652227787e-05,,,,,,,,
2020-06-23,return,1,-0.0044259610180891,-0.0044259610180891,2.703554652227787e-05,2.703554652227787e-05,2.703554652227787e-05,2.703554652227787e-05,,,,,,,,
2020-06-24,return,1,-0.0045347519136497,-0.0045347519136497,2.703554652227787e-05,2.703554652227787e-05,2.703554652227787e-05,2.703554652227787e-05,,,,,,,,
2020-06-25,return,1,-0.0005348547105576,-0.0005348547105576,2.703554652227787e-05,2.703554652227787e-05,2.703554652227787e-05,2.703554652227787e-05,,,,,,,,
2020-06-26,return,1,0.0019597369535936,0.0019597369535936,2.703554652227787e-05,2.703554652227787e-05,2.703554652227787e-05,2.703554652227787e-05,,,,,,,,
2020-06-29,return,1,0.0,0.0,2.703554652227787e-05,2.703554652227787e-05,2.703554652227787e-05,2.703554652227787e-05,,,,,,,,
2020-06-30,return,1,0.0019559038952281,0.0019559038952281,2.703554652227787e-05,2.703554652227787e-05,2.703554652227787e-05,2.703554652227787e-05,,,,,,,,
2020-07-01,return,1,-0.0019559038952281,-0.0019559038952281,2.703554652227787e-05,2.703554652227787e-05,2.703554652227787e-05,2.703554652227787e-05,,,,,,,,
2020-07-02,return,1,0.0062100980273428,0.0062100980273428,2.703554652227787e-05,2.703554652227787e-05,2.703554652227787e-05,2.703554652227787e-05,,,,,,,,
2020-07-06,return,1,-0.0007077767259989,-0.0007077767259989,2.703554652227787e-05,2.703554652227787e-05,2.703554652227787e-05,2.703554652227787e-05,,,,,,,,
2020-07-07,return,1,0.0026515836642424,0.0026515836642424,2.703554652227787e-05,2.703554652227787e-05,2.703554652227787e-05,2.703554652227787e-05,,,,,,,,
2020-07-08,return,1,-0.0027400909882812,-0.0027400909882812,2.703554652227787e-05,2.703554652227787e-05,2.703554652227787e-05,2.703554652227787e-05,,,,,,,,
2020-07-09,return,1,0.0017686598172617,0.0017686598172617,2.703554652227787e-05,2.703554652227787e-05,2.703554652227787e-05,2.703554652227787e-05,,,,,,,,
2020-07-10,return,1,0.0040560852716095,0.0040560852716095,2.703554652227787e-05,2.703554652227787e-05,2.703554652227787e-05,2.703554652227787e-05,,,,,,,,
2020-07-13,return,1,0.0036890687424055,0.0036890687424055,2.703554652227787e-05,2.703554652227787e-05,2.703554652227787e-05,2.703554652227787e-05,,,,,,,,
2020-07-14,return,1,0.0,0.0,2.703554652227787e-05,2.703554652227787e-05,2.703554652227787e-05,2.703554652227787e-05,,,,,,,,
2020-07-15,return,1,0.0023643778254856,0.0023643778254856,2.703554652227787e-05,2.703554652227787e-05,2.703554652227787e-05,2.703554652227787e-05,,,,,,,,
2020-07-16,return,1,0.0004372349332915,0.0004372349332915,2.703554652227787e-05,2.703554652227787e-05,2.703554652227787e-05,2.703554652227787e-05,,,,,,,,
2020-07-17,return,1,0.0003496503532127,0.0003496503532127,2.703554652227787e-05,2.703554652227787e-05,2.703554652227787e-05,2.703554652227787e-05,,,,,,,,
2020-07-20,return,1,0.0046213623688077,0.0046213623688077,2.703554652227787e-05,2.703554652227787e-05,2.703554652227787e-05,2.703554652227787e-05,,,,,,,,
2020-07-21,return,1,0.0079716217997804,0.0079716217997804,2.703554652227787e-05,2.703554652227787e-05,2.703554652227787e-05,2.703554652227787e-05,,,,,,,,
2020-07-22,return,1,0.0031021136466456,0.0031021136466456,2.703554652227787e-05,2.703554652227787e-05,2.703554652227787e-05,2.703554652227787e-05,,,,,,,,
2020-07-23,return,1,0.001031903092684,0.001031903092684,2.703554652227787e-05,2.703554652227787e-05,2.703554652227787e-05,2.703554652227787e-05,,,,,,,,
2020-07-24,return,1,0.0098354438359129,0.0098354438359129,2.703554652227787e-05,2.703554652227787e-05,2.703554652227787e-05,2.703554652227787e-05,,,,,,,,
2020-07-27,return,1,-0.0014478561486812,-0.0014478561486812,2.703554652227787e-05,2.703554652227787e-05,2.703554652227787e-05,2.703554652227787e-05,,,,,,,,
2020-07-28,return,1,0.0031485368306986,0.0031485368306986,2.703554652227787e-05,2.703554652227787e-05,2.703554652227787e-05,2.703554652227787e-05,,,,,,,,
2020-07-29,return,1,0.0017826073223509,0.0017826073223509,2.703554652227787e-05,2.703554652227787e-05,2.703554652227787e-05,2.703554652227787e-05,,,,,,,,
2020-07-30,return,1,0.0026256738076413,0.0026256738076413,2.703554652227787e-05,2.703554652227787e-05,2.703554652227787e-05,2.703554652227787e-05,,,,,,,,
2020-07-31,return,1,-0.0061089618120096,-0.0061089618120096,2.703554652227787e-05,2.703554652227787e-05,2.703554652227787e-05,2.703554652227787e-05,,,,,,,,
2020-08-03,return,1,0.0013607758520962,0.0013607758520962,2.703554652227787e-05,2.703554652227787e-05,2.703554652227787e-05,2.703554652227787e-05,,,,,,,,
2020-08-04,return,1,0.0111563023234496,0.0111563023234496,2.703554652227787e-05,2.703554652227787e-05,2.703554652227787e-05,2.703554652227787e-05,,,,,,,,
2020-08-05,return,1,-0.0035362502119828,-0.0035362502119828,2.703554652227787e-05,2.703554652227787e-05,2.703554652227787e-05,2.703554652227787e-05,,,,,,,,
2020-08-06,return,1,-0.0067705065672106,-0.0067705065672106,2.703554652227787e-05,2.703554652227787e-05,2.703554652227787e-05,2.703554652227787e-05,,,,,,,,
2020-08-07,return,1,-0.0016998134298495,-0.0016998134298495,2.703554652227787e-05,2.703554652227787e-05,2.703554652227787e-05,2.703554652227787e-05,,,,,,,,
2020-08-10,return,1,0.0006802721350775,0.0006802721350775,2.703554652227787e-05,2.703554652227787e-05,2.703554652227787e-05,2.703554652227787e-05,,,,,,,,
2020-08-11,return,1,0.0027164702612813,0.0027164702612813,2.703554652227787e-05,2.703554652227787e-05,2.703554652227787e-05,2.703554652227787e-05,,,,,,,,
2020-08-12,return,1,0.001863301970453,0.001863301970453,2.703554652227787e-05,2.703554652227787e-05,2.703554652227787e-05,2.703554652227787e-05,,,,,,,,
2020-08-13,return,1,0.001268445478939,0.001268445478939,2.703554652227787e-05,2.703554652227787e-05,2.703554652227787e-05,2.703554652227787e-05,,,,,,,,
2020-08-14,return,1,0.0030377206719463,0.0030377206719463,2.703554652227787e-05,2.703554652227787e-05,2.703554652227787e-05,2.703554652227787e-05,,,,,,,,
2020-08-17,return,1,0.0049586183880691,0.0049586183880691,2.703554652227787e-05,2.703554652227787e-05,2.703554652227787e-05,2.703554652227787e-05,,,,,,,,
2020-08-18,return,1,-0.0025182586967234,-0.0025182586967234,2.703554652227787e-05,2.703554652227787e-05,2.703554652227787e-05,2.703554652227787e-05,,,,,,,,
2020-08-19,return,1,-0.0030303053491791,-0.0030303053491791,2.703554652227787e-05,2.703554652227787e-05,2.703554652227787e-05,2.703554652227787e-05,,,,,,,,
2020-08-20,return,1,-0.0073613735140533,-0.0073613735140533,2.703554652227787e-05,2.703554652227787e-05,2.703554652227787e-05,2.703554652227787e-05,,,,,,,,
2020-08-21,return,1,0.0023750965444504,0.0023750965444504,2.703554652227787e-05,2.703554652227787e-05,2.703554652227787e-05,2.703554652227787e-05,,,,,,,,
2020-08-24,return,1,0.0012700564765509,0.0012700564765509,2.703554652227787e-05,2.703554652227787e-05,2.703554652227787e-05,2.703554652227787e-05,,,,,,,,
2020-08-25,return,1,-0.0004231729570999,-0.0004231729570999,2.703554652227787e-05,2.703554652227787e-05,2.703554652227787e-05,2.703554652227787e-05,,,,,,,,
2020-08-26,return,1,0.0009307442394629,0.0009307442394629,2.703554652227787e-05,2.703554652227787e-05,2.703554652227787e-05,2.703554652227787e-05,,,,,,,,
2020-08-27,return,1,0.0064910659944568,0.0064910659944568,2.703554652227787e-05,2.703554652227787e-05,2.703554652227787e-05,2.703554652227787e-05,,,,,,,,
2020-08-28,return,1,0.0041088481772169,0.0041088481772169,2.703554652227787e-05,2.703554652227787e-05,2.703554652227787e-05,2.703554652227787e-05,,,,,,,,
2020-08-31,return,1,-8.368550990278667e-05,-8.368550990278667e-05,2.703554652227787e-05,2.703554652227787e-05,2.703554652227787e-05,2.703554652227787e-05,,,,,,,,
2020-09-01,return,1,-0.0091639634117573,-0.0091639634117573,2.703554652227787e-05,2.703554652227787e-05,2.703554652227787e-05,2.703554652227787e-05,,,,,,,,
2020-09-02,return,1,-0.0006759040473608,-0.0006759040473608,2.703554652227787e-05,2.703554652227787e-05,2.703554652227787e-05,2.703554652227787e-05,,,,,,,,
2020-09-03,return,1,-0.0010147134305465,-0.0010147134305465,2.703554652227787e-05,2.703554652227787e-05,2.703554652227787e-05,2.703554652227787e-05,,,,,,,,
2020-09-04,return,1,-0.0026261186679616,-0.0026261186679616,2.703554652227787e-05,2.703554652227787e-05,2.703554652227787e-05,2.703554652227787e-05,,,,,,,,
2020-09-08,return,1,0.0017797368992805,0.0017797368992805,2.703554652227787e-05,2.703554652227787e-05,2.703554652227787e-05,2.703554652227787e-05,,,,,,,,
2020-09-09,return,1,0.0059096837252278,0.0059096837252278,2.703554652227787e-05,2.703554652227787e-05,2.703554652227787e-05,2.703554652227787e-05,,,,,,,,
2020-09-10,return,1,-0.004133108662973,-0.004133108662973,2.703554652227787e-05,2.703554652227787e-05,2.703554652227787e-05,2.703554652227787e-05,,,,,,,,
2020-09-11,return,1,0.0036279305769578,0.0036279305769578,2.703554652227787e-05,2.703554652227787e-05,2.703554652227787e-05,2.703554652227787e-05,,,,,,,,
2020-09-14,return,1,-0.0023608779937101,-0.0023608779937101,2.703554652227787e-05,2.703554652227787e-05,2.703554652227787e-05,2.703554652227787e-05,,,,,,,,
2020-09-15,return,1,-0.0009290148888262,-0.0009290148888262,2.703554652227787e-05,2.703554652227787e-05,2.703554652227787e-05,2.703554652227787e-05,,,,,,,,
2020-09-16,return,1,-0.001014456084971,-0.001014456084971,2.703554652227787e-05,2.703554652227787e-05,2.703554652227787e-05,2.703554652227787e-05,,,,,,,,
2020-09-17,return,1,0.0028716235949572,0.0028716235949572,2.703554652227787e-05,2.703554652227787e-05,2.703554652227787e-05,2.703554652227787e-05,,,,,,,,
2020-09-18,return,1,-0.0101721653579466,-0.0101721653579466,2.703554652227787e-05,2.703554652227787e-05,2.703554652227787e-05,2.703554652227787e-05,,,,,,,,
2020-09-21,return,1,-0.0029010259253577,-0.0029010259253577,2.703554652227787e-05,2.703554652227787e-05,2.703554652227787e-05,2.703554652227787e-05,,,,,,,,
2020-09-22,return,1,-0.0022241240990512,-0.0022241240990512,2.703554652227787e-05,2.703554652227787e-05,2.703554652227787e-05,2.703554652227787e-05,,,,,,,,
2020-09-23,return,1,-0.0009424667621318,-0.0009424667621318,2.703554652227787e-05,2.703554652227787e-05,2.703554652227787e-05,2.703554652227787e-05,,,,,,,,
2020-09-24,return,1,-0.0041230087611052,-0.0041230087611052,2.703554652227787e-05,2.703554652227787e-05,2.703554652227787e-05,2.703554652227787e-05,,,,,,,,
2020-09-25,return,1,0.0036085613520055,0.0036085613520055,2.703554652227787e-05,2.703554652227787e-05,2.703554652227787e-05,2.703554652227787e-05,,,,,,,,
2020-09-28,return,1,0.0048765977636722,0.0048765977636722,2.703554652227787e-05,2.703554652227787e-05,2.703554652227787e-05,2.703554652227787e-05,,,,,,,,
2020-09-29,return,1,0.0005119454036726,0.0005119454036726,2.703554652227787e-05,2.703554652227787e-05,2.703554652227787e-05,2.703554652227787e-05,,,,,,,,
2020-09-30,return,1,0.002470714781885,0.002470714781885,2.703554652227787e-05,2.703554652227787e-05,2.703554652227787e-05,2.703554652227787e-05,,,,,,,,
2020-10-01,return,1,-0.0039219080025469,-0.0039219080025469,2.703554652227787e-05,2.703554652227787e-05,2.703554652227787e-05,2.703554652227787e-05,,,,,,,,
2020-10-02,return,1,0.0066411482912998,0.0066411482912998,2.703554652227787e-05,2.703554652227787e-05,2.703554652227787e-05,2.703554652227787e-05,,,,,,,,
2020-10-05,return,1,-0.00050929463795,-0.00050929463795,2.703554652227787e-05,2.703554652227787e-05,2.703554652227787e-05,2.703554652227787e-05,,,,,,,,
2020-10-06,return,1,-0.0010193680801146,-0.0010193680801146,2.703554652227787e-05,2.703554652227787e-05,2.703554652227787e-05,2.703554652227787e-05,,,,,,,,
2020-10-07,return,1,-0.0011054892915472,-0.0011054892915472,2.703554652227787e-05,2.703554652227787e-05,2.703554652227787e-05,2.703554652227787e-05,,,,,,,,
2020-10-08,return,1,0.0055998788793864,0.0055998788793864,2.703554652227787e-05,2.703554652227787e-05,2.703554652227787e-05,2.703554652227787e-05,,,,,,,,
2020-10-09,return,1,-0.0069621609121166,-0.0069621609121166,2.703554652227787e-05,2.703554652227787e-05,2.703554652227787e-05,2.703554652227787e-05,,,,,,,,
2020-10-13,return,1,0.001532436874046,0.001532436874046,2.703554652227787e-05,2.703554652227787e-05,2.703554652227787e-05,2.703554652227787e-05,,,,,,,,
2020-10-14,return,1,-0.004604373755212,-0.004604373755212,2.703554652227787e-05,2.703554652227787e-05,2.703554652227787e-05,2.703554652227787e-05,,,,,,,,
2020-10-15,return,1,0.0013664704491976,0.0013664704491976,2.703554652227787e-05,2.703554652227787e-05,2.703554652227787e-05,2.703554652227787e-05,,,,,,,,
2020-10-16,return,1,0.0060412861894298,0.0060412861894298,2.703554652227787e-05,2.703554652227787e-05,2.703554652227787e-05,2.703554652227787e-05,,,,,,,,
2020-10-19,return,1,0.0030492993303975,0.0030492993303975,2.703554652227787e-05,2.703554652227787e-05,2.703554652227787e-05,2.703554652227787e-05,,,,,,,,
2020-10-20,return,1,0.0038828444157308,0.0038828444157308,2.703554652227787e-05,2.703554652227787e-05,2.703554652227787e-05,2.703554652227787e-05,,,,,,,,
2020-10-21,return,1,-0.0038828444157308,-0.0038828444157308,2.703554652227787e-05,2.703554652227787e-05,2.703554652227787e-05,2.703554652227787e-05,,,,,,,,
2020-10-22,return,1,0.0016900460334988,0.0016900460334988,2.703554652227787e-05,2.703554652227787e-05,2.703554652227787e-05,2.703554652227787e-05,,,,,,,,
2020-10-23,return,1,-0.0023668650102661,-0.0023668650102661,2.703554652227787e-05,2.703554652227787e-05,2.703554652227787e-05,2.703554652227787e-05,,,,,,,,
2020-10-26,return,1,0.0015221990254236,0.0015221990254236,2.703554652227787e-05,2.703554652227787e-05,2.703554652227787e-05,2.703554652227787e-05,,,,,,,,
2020-10-27,return,1,-0.0070384009026983,-0.0070384009026983,2.703554652227787e-05,2.703554652227787e-05,2.703554652227787e-05,2.703554652227787e-05,,,,,,,,
2020-10-28,return,1,-0.0079457037284459,-0.0079457037284459,2.703554652227787e-05,2.703554652227787e-05,2.703554652227787e-05,2.703554652227787e-05,,,,,,,,
2020-10-29,return,1,-0.0009440035028431,-0.0009440035028431,2.703554652227787e-05,2.703554652227787e-05,2.703554652227787e-05,2.703554652227787e-05,,,,,,,,
2020-10-30,return,1,-0.0011167906319451,-0.0011167906319451,2.703554652227787e-05,2.703554652227787e-05,2.703554652227787e-05,2.703554652227787e-05,,,,,,,,
2020-11-02,return,1,0.0077061773600763,0.0077061773600763,2.703554652227787e-05,2.703554652227787e-05,2.703554652227787e-05,2.703554652227787e-05,,,,,,,,
2020-11-03,return,1,0.000511639816738,0.000511639816738,2.703554652227787e-05,2.703554652227787e-05,2.703554652227787e-05,2.703554652227787e-05,,,,,,,,
2020-11-04,return,1,0.0067122899537604,0.0067122899537604,2.703554652227787e-05,2.703554652227787e-05,2.703554652227787e-05,2.703554652227787e-05,,,,,,,,
2020-11-05,return,1,0.0064992843253243,0.0064992843253243,2.703554652227787e-05,2.703554652227787e-05,2.703554652227787e-05,2.703554652227787e-05,,,,,,,,
2020-11-06,return,1,-0.0063299363147587,-0.0063299363147587,2.703554652227787e-05,2.703554652227787e-05,2.703554652227787e-05,2.703554652227787e-05,,,,,,,,
2020-11-09,return,1,-8.467042043922013e-05,-8.467042043922013e-05,2.703554652227787e-05,2.703554652227787e-05,2.703554652227787e-05,2.703554652227787e-05,,,,,,,,
2020-11-10,return,1,0.0003386386757725,0.0003386386757725,2.703554652227787e-05,2.703554652227787e-05,2.703554652227787e-05,2.703554652227787e-05,,,,,,,,
2020-11-12,return,1,0.0008460953208023,0.0008460953208023,2.703554652227787e-05,2.703554652227787e-05,2.703554652227787e-05,2.703554652227787e-05,,,,,,,,
2020-11-13,return,1,0.0016900460334988,0.0016900460334988,2.703554652227787e-05,2.703554652227787e-05,2.703554652227787e-05,2.703554652227787e-05,,,,,,,,
2020-11-16,return,1,0.00151860317719,0.00151860317719,2.703554652227787e-05,2.703554652227787e-05,2.703554652227787e-05,2.703554652227787e-05,,,,,,,,
2020-11-17,return,1,0.0005899456578334,0.0005899456578334,2.703554652227787e-05,2.703554652227787e-05,2.703554652227787e-05,2.703554652227787e-05,,,,,,,,
2020-11-18,return,1,-0.0021929833350102,-0.0021929833350102,2.703554652227787e-05,2.703554652227787e-05,2.703554652227787e-05,2.703554652227787e-05,,,,,,,,
2020-11-19,return,1,0.0011814347365755,0.0011814347365755,2.703554652227787e-05,2.703554652227787e-05,2.703554652227787e-05,2.703554652227787e-05,,,,,,,,
2020-11-20,return,1,-0.0026179130772952,-0.0026179130772952,2.703554652227787e-05,2.703554652227787e-05,2.703554652227787e-05,2.703554652227787e-05,,,,,,,,
2020-11-23,return,1,0.0040506384498454,0.0040506384498454,2.703554652227787e-05,2.703554652227787e-05,2.703554652227787e-05,2.703554652227787e-05,,,,,,,,
2020-11-24,return,1,0.0028593073050463,0.0028593073050463,2.703554652227787e-05,2.703554652227787e-05,2.703554652227787e-05,2.703554652227787e-05,,,,,,,,
2020-11-25,return,1,0.0033534572003334,0.0033534572003334,2.703554652227787e-05,2.703554652227787e-05,2.703554652227787e-05,2.703554652227787e-05,,,,,,,,
2020-11-30,return,1,0.0075874795990259,0.0075874795990259,2.703554652227787e-05,2.703554652227787e-05,2.703554652227787e-05,2.703554652227787e-05,,,,,,,,
2020-12-01,return,1,0.0044753928502491,0.0044753928502491,2.703554652227787e-05,2.703554652227787e-05,2.703554652227787e-05,2.703554652227787e-05,,,,,,,,
2020-12-02,return,1,0.0048669924903333,0.0048669924903333,2.703554652227787e-05,2.703554652227787e-05,2.703554652227787e-05,2.703554652227787e-05,,,,,,,,
2020-12-03,return,1,-0.0008232485852295,-0.0008232485852295,2.703554652227787e-05,2.703554652227787e-05,2.703554652227787e-05,2.703554652227787e-05,,,,,,,,
2020-12-04,return,1,-0.0003294892945788,-0.0003294892945788,2.703554652227787e-05,2.703554652227787e-05,2.703554652227787e-05,2.703554652227787e-05,,,,,,,,
2020-12-07,return,1,-0.0022268968747498,-0.0022268968747498,2.703554652227787e-05,2.703554652227787e-05,2.703554652227787e-05,2.703554652227787e-05,,,,,,,,
2020-12-08,return,1,-0.0025629380322446,-0.0025629380322446,2.703554652227787e-05,2.703554652227787e-05,2.703554652227787e-05,2.703554652227787e-05,,,,,,,,
2020-12-09,return,1,0.0031407580161284,0.0031407580161284,2.703554652227787e-05,2.703554652227787e-05,2.703554652227787e-05,2.703554652227787e-05,,,,,,,,
2020-12-10,return,1,-0.0004952538277042,-0.0004952538277042,2.703554652227787e-05,2.703554652227787e-05,2.703554652227787e-05,2.703554652227787e-05,,,,,,,,
2020-12-11,return,1,0.0027208657590427,0.0027208657590427,2.703554652227787e-05,2.703554652227787e-05,2.703554652227787e-05,2.703554652227787e-05,,,,,,,,
2020-12-14,return,1,0.001069826872395,0.001069826872395,2.703554652227787e-05,2.703554652227787e-05,2.703554652227787e-05,2.703554652227787e-05,,,,,,,,
2020-12-15,return,1,0.0013972796421227,0.0013972796421227,2.703554652227787e-05,2.703554652227787e-05,2.703554652227787e-05,2.703554652227787e-05,,,,,,,,
2020-12-16,return,1,0.0067941160948865,0.0067941160948865,2.703554652227787e-05,2.703554652227787e-05,2.703554652227787e-05,2.703554652227787e-05,,,,,,,,
2020-12-17,return,1,-0.0017963587748829,-0.0017963587748829,2.703554652227787e-05,2.703554652227787e-05,2.703554652227787e-05,2.703554652227787e-05,,,,,,,,
2020-12-18,return,1,-0.0004904765895759,-0.0004904765895759,2.703554652227787e-05,2.703554652227787e-05,2.703554652227787e-05,2.703554652227787e-05,,,,,,,,
2020-12-21,return,1,-0.0047537176643563,-0.0047537176643563,2.703554652227787e-05,2.703554652227787e-05,2.703554652227787e-05,2.703554652227787e-05,,,,,,,,
2020-12-22,return,1,0.0018057954508997,0.0018057954508997,2.703554652227787e-05,2.703554652227787e-05,2.703554652227787e-05,2.703554652227787e-05,,,,,,,,
2020-12-23,return,1,0.0015569307033271,0.0015569307033271,2.703554652227787e-05,2.703554652227787e-05,2.703554652227787e-05,2.703554652227787e-05,,,,,,,,
2020-12-28,return,1,0.0031882307815773,0.0031882307815773,2.703554652227787e-05,2.703554652227787e-05,2.703554652227787e-05,2.703554652227787e-05,,,,,,,,
2020-12-29,return,1,0.0022827337484675,0.0022827337484675,2.703554652227787e-05,2.703554652227787e-05,2.703554652227787e-05,2.703554652227787e-05,,,,,,,,
2020-12-30,return,1,-0.0040799730199153,-0.0040799730199153,2.703554652227787e-05,2.703554652227787e-05,2.703554652227787e-05,2.703554652227787e-05,,,,,,,,
2020-12-31,return,1,0.0019604646043818,0.0019604646043818,2.703554652227787e-05,2.703554652227787e-05,2.703554652227787e-05,2.703554652227787e-05,,,,,,,,
2021-01-04,return,1,0.003340261364693,0.003340261364693,2.703554652227787e-05,2.703554652227787e-05,2.703554652227787e-05,2.703554652227787e-05,,,,,,,,
2021-01-05,return,1,-0.0004067520902123,-0.0004067520902123,2.703554652227787e-05,2.703554652227787e-05,2.703554652227787e-05,2.703554652227787e-05,,,,,,,,
2021-01-06,return,1,-0.0020362458674909,-0.0020362458674909,2.703554652227787e-05,2.703554652227787e-05,2.703554652227787e-05,2.703554652227787e-05,,,,,,,,
2020-04-03,return,5,0.0100447787388663,0.0100447787388663,0.0002469055928369521,0.0002469055928369521,0.0002469055928369521,0.0002469055928369521,,,,,,,,
2020-04-06,return,5,0.014968827177456,0.014968827177456,0.0002469055928369521,0.0002469055928369521,0.0002469055928369521,0.0002469055928369521,,,,,,,,
2020-04-07,return,5,0.0021105766036114,0.0021105766036114,0.0002469055928369521,0.0002469055928369521,0.0002469055928369521,0.0002469055928369521,,,,,,,,
2020-04-08,return,5,-0.002211574804840101,-0.002211574804840101,0.0002469055928369521,0.0002469055928369521,0.0002469055928369521,0.0002469055928369521,,,,,,,,
2020-04-09,return,5,-0.004400850597773702,-0.004400850597773702,0.0002469055928369521,0.0002469055928369521,0.0002469055928369521,0.0002469055928369521,,,,,,,,
2020-04-13,return,5,-0.002938477780140901,-0.002938477780140901,0.0002469055928369521,0.0002469055928369521,0.0002469055928369521,0.0002469055928369521,,,,,,,,
2020-04-14,return,5,-0.0107217521941406,-0.0107217521941406,0.0002469055928369521,0.0002469055928369521,0.0002469055928369521,0.0002469055928369521,,,,,,,,
2020-04-15,return,5,-0.0073604159693771,-0.0073604159693771,0.0002469055928369521,0.0002469055928369521,0.0002469055928369521,0.0002469055928369521,,,,,,,,
2020-04-16,return,5,-0.0023089366064780003,-0.0023089366064780003,0.0002469055928369521,0.0002469055928369521,0.0002469055928369521,0.0002469055928369521,,,,,,,,
2020-04-17,return,5,-0.007841006917829001,-0.007841006917829001,0.0002469055928369521,0.0002469055928369521,0.0002469055928369521,0.0002469055928369521,,,,,,,,
2020-04-20,return,5,-0.004146898077486301,-0.004146898077486301,0.0002469055928369521,0.0002469055928369521,0.0002469055928369521,0.0002469055928369521,,,,,,,,
2020-04-21,return,5,-0.0016597514183643,-0.0016597514183643,0.0002469055928369521,0.0002469055928369521,0.0002469055928369521,0.0002469055928369521,,,,,,,,
2020-04-22,return,5,0.0022138188176354994,0.0022138188176354994,0.0002469055928369521,0.0002469055928369521,0.0002469055928369521,0.0002469055928369521,,,,,,,,
2020-04-23,return,5,0.010943141067785399,0.010943141067785399,0.0002469055928369521,0.0002469055928369521,0.0002469055928369521,0.0002469055928369521,,,,,,,,
2020-04-24,return,5,0.0183525062895275,0.0183525062895275,0.0002469055928369521,0.0002469055928369521,0.0002469055928369521,0.0002469055928369521,,,,,,,,
2020-04-27,return,5,0.007543734026719101,0.007543734026719101,0.0002469055928369521,0.0002469055928369521,0.0002469055928369521,0.0002469055928369521,,,,,,,,
2020-04-28,return,5,0.000738007413570399,0.000738007413570399,0.0002469055928369521,0.0002469055928369521,0.0002469055928369521,0.0002469055928369521,,,,,,,,
2020-04-29,return,5,-0.0043400040420037995,-0.0043400040420037995,0.0002469055928369521,0.0002469055928369521,0.0002469055928369521,0.0002469055928369521,,,,,,,,
2020-04-30,return,5,-0.0109431410677855,-0.0109431410677855,0.0002469055928369521,0.0002469055928369521,0.0002469055928369521,0.0002469055928369521,,,,,,,,
2020-05-01,return,5,-0.013179762444409996,-0.013179762444409996,0.0002469055928369521,0.0002469055928369521,0.0002469055928369521,0.0002469055928369521,,,,,,,,
2020-05-04,return,5,-0.0085600412237263,-0.0085600412237263,0.0002469055928369521,0.0002469055928369521,0.0002469055928369521,0.0002469055928369521,,,,,,,,
2020-05-05,return,5,0.0018426391799211995,0.0018426391799211995,0.0002469055928369521,0.0002469055928369521,0.0002469055928369521,0.0002469055928369521,,,,,,,,
2020-05-06,return,5,0.0028646695189842,0.0028646695189842,0.0002469055928369521,0.0002469055928369521,0.0002469055928369521,0.0002469055928369521,,,,,,,,
2020-05-07,return,5,-0.0013879252748477998,-0.0013879252748477998,0.0002469055928369521,0.0002469055928369521,0.0002469055928369521,0.0002469055928369521,,,,,,,,
2020-05-08,return,5,-0.0035071563406047996,-0.0035071563406047996,0.0002469055928369521,0.0002469055928369521,0.0002469055928369521,0.0002469055928369521,,,,,,,,
2020-05-11,return,5,0.0079182809449962,0.0079182809449962,0.0002469055928369521,0.0002469055928369521,0.0002469055928369521,0.0002469055928369521,,,,,,,,
2020-05-12,return,5,0.006696965536748301,0.006696965536748301,0.0002469055928369521,0.0002469055928369521,0.0002469055928369521,0.0002469055928369521,,,,,,,,
2020-05-13,return,5,0.013109231140526301,0.013109231140526301,0.0002469055928369521,0.0002469055928369521,0.0002469055928369521,0.0002469055928369521,,,,,,,,
2020-05-14,return,5,0.014067257211435202,0.014067257211435202,0.0002469055928369521,0.0002469055928369521,0.0002469055928369521,0.0002469055928369521,,,,,,,,
2020-05-15,return,5,0.0071856596608745014,0.0071856596608745014,0.0002469055928369521,0.0002469055928369521,0.0002469055928369521,0.0002469055928369521,,,,,,,,
2020-05-18,return,5,0.006034579892907401,0.006034579892907401,0.0002469055928369521,0.0002469055928369521,0.0002469055928369521,0.0002469055928369521,,,,,,,,
2020-05-19,return,5,0.002921576076108507,0.002921576076108507,0.0002469055928369521,0.0002469055928369521,0.0002469055928369521,0.0002469055928369521,,,,,,,,
2020-05-20,return,5,0.008072972322102308,0.008072972322102308,0.0002469055928369521,0.0002469055928369521,0.0002469055928369521,0.0002469055928369521,,,,,,,,
2020-05-21,return,5,0.013962148843373507,0.013962148843373507,0.0002469055928369521,0.0002469055928369521,0.0002469055928369521,0.0002469055928369521,,,,,,,,
2020-05-22,return,5,0.020802857648409508,0.020802857648409508,0.0002469055928369521,0.0002469055928369521,0.0002469055928369521,0.0002469055928369521,,,,,,,,
2020-05-26,return,5,0.017709172601029707,0.017709172601029707,0.0002469055928369521,0.0002469055928369521,0.0002469055928369521,0.0002469055928369521,,,,,,,,
2020-05-27,return,5,0.0249393974408127,0.0249393974408127,0.0002469055928369521,0.0002469055928369521,0.0002469055928369521,0.0002469055928369521,,,,,,,,
2020-05-28,return,5,0.0225993272109811,0.0225993272109811,0.0002469055928369521,0.0002469055928369521,0.0002469055928369521,0.0002469055928369521,,,,,,,,
2020-05-29,return,5,0.0169616635598086,0.0169616635598086,0.0002469055928369521,0.0002469055928369521,0.0002469055928369521,0.0002469055928369521,,,,,,,,
2020-06-01,return,5,0.0151680281316409,0.0151680281316409,0.0002469055928369521,0.0002469055928369521,0.0002469055928369521,0.0002469055928369521,,,,,,,,
2020-06-02,return,5,0.0161680700584362,0.0161680700584362,0.0002469055928369521,0.0002469055928369521,0.0002469055928369521,0.0002469055928369521,,,,,,,,
2020-06-03,return,5,0.0096456656875118,0.0096456656875118,0.0002469055928369521,0.0002469055928369521,0.0002469055928369521,0.0002469055928369521,,,,,,,,
2020-06-04,return,5,0.0049339307139874,0.0049339307139874,0.0002469055928369521,0.0002469055928369521,0.0002469055928369521,0.0002469055928369521,,,,,,,,
2020-06-05,return,5,-0.0039024439769317007,-0.0039024439769317007,0.0002469055928369521,0.0002469055928369521,0.0002469055928369521,0.0002469055928369521,,,,,,,,
2020-06-08,return,5,-0.0020387366898484004,-0.0020387366898484004,0.0002469055928369521,0.0002469055928369521,0.0002469055928369521,0.0002469055928369521,,,,,,,,
2020-06-09,return,5,-0.007873708125611598,-0.007873708125611598,0.0002469055928369521,0.0002469055928369521,0.0002469055928369521,0.0002469055928369521,,,,,,,,
2020-06-10,return,5,-0.012049405994694198,-0.012049405994694198,0.0002469055928369521,0.0002469055928369521,0.0002469055928369521,0.0002469055928369521,,,,,,,,
2020-06-11,return,5,-0.014340336036221299,-0.014340336036221299,0.0002469055928369521,0.0002469055928369521,0.0002469055928369521,0.0002469055928369521,,,,,,,,
2020-06-12,return,5,-0.0057036069422757,-0.0057036069422757,0.0002469055928369521,0.0002469055928369521,0.0002469055928369521,0.0002469055928369521,,,,,,,,
2020-06-15,return,5,-0.000887705340140499,-0.000887705340140499,0.0002469055928369521,0.0002469055928369521,0.0002469055928369521,0.0002469055928369521,,,,,,,,
2020-06-16,return,5,0.005579926793475,0.005579926793475,0.0002469055928369521,0.0002469055928369521,0.0002469055928369521,0.0002469055928369521,,,,,,,,
2020-06-17,return,5,0.0047130050335517,0.0047130050335517,0.0002469055928369521,0.0002469055928369521,0.0002469055928369521,0.0002469055928369521,,,,,,,,
2020-06-18,return,5,0.0004456923904953003,0.0004456923904953003,0.0002469055928369521,0.0002469055928369521,0.0002469055928369521,0.0002469055928369521,,,,,,,,
2020-06-19,return,5,0.0023210151465876995,0.0023210151465876995,0.0002469055928369521,0.0002469055928369521,0.0002469055928369521,0.0002469055928369521,,,,,,,,
2020-06-22,return,5,-0.0020447177857788002,-0.0020447177857788002,0.0002469055928369521,0.0002469055928369521,0.0002469055928369521,0.0002469055928369521,,,,,,,,
2020-06-23,return,5,-0.0075358306887028,-0.0075358306887028,0.0002469055928369521,0.0002469055928369521,0.0002469055928369521,0.0002469055928369521,,,,,,,,
2020-06-24,return,5,-0.0011539657753856002,-0.0011539657753856002,0.0002469055928369521,0.0002469055928369521,0.0002469055928369521,0.0002469055928369521,,,,,,,,
2020-06-25,return,5,0.0014248822430359999,0.0014248822430359999,0.0002469055928369521,0.0002469055928369521,0.0002469055928369521,0.0002469055928369521,,,,,,,,
2020-06-26,return,5,0.008169834980936399,0.008169834980936399,0.0002469055928369521,0.0002469055928369521,0.0002469055928369521,0.0002469055928369521,,,,,,,,
2020-06-29,return,5,0.0055023213013439,0.0055023213013439,0.0002469055928369521,0.0002469055928369521,0.0002469055928369521,0.0002469055928369521,,,,,,,,
2020-06-30,return,5,0.0081539049655863,0.0081539049655863,0.0002469055928369521,0.0002469055928369521,0.0002469055928369521,0.0002469055928369521,,,,,,,,
2020-07-01,return,5,0.003457910082077,0.003457910082077,0.0002469055928369521,0.0002469055928369521,0.0002469055928369521,0.0002469055928369521,,,,,,,,
2020-07-02,return,5,0.0071824737945667995,0.0071824737945667995,0.0002469055928369521,0.0002469055928369521,0.0002469055928369521,0.0002469055928369521,,,,,,,,
2020-07-06,return,5,0.0050284610388334995,0.0050284610388334995,0.0002469055928369521,0.0002469055928369521,0.0002469055928369521,0.0002469055928369521,,,,,,,,
2020-07-07,return,5,0.009425306507237899,0.009425306507237899,0.0002469055928369521,0.0002469055928369521,0.0002469055928369521,0.0002469055928369521,,,,,,,,
2020-07-08,return,5,0.0067737228429955,0.0067737228429955,0.0002469055928369521,0.0002469055928369521,0.0002469055928369521,0.0002469055928369521,,,,,,,,
2020-07-09,return,5,0.0118781916567623,0.0118781916567623,0.0002469055928369521,0.0002469055928369521,0.0002469055928369521,0.0002469055928369521,,,,,,,,
2020-07-10,return,5,0.010546766772792098,0.010546766772792098,0.0002469055928369521,0.0002469055928369521,0.0002469055928369521,0.0002469055928369521,,,,,,,,
2020-07-13,return,5,0.006840331854395301,0.006840331854395301,0.0002469055928369521,0.0002469055928369521,0.0002469055928369521,0.0002469055928369521,,,,,,,,
2020-07-14,return,5,0.0077726254807975,0.0077726254807975,0.0002469055928369521,0.0002469055928369521,0.0002469055928369521,0.0002469055928369521,,,,,,,,
2020-07-15,return,5,0.0157442472805779,0.0157442472805779,0.0002469055928369521,0.0002469055928369521,0.0002469055928369521,0.0002469055928369521,,,,,,,,
2020-07-16,return,5,0.0164819831017379,0.0164819831017379,0.0002469055928369521,0.0002469055928369521,0.0002469055928369521,0.0002469055928369521,,,,,,,,
2020-07-17,return,5,0.0170766512611304,0.0170766512611304,0.0002469055928369521,0.0002469055928369521,0.0002469055928369521,0.0002469055928369521,,,,,,,,
2020-07-20,return,5,0.0265624447438306,0.0265624447438306,0.0002469055928369521,0.0002469055928369521,0.0002469055928369521,0.0002469055928369521,,,,,,,,
2020-07-21,return,5,0.020493226226341702,0.020493226226341702,0.0002469055928369521,0.0002469055928369521,0.0002469055928369521,0.0002469055928369521,,,,,,,,
2020-07-22,return,5,0.0156701412572599,0.0156701412572599,0.0002469055928369521,0.0002469055928369521,0.0002469055928369521,0.0002469055928369521,,,,,,,,
2020-07-23,return,5,0.014350634932965201,0.014350634932965201,0.0002469055928369521,0.0002469055928369521,0.0002469055928369521,0.0002469055928369521,,,,,,,,
2020-07-24,return,5,0.015944405647922502,0.015944405647922502,0.0002469055928369521,0.0002469055928369521,0.0002469055928369521,0.0002469055928369521,,,,,,,,
2020-07-27,return,5,0.0,0.0,0.0002469055928369521,0.0002469055928369521,0.0002469055928369521,0.0002469055928369521,,,,,,,,
2020-07-28,return,5,0.0028086320007774,0.0028086320007774,0.0002469055928369521,0.0002469055928369521,0.0002469055928369521,0.0002469055928369521,,,,,,,,
2020-07-29,return,5,0.0108163974935284,0.0108163974935284,0.0002469055928369521,0.0002469055928369521,0.0002469055928369521,0.0002469055928369521,,,,,,,,
2020-07-30,return,5,0.0054975399591947,0.0054975399591947,0.0002469055928369521,0.0002469055928369521,0.0002469055928369521,0.0002469055928369521,,,,,,,,
2020-07-31,return,5,-0.0038986404156571993,-0.0038986404156571993,0.0002469055928369521,0.0002469055928369521,0.0002469055928369521,0.0002469055928369521,,,,,,,,
2020-08-03,return,5,0.0005105079665029008,0.0005105079665029008,0.0002469055928369521,0.0002469055928369521,0.0002469055928369521,0.0002469055928369521,,,,,,,,
2020-08-04,return,5,-0.00016999575051579994,-0.00016999575051579994,0.0002469055928369521,0.0002469055928369521,0.0002469055928369521,0.0002469055928369521,,,,,,,,
2020-08-05,return,5,-0.008609827812684098,-0.008609827812684098,0.0002469055928369521,0.0002469055928369521,0.0002469055928369521,0.0002469055928369521,,,,,,,,
2020-08-06,return,5,-0.0032102756302482996,-0.0032102756302482996,0.0002469055928369521,0.0002469055928369521,0.0002469055928369521,0.0002469055928369521,,,,,,,,
2020-08-07,return,5,0.0048286764159013,0.0048286764159013,0.0002469055928369521,0.0002469055928369521,0.0002469055928369521,0.0002469055928369521,,,,,,,,
2020-08-10,return,5,0.009566210517697099,0.009566210517697099,0.0002469055928369521,0.0002469055928369521,0.0002469055928369521,0.0002469055928369521,,,,,,,,
2020-08-11,return,5,0.013844556770688698,0.013844556770688698,0.0002469055928369521,0.0002469055928369521,0.0002469055928369521,0.0002469055928369521,,,,,,,,
2020-08-12,return,5,0.008609827812684,0.008609827812684,0.0002469055928369521,0.0002469055928369521,0.0002469055928369521,0.0002469055928369521,,,,,,,,
2020-08-13,return,5,0.0037162204930518998,0.0037162204930518998,0.0002469055928369521,0.0002469055928369521,0.0002469055928369521,0.0002469055928369521,,,,,,,,
2020-08-14,return,5,-0.0049135984999404,-0.0049135984999404,0.0002469055928369521,0.0002469055928369521,0.0002469055928369521,0.0002469055928369521,,,,,,,,
2020-08-17,return,5,-0.005576222627436301,-0.005576222627436301,0.0002469055928369521,0.0002469055928369521,0.0002469055928369521,0.0002469055928369521,,,,,,,,
2020-08-18,return,5,-0.0092647845389545,-0.0092647845389545,0.0002469055928369521,0.0002469055928369521,0.0002469055928369521,0.0002469055928369521,,,,,,,,
2020-08-19,return,5,-0.007169698799331,-0.007169698799331,0.0002469055928369521,0.0002469055928369521,0.0002469055928369521,0.0002469055928369521,,,,,,,,
2020-08-20,return,5,-0.003208649210689,-0.003208649210689,0.0002469055928369521,0.0002469055928369521,0.0002469055928369521,0.0002469055928369521,,,,,,,,
2020-08-21,return,5,0.0106437902978211,0.0106437902978211,0.0002469055928369521,0.0002469055928369521,0.0002469055928369521,0.0002469055928369521,,,,,,,,
2020-08-24,return,5,0.012377541930587599,0.012377541930587599,0.0002469055928369521,0.0002469055928369521,0.0002469055928369521,0.0002469055928369521,,,,,,,,
2020-08-25,return,5,0.011023799944133914,0.011023799944133914,0.0002469055928369521,0.0002469055928369521,0.0002469055928369521,0.0002469055928369521,,,,,,,,
2020-08-26,return,5,0.002283009489476512,0.002283009489476512,0.0002469055928369521,0.0002469055928369521,0.0002469055928369521,0.0002469055928369521,,,,,,,,
2020-08-27,return,5,0.0006763612026528123,0.0006763612026528123,0.0002469055928369521,0.0002469055928369521,0.0002469055928369521,0.0002469055928369521,,,,,,,,
2020-08-28,return,5,-0.006829418222350487,-0.006829418222350487,0.0002469055928369521,0.0002469055928369521,0.0002469055928369521,0.0002469055928369521,,,,,,,,
2020-08-31,return,5,-0.013564385067528988,-0.013564385067528988,0.0002469055928369521,0.0002469055928369521,0.0002469055928369521,0.0002469055928369521,,,,,,,,
2020-09-01,return,5,-0.011700962658345701,-0.011700962658345701,0.0002469055928369521,0.0002469055928369521,0.0002469055928369521,0.0002469055928369521,,,,,,,,
2020-09-02,return,5,0.0033726844786394,0.0033726844786394,0.0002469055928369521,0.0002469055928369521,0.0002469055928369521,0.0002469055928369521,,,,,,,,
2020-09-03,return,5,-8.452013697279968e-05,-8.452013697279968e-05,0.0002469055928369521,0.0002469055928369521,0.0002469055928369521,0.0002469055928369521,,,,,,,,
2020-09-04,return,5,0.0045581238705315,0.0045581238705315,0.0002469055928369521,0.0002469055928369521,0.0002469055928369521,0.0002469055928369521,,,,,,,,
2020-09-08,return,5,0.004823364544783,0.004823364544783,0.0002469055928369521,0.0002469055928369521,0.0002469055928369521,0.0002469055928369521,,,,,,,,
2020-09-09,return,5,0.0021146127566763003,0.0021146127566763003,0.0002469055928369521,0.0002469055928369521,0.0002469055928369521,0.0002469055928369521,,,,,,,,
2020-09-10,return,5,-0.0048095270535225,-0.0048095270535225,0.0002469055928369521,0.0002469055928369521,0.0002469055928369521,0.0002469055928369521,,,,,,,,
2020-09-11,return,5,0.0021952052044077,0.0021952052044077,0.0002469055928369521,0.0002469055928369521,0.0002469055928369521,0.0002469055928369521,,,,,,,,
2020-09-14,return,5,-0.0116048907304967,-0.0116048907304967,0.0002469055928369521,0.0002469055928369521,0.0002469055928369521,0.0002469055928369521,,,,,,,,
2020-09-15,return,5,-0.0121450386621443,-0.0121450386621443,0.0002469055928369521,0.0002469055928369521,0.0002469055928369521,0.0002469055928369521,,,,,,,,
2020-09-16,return,5,-0.0134401478723693,-0.0134401478723693,0.0002469055928369521,0.0002469055928369521,0.0002469055928369521,0.0002469055928369521,,,,,,,,
2020-09-17,return,5,-0.0133681585495301,-0.0133681585495301,0.0002469055928369521,0.0002469055928369521,0.0002469055928369521,0.0002469055928369521,,,,,,,,
2020-09-18,return,5,-0.020362790905592502,-0.020362790905592502,0.0002469055928369521,0.0002469055928369521,0.0002469055928369521,0.0002469055928369521,,,,,,,,
2020-09-21,return,5,-0.006582064195640399,-0.006582064195640399,0.0002469055928369521,0.0002469055928369521,0.0002469055928369521,0.0002469055928369521,,,,,,,,
2020-09-22,return,5,0.0011955594933895,0.0011955594933895,0.0002469055928369521,0.0002469055928369521,0.0002469055928369521,0.0002469055928369521,,,,,,,,
2020-09-23,return,5,0.003931628996113301,0.003931628996113301,0.0002469055928369521,0.0002469055928369521,0.0002469055928369521,0.0002469055928369521,,,,,,,,
2020-09-24,return,5,0.007344810540130101,0.007344810540130101,0.0002469055928369521,0.0002469055928369521,0.0002469055928369521,0.0002469055928369521,,,,,,,,
2020-09-25,return,5,0.007545911298688399,0.007545911298688399,0.0002469055928369521,0.0002469055928369521,0.0002469055928369521,0.0002469055928369521,,,,,,,,
2020-09-28,return,5,0.0105784982379827,0.0105784982379827,0.0002469055928369521,0.0002469055928369521,0.0002469055928369521,0.0002469055928369521,,,,,,,,
2020-09-29,return,5,0.0051926058363605,0.0051926058363605,0.0002469055928369521,0.0002469055928369521,0.0002469055928369521,0.0002469055928369521,,,,,,,,
2020-09-30,return,5,0.0036612923525733,0.0036612923525733,0.0002469055928369521,0.0002469055928369521,0.0002469055928369521,0.0002469055928369521,,,,,,,,
2020-10-01,return,5,8.508827914109943e-05,8.508827914109943e-05,0.0002469055928369521,0.0002469055928369521,0.0002469055928369521,0.0002469055928369521,,,,,,,,
2020-10-02,return,5,0.009606875161074401,0.009606875161074401,0.0002469055928369521,0.0002469055928369521,0.0002469055928369521,0.0002469055928369521,,,,,,,,
2020-10-05,return,5,-0.003996434042342001,-0.003996434042342001,0.0002469055928369521,0.0002469055928369521,0.0002469055928369521,0.0002469055928369521,,,,,,,,
2020-10-06,return,5,-0.001954702530346001,-0.001954702530346001,0.0002469055928369521,0.0002469055928369521,0.0002469055928369521,0.0002469055928369521,,,,,,,,
2020-10-07,return,5,-0.005539708205443401,-0.005539708205443401,0.0002469055928369521,0.0002469055928369521,0.0002469055928369521,0.0002469055928369521,,,,,,,,
2020-10-08,return,5,-0.0030677484646986003,-0.0030677484646986003,0.0002469055928369521,0.0002469055928369521,0.0002469055928369521,0.0002469055928369521,,,,,,,,
2020-10-09,return,5,-0.002626341154655201,-0.002626341154655201,0.0002469055928369521,0.0002469055928369521,0.0002469055928369521,0.0002469055928369521,,,,,,,,
2020-10-13,return,5,0.0073851190878589,0.0073851190878589,0.0002469055928369521,0.0002469055928369521,0.0002469055928369521,0.0002469055928369521,,,,,,,,
2020-10-14,return,5,0.0097355266295437,0.0097355266295437,0.0002469055928369521,0.0002469055928369521,0.0002469055928369521,0.0002469055928369521,,,,,,,,
2020-10-15,return,5,0.0104570559690249,0.0104570559690249,0.0002469055928369521,0.0002469055928369521,0.0002469055928369521,0.0002469055928369521,,,,,,,,
2020-10-16,return,5,0.010780631553326099,0.010780631553326099,0.0002469055928369521,0.0002469055928369521,0.0002469055928369521,0.0002469055928369521,,,,,,,,
2020-10-19,return,5,0.0023724803536302,0.0023724803536302,0.0002469055928369521,0.0002469055928369521,0.0002469055928369521,0.0002469055928369521,,,,,,,,
2020-10-20,return,5,0.0008453800486562999,0.0008453800486562999,0.0002469055928369521,0.0002469055928369521,0.0002469055928369521,0.0002469055928369521,,,,,,,,
2020-10-21,return,5,-0.010075865269772801,-0.010075865269772801,0.0002469055928369521,0.0002469055928369521,0.0002469055928369521,0.0002469055928369521,,,,,,,,
2020-10-22,return,5,-0.0141387245824879,-0.0141387245824879,0.0002469055928369521,0.0002469055928369521,0.0002469055928369521,0.0002469055928369521,,,,,,,,
2020-10-23,return,5,-0.016772774118829797,-0.016772774118829797,0.0002469055928369521,0.0002469055928369521,0.0002469055928369521,0.0002469055928369521,,,,,,,,
2020-10-26,return,5,-0.015522699740508798,-0.015522699740508798,0.0002469055928369521,0.0002469055928369521,0.0002469055928369521,0.0002469055928369521,,,,,,,,
2020-10-27,return,5,-0.0093387214058561,-0.0093387214058561,0.0002469055928369521,0.0002469055928369521,0.0002469055928369521,0.0002469055928369521,,,,,,,,
2020-10-28,return,5,-0.0017886806864197981,-0.0017886806864197981,0.0002469055928369521,0.0002469055928369521,0.0002469055928369521,0.0002469055928369521,,,,,,,,
2020-10-29,return,5,0.0128693129957865,0.0128693129957865,0.0002469055928369521,0.0002469055928369521,0.0002469055928369521,0.0002469055928369521,,,,,,,,
2020-10-30,return,5,0.0203126008239539,0.0203126008239539,0.0002469055928369521,0.0002469055928369521,0.0002469055928369521,0.0002469055928369521,,,,,,,,
2020-11-02,return,5,0.015099455141140299,0.015099455141140299,0.0002469055928369521,0.0002469055928369521,0.0002469055928369521,0.0002469055928369521,,,,,,,,
2020-11-03,return,5,0.007308607360624779,0.007308607360624779,0.0002469055928369521,0.0002469055928369521,0.0002469055928369521,0.0002469055928369521,,,,,,,,
2020-11-04,return,5,0.0071356062196592795,0.0071356062196592795,0.0002469055928369521,0.0002469055928369521,0.0002469055928369521,0.0002469055928369521,,,,,,,,
2020-11-05,return,5,0.0012694115867011792,0.0012694115867011792,0.0002469055928369521,0.0002469055928369521,0.0002469055928369521,0.0002469055928369521,,,,,,,,
2020-11-06,return,5,-0.0035398267051243203,-0.0035398267051243203,0.0002469055928369521,0.0002469055928369521,0.0002469055928369521,0.0002469055928369521,,,,,,,,
2020-11-09,return,5,0.00430871278682438,0.00430871278682438,0.0002469055928369521,0.0002469055928369521,0.0002469055928369521,0.0002469055928369521,,,,,,,,
2020-11-10,return,5,0.0049833288650970005,0.0049833288650970005,0.0002469055928369521,0.0002469055928369521,0.0002469055928369521,0.0002469055928369521,,,,,,,,
2020-11-12,return,5,0.0024517068543143004,0.0024517068543143004,0.0002469055928369521,0.0002469055928369521,0.0002469055928369521,0.0002469055928369521,,,,,,,,
2020-11-13,return,5,0.0027870462700874997,0.0027870462700874997,0.0002469055928369521,0.0002469055928369521,0.0002469055928369521,0.0002469055928369521,,,,,,,,
2020-11-16,return,5,-0.0015209128407065004,-0.0015209128407065004,0.0002469055928369521,0.0002469055928369521,0.0002469055928369521,0.0002469055928369521,,,,,,,,
2020-11-17,return,5,0.0010111224319489,0.0010111224319489,0.0002469055928369521,0.0002469055928369521,0.0002469055928369521,0.0002469055928369521,,,,,,,,
2020-11-18,return,5,0.0032804840791617997,0.0032804840791617997,0.0002469055928369521,0.0002469055928369521,0.0002469055928369521,0.0002469055928369521,,,,,,,,
2020-11-19,return,5,0.0088269246145054,0.0088269246145054,0.0002469055928369521,0.0002469055928369521,0.0002469055928369521,0.0002469055928369521,,,,,,,,
2020-11-20,return,5,0.0152329694769558,0.0152329694769558,0.0002469055928369521,0.0002469055928369521,0.0002469055928369521,0.0002469055928369521,,,,,,,,
2020-11-23,return,5,0.0223262754045001,0.0223262754045001,0.0002469055928369521,0.0002469055928369521,0.0002469055928369521,0.0002469055928369521,,,,,,,,
2020-11-24,return,5,0.023142629444988,0.023142629444988,0.0002469055928369521,0.0002469055928369521,0.0002469055928369521,0.0002469055928369521,,,,,,,,
2020-11-25,return,5,0.0194600735547122,0.0194600735547122,0.0002469055928369521,0.0002469055928369521,0.0002469055928369521,0.0002469055928369521,,,,,,,,
2020-11-30,return,5,0.0157771270598,0.0157771270598,0.0002469055928369521,0.0002469055928369521,0.0002469055928369521,0.0002469055928369521,,,,,,,,
2020-12-01,return,5,0.005962750586024301,0.005962750586024301,0.0002469055928369521,0.0002469055928369521,0.0002469055928369521,0.0002469055928369521,,,,,,,,
2020-12-02,return,5,-0.0010755802964694003,-0.0010755802964694003,0.0002469055928369521,0.0002469055928369521,0.0002469055928369521,0.0002469055928369521,,,,,,,,
2020-12-03,return,5,-0.0028018147706742997,-0.0028018147706742997,0.0002469055928369521,0.0002469055928369521,0.0002469055928369521,0.0002469055928369521,,,,,,,,
2020-12-04,return,5,-0.002473820013149,-0.002473820013149,0.0002469055928369521,0.0002469055928369521,0.0002469055928369521,0.0002469055928369521,,,,,,,,
2020-12-07,return,5,0.0005765350404725003,0.0005765350404725003,0.0002469055928369521,0.0002469055928369521,0.0002469055928369521,0.0002469055928369521,,,,,,,,
2020-12-08,return,5,0.0038732587876172996,0.0038732587876172996,0.0002469055928369521,0.0002469055928369521,0.0002469055928369521,0.0002469055928369521,,,,,,,,
2020-12-09,return,5,0.007833476461984599,0.007833476461984599,0.0002469055928369521,0.0002469055928369521,0.0002469055928369521,0.0002469055928369521,,,,,,,,
2020-12-10,return,5,0.0114868345407427,0.0114868345407427,0.0002469055928369521,0.0002469055928369521,0.0002469055928369521,0.0002469055928369521,,,,,,,,
2020-12-11,return,5,0.010185729593564,0.010185729593564,0.0002469055928369521,0.0002469055928369521,0.0002469055928369521,0.0002469055928369521,,,,,,,,
2020-12-14,return,5,0.006974387244945399,0.006974387244945399,0.0002469055928369521,0.0002469055928369521,0.0002469055928369521,0.0002469055928369521,,,,,,,,
2020-12-15,return,5,0.0011508427081940997,0.0011508427081940997,0.0002469055928369521,0.0002469055928369521,0.0002469055928369521,0.0002469055928369521,,,,,,,,
2020-12-16,return,5,0.0015593585169710997,0.0015593585169710997,0.0002469055928369521,0.0002469055928369521,0.0002469055928369521,0.0002469055928369521,,,,,,,,
2020-12-17,return,5,-0.0036778268745882997,-0.0036778268745882997,0.0002469055928369521,0.0002469055928369521,0.0002469055928369521,0.0002469055928369521,,,,,,,,
2020-12-18,return,5,0.0013067626818718998,0.0013067626818718998,0.0002469055928369521,0.0002469055928369521,0.0002469055928369521,0.0002469055928369521,,,,,,,,
2020-12-21,return,5,0.0040799730199153,0.0040799730199153,0.0002469055928369521,0.0002469055928369521,0.0002469055928369521,0.0002469055928369521,,,,,,,,
2020-12-22,return,5,0.004753717664356299,0.004753717664356299,0.0002469055928369521,0.0002469055928369521,0.0002469055928369521,0.0002469055928369521,,,,,,,,
2020-12-23,return,5,0.0049083868178384,0.0049083868178384,0.0002469055928369521,0.0002469055928369521,0.0002469055928369521,0.0002469055928369521,,,,,,,,
2020-12-28,return,5,0.006691717479204299,0.006691717479204299,0.0002469055928369521,0.0002469055928369521,0.0002469055928369521,0.0002469055928369521,,,,,,,,
2020-12-29,return,5,0.0030967346074147,0.0030967346074147,0.0002469055928369521,0.0002469055928369521,0.0002469055928369521,0.0002469055928369521,,,,,,,,
2020-12-30,return,5,-0.0012222450085437003,-0.0012222450085437003,0.0002469055928369521,0.0002469055928369521,0.0002469055928369521,0.0002469055928369521,,,,,,,,
2020-12-31,return,5,0.0017972392714479001,0.0017972392714479001,0.0002469055928369521,0.0002469055928369521,0.0002469055928369521,0.0002469055928369521,,,,,,,,
2020-03-30,return,10,-0.004274871215170801,-0.004274871215170801,0.0002692839958115267,-0.0018012664947693942,-0.0018012664947693942,-0.0018012664947693942,,,,,,,,
2020-03-31,return,10,-0.009760624810733901,-0.009760624810733901,0.0002692839958115267,-0.001804810779139406,-0.001804810779139406,-0.001804810779139406,,,,,,,,
2020-04-01,return,10,-0.0086342044613072,-0.0086342044613072,0.0002692839958115267,-0.001905822883684752,-0.001905822883684752,-0.001905822883684752,,,,,,,,
2020-04-02,return,10,0.0019314791012709992,0.0019314791012709992,0.0002692839958115267,-0.0017751273975405546,-0.0017751273975405546,-0.0017751273975405546,,,,,,,,
2020-04-03,return,10,0.007106300958725401,0.007106300958725401,0.0002692839958115267,-0.001976265535538743,-0.001976265535538743,-0.001976265535538743,,,,,,,,
2020-04-06,return,10,0.0042470749833154,0.0042470749833154,0.0002692839958115267,-0.0016014574634099594,-0.0016014574634099594,-0.0016014574634099594,,,,,,,,
2020-04-07,return,10,-0.0052498393657657,-0.0052498393657657,0.0002692839958115267,-0.001444622880036922,-0.001444622880036922,-0.001444622880036922,,,,,,,,
2020-04-08,return,10,-0.004520511411318101,-0.004520511411318101,0.0002692839958115267,-0.0016005713923174566,-0.0016005713923174566,-0.0016005713923174566,,,,,,,,
2020-04-09,return,10,-0.012241857515602701,-0.012241857515602701,0.0002692839958115267,-0.0013281045313727727,-0.0013281045313727727,-0.0013281045313727727,,,,,,,,
2020-04-13,return,10,-0.007085375857627203,-0.007085375857627203,0.0002692839958115267,-0.0011460169218633991,-0.0011460169218633991,-0.0011460169218633991,,,,,,,,
2020-04-14,return,10,-0.012381503612504901,-0.012381503612504901,0.0002692839958115267,-0.0010769033766481625,-0.0010769033766481625,-0.0010769033766481625,,,,,,,,
2020-04-15,return,10,-0.0051465971517416,-0.0051465971517416,0.0002692839958115267,-0.001141586566400884,-0.001141586566400884,-0.001141586566400884,,,,,,,,
2020-04-16,return,10,0.008634204461307398,0.008634204461307398,0.0002692839958115267,-0.0009931696584066256,-0.0009931696584066256,-0.0009931696584066256,,,,,,,,
2020-04-17,return,10,0.010511499371698499,0.010511499371698499,0.0002692839958115267,-0.0009187396866363706,-0.0009187396866363706,-0.0009187396866363706,,,,,,,,
2020-04-20,return,10,0.003396835949232799,0.003396835949232799,0.0002692839958115267,-0.0008965879093237948,-0.0008965879093237948,-0.0008965879093237948,,,,,,,,
2020-04-21,return,10,-0.0009217440047939,-0.0009217440047939,0.0002692839958115267,-0.0007455127880520271,-0.0007455127880520271,-0.0007455127880520271,,,,,,,,
2020-04-22,return,10,-0.0021261852243683005,-0.0021261852243683005,0.0002692839958115267,-0.0008819677362974948,-0.0008819677362974948,-0.0008819677362974948,,,,,,,,
2020-04-23,return,10,-9.920449878242366e-17,-9.920449878242366e-17,0.0002692839958115267,-0.0008496261414211339,-0.0008496261414211339,-0.0008496261414211339,,,,,,,,
2020-04-24,return,10,0.005172743845117498,0.005172743845117498,0.0002692839958115267,-0.0007627911743558363,-0.0007627911743558363,-0.0007627911743558363,,,,,,,,
2020-04-27,return,10,-0.0010163071970072002,-0.0010163071970072002,0.0002692839958115267,-0.0010144353646266984,-0.0010144353646266984,-0.0010144353646266984,,,,,,,,
2020-04-28,return,10,0.002580646593491599,0.002580646593491599,0.0002692839958115267,-0.001084434980934438,-0.001084434980934438,-0.001084434980934438,,,,,,,,
2020-04-29,return,10,-0.0014753345230195994,-0.0014753345230195994,0.0002692839958115267,-0.0009324737885701676,-0.0009324737885701676,-0.0009324737885701676,,,,,,,,
2020-04-30,return,10,-0.012331066342633302,-0.012331066342633302,0.0002692839958115267,-0.0009058916557950767,-0.0009058916557950767,-0.0009058916557950767,,,,,,,,
2020-05-01,return,10,-0.016686918785014798,-0.016686918785014798,0.0002692839958115267,-0.0006644372830879994,-0.0006644372830879994,-0.0006644372830879994,,,,,,,,
2020-05-04,return,10,-0.0006417602787300997,-0.0006417602787300997,0.0002692839958115267,-0.0005474758988775988,-0.0005474758988775988,-0.0005474758988775988,,,,,,,,
2020-05-05,return,10,0.0085396047166695,0.0085396047166695,0.0002692839958115267,-0.0005598808941726413,-0.0005598808941726413,-0.0005598808941726413,,,,,,,,
2020-05-06,return,10,0.0159739006595105,0.0159739006595105,0.0002692839958115267,-0.00045621057634978633,-0.00045621057634978633,-0.00045621057634978633,,,,,,,,
2020-05-07,return,10,0.012679331936587402,0.012679331936587402,0.0002692839958115267,-0.0005855769558552293,-0.0005855769558552293,-0.0005855769558552293,,,,,,,,
2020-05-08,return,10,0.0036785033202697028,0.0036785033202697028,0.0002692839958115267,-0.0007202597619156905,-0.0007202597619156905,-0.0007202597619156905,,,,,,,,
2020-05-11,return,10,0.013952860837903602,0.013952860837903602,0.0002692839958115267,-0.0006662094252730055,-0.0006662094252730055,-0.0006662094252730055,,,,,,,,
2020-05-12,return,10,0.009618541612856808,0.009618541612856808,0.0002692839958115267,-0.0005616530363576473,-0.0005616530363576473,-0.0005616530363576473,,,,,,,,
2020-05-13,return,10,0.02118220346262861,0.02118220346262861,0.0002692839958115267,-0.0005842478492164746,-0.0005842478492164746,-0.0005842478492164746,,,,,,,,
2020-05-14,return,10,0.02802940605480871,0.02802940605480871,0.0002692839958115267,-0.00046551432282106826,-0.00046551432282106826,-0.00046551432282106826,,,,,,,,
2020-05-15,return,10,0.02798851730928401,0.02798851730928401,0.0002692839958115267,-0.00031222402381804297,-0.00031222402381804297,-0.00031222402381804297,,,,,,,,
2020-05-18,return,10,0.023743752493937106,0.023743752493937106,0.0002692839958115267,-0.00029405956642173086,-0.00029405956642173086,-0.00029405956642173086,,,,,,,,
2020-05-19,return,10,0.027860973516921204,0.027860973516921204,0.0002692839958115267,-0.0005364000102213108,-0.0005364000102213108,-0.0005364000102213108,,,,,,,,
2020-05-20,return,10,0.03067229953308341,0.03067229953308341,0.0002692839958115267,-0.000635639972581651,-0.000635639972581651,-0.000635639972581651,,,,,,,,
2020-05-21,return,10,0.030923812403182108,0.030923812403182108,0.0002692839958115267,-0.0005173494817324956,-0.0005173494817324956,-0.0005173494817324956,,,,,,,,
2020-05-22,return,10,0.03597088578005041,0.03597088578005041,0.0002692839958115267,-0.00048545092240238636,-0.00048545092240238636,-0.00048545092240238636,,,,,,,,
2020-05-26,return,10,0.03387724265946591,0.03387724265946591,0.0002692839958115267,-0.00037070471592324334,-0.00037070471592324334,-0.00037070471592324334,,,,,,,,
2020-05-27,return,10,0.0345850631283245,0.0345850631283245,0.0002692839958115267,-0.0004251980881121801,-0.0004251980881121801,-0.0004251980881121801,,,,,,,,
2020-05-28,return,10,0.027533257924968496,0.027533257924968496,0.0002692839958115267,-0.0003126670593642944,-0.0003126670593642944,-0.0003126670593642944,,,,,,,,
2020-05-29,return,10,0.0130592195828769,0.0130592195828769,0.0002692839958115267,-0.0003808945334870283,-0.0003808945334870283,-0.0003808945334870283,,,,,,,,
2020-06-01,return,10,0.0131292914417925,0.0131292914417925,0.0002692839958115267,-0.0003201986636505703,-0.0003201986636505703,-0.0003201986636505703,,,,,,,,
2020-06-02,return,10,0.008294361932824602,0.008294361932824602,0.0002692839958115267,-0.00031355313045679765,-0.00031355313045679765,-0.00031355313045679765,,,,,,,,
2020-06-03,return,10,-0.0024037403071823994,-0.0024037403071823994,0.0002692839958115267,-0.0002962747441529884,-0.0002962747441529884,-0.0002962747441529884,,,,,,,,
2020-06-04,return,10,-0.0094064053222339,-0.0094064053222339,0.0002692839958115267,-0.0003392491921393856,-0.0003392491921393856,-0.0003392491921393856,,,,,,,,
2020-06-05,return,10,-0.009606050919207399,-0.009606050919207399,0.0002692839958115267,-0.0002914013531442217,-0.0002914013531442217,-0.0002914013531442217,,,,,,,,
2020-06-08,return,10,-0.002926442029988899,-0.002926442029988899,0.0002692839958115267,-0.000323299912474331,-0.000323299912474331,-0.000323299912474331,,,,,,,,
2020-06-09,return,10,-0.0022937813321365977,-0.0022937813321365977,0.0002692839958115267,-0.00026171797154536994,-0.00026171797154536994,-0.00026171797154536994,,,,,,,,
2020-06-10,return,10,-0.0073364009611425005,-0.0073364009611425005,0.0002692839958115267,-0.00020943977708769092,-0.00020943977708769092,-0.00020943977708769092,,,,,,,,
2020-06-11,return,10,-0.013894643645726002,-0.013894643645726002,0.0002692839958115267,-0.00021608531028146358,-0.00021608531028146358,-0.00021608531028146358,,,,,,,,
2020-06-12,return,10,-0.0033825917956880006,-0.0033825917956880006,0.0002692839958115267,-0.0001589337248150179,-0.0001589337248150179,-0.0001589337248150179,,,,,,,,
2020-06-15,return,10,-0.0029324231259192993,-0.0029324231259192993,0.0002692839958115267,-0.00021608531028146358,-0.00021608531028146358,-0.00021608531028146358,,,,,,,,
2020-06-16,return,10,-0.0019559038952278,-0.0019559038952278,0.0002692839958115267,-0.00029405956642173086,-0.00029405956642173086,-0.00029405956642173086,,,,,,,,
2020-06-17,return,10,0.0035590392581660996,0.0035590392581660996,0.0002692839958115267,-0.00029405956642173086,-0.00029405956642173086,-0.00029405956642173086,,,,,,,,
2020-06-18,return,10,0.0018705746335312993,0.0018705746335312993,0.0002692839958115267,-0.000879752558566237,-0.000879752558566237,-0.000879752558566237,,,,,,,,
2020-06-19,return,10,0.010490850127524098,0.010490850127524098,0.0002692839958115267,-0.0006715258518280239,-0.0006715258518280239,-0.0006715258518280239,,,,,,,,
2020-06-22,return,10,0.0034576035155650994,0.0034576035155650994,0.0002692839958115267,-0.0005966528445115173,-0.0005966528445115173,-0.0005966528445115173,,,,,,,,
2020-06-23,return,10,0.0006180742768834998,0.0006180742768834998,0.0002692839958115267,-0.0005643112496351565,-0.0005643112496351565,-0.0005643112496351565,,,,,,,,
2020-06-24,return,10,0.002303944306691399,0.002303944306691399,0.0002692839958115267,-0.0005554505387101261,-0.0005554505387101261,-0.0005554505387101261,,,,,,,,
2020-06-25,return,10,0.0086073560376028,0.0086073560376028,0.0002692839958115267,-0.0005319696547587956,-0.0005319696547587956,-0.0005319696547587956,,,,,,,,
2020-06-26,return,10,0.0131982960197699,0.0131982960197699,0.0002692839958115267,-0.0006285514038416265,-0.0006285514038416265,-0.0006285514038416265,,,,,,,,
2020-06-29,return,10,0.0149276278085818,0.0149276278085818,0.0002692839958115267,-0.00048013449584736827,-0.00048013449584736827,-0.00048013449584736827,,,,,,,,
2020-06-30,return,10,0.0149276278085818,0.0149276278085818,0.0002692839958115267,-0.0004624130739973076,-0.0004624130739973076,-0.0004624130739973076,,,,,,,,
2020-07-01,return,10,0.0153361017388393,0.0153361017388393,0.0002692839958115267,-0.0005718428539214324,-0.0005718428539214324,-0.0005718428539214324,,,,,,,,
2020-07-02,return,10,0.0177292405673589,0.0177292405673589,0.0002692839958115267,-0.0005000710954286864,-0.0005000710954286864,-0.0005000710954286864,,,,,,,,
2020-07-06,return,10,0.0118687928932288,0.0118687928932288,0.0002692839958115267,-0.0006112730175378171,-0.0006112730175378171,-0.0006112730175378171,,,,,,,,
2020-07-07,return,10,0.017197931988035403,0.017197931988035403,0.0002692839958115267,-0.0004805775313936197,-0.0004805775313936197,-0.0004805775313936197,,,,,,,,
2020-07-08,return,10,0.0225179701235734,0.0225179701235734,0.0002692839958115267,-0.00042076773264966485,-0.00042076773264966485,-0.00042076773264966485,,,,,,,,
2020-07-09,return,10,0.028360174758500202,0.028360174758500202,0.0002692839958115267,-0.00034057829877814016,-0.00034057829877814016,-0.00034057829877814016,,,,,,,,
2020-07-10,return,10,0.0276234180339225,0.0276234180339225,0.0002692839958115267,-0.0002989329574304974,-0.0002989329574304974,-0.0002989329574304974,,,,,,,,
2020-07-13,return,10,0.0334027765982259,0.0334027765982259,0.0002692839958115267,-0.000310451881633037,-0.000310451881633037,-0.000310451881633037,,,,,,,,
2020-07-14,return,10,0.0282658517071392,0.0282658517071392,0.0002692839958115267,-0.00037646417802451307,-0.00037646417802451307,-0.00037646417802451307,,,,,,,,
2020-07-15,return,10,0.031414388537837803,0.031414388537837803,0.0002692839958115267,-0.0003166543792805581,-0.0003166543792805581,-0.0003166543792805581,,,,,,,,
2020-07-16,return,10,0.0308326180347031,0.0308326180347031,0.0002692839958115267,-0.00036893257373823724,-0.00036893257373823724,-0.00036893257373823724,,,,,,,,
2020-07-17,return,10,0.0330210569090529,0.0330210569090529,0.0002692839958115267,-0.00028165457112668826,-0.00028165457112668826,-0.00028165457112668826,,,,,,,,
2020-07-20,return,10,0.0265624447438306,0.0265624447438306,0.0002692839958115267,-0.0004987419887899317,-0.0004987419887899317,-0.0004987419887899317,,,,,,,,
2020-07-21,return,10,0.023301858227119103,0.023301858227119103,0.0002692839958115267,-0.0003804514979407767,-0.0003804514979407767,-0.0003804514979407767,,,,,,,,
2020-07-22,return,10,0.026486538750788303,0.026486538750788303,0.0002692839958115267,-0.0003024772418005096,-0.0003024772418005096,-0.0003024772418005096,,,,,,,,
2020-07-23,return,10,0.0198481748921599,0.0198481748921599,0.0002692839958115267,-0.000313110094910546,-0.000313110094910546,-0.000313110094910546,,,,,,,,
2020-07-24,return,10,0.0120457652322653,0.0120457652322653,0.0002692839958115267,-0.00021032584818019397,-0.00021032584818019397,-0.00021032584818019397,,,,,,,,
2020-07-27,return,10,0.0005105079665029008,0.0005105079665029008,0.0002692839958115267,-0.00015627551153750885,-0.00015627551153750885,-0.00015627551153750885,,,,,,,,
2020-07-28,return,10,0.0026386362502616024,0.0026386362502616024,0.0002692839958115267,-0.0001731108622950665,-0.0001731108622950665,-0.0001731108622950665,,,,,,,,
2020-07-29,return,10,0.0022065696808443,0.0022065696808443,0.0002692839958115267,-0.0001500730138899876,-0.0001500730138899876,-0.0001500730138899876,,,,,,,,
2020-07-30,return,10,0.0022872643289464007,0.0022872643289464007,0.0002692839958115267,-0.00022804727003025466,-0.00022804727003025466,-0.00022804727003025466,,,,,,,,
2020-07-31,return,10,0.0009300360002440994,0.0009300360002440994,0.0002692839958115267,-0.00021741441692021827,-0.00021741441692021827,-0.00021741441692021827,,,,,,,,
2020-08-03,return,10,0.010076718484200001,0.010076718484200001,0.0002692839958115267,-0.00016868050683255118,-0.00016868050683255118,-0.00016868050683255118,,,,,,,,
2020-08-04,return,10,0.0136745610201729,0.0136745610201729,0.0002692839958115267,-0.00019969299507015758,-0.00019969299507015758,-0.00019969299507015758,,,,,,,,
2020-08-05,return,10,-1.0148132334464322e-16,-1.0148132334464322e-16,0.0002692839958115267,-0.0001403262318724542,-0.0001403262318724542,-0.0001403262318724542,,,,,,,,
2020-08-06,return,10,0.0005059448628035998,0.0005059448628035998,0.0002692839958115267,-0.0001695665779250544,-0.0001695665779250544,-0.0001695665779250544,,,,,,,,
2020-08-07,return,10,-8.492208403909976e-05,-8.492208403909976e-05,0.0002692839958115267,-0.00015627551153750885,-0.00015627551153750885,-0.00015627551153750885,,,,,,,,
2020-08-10,return,10,0.003989987890260799,0.003989987890260799,0.0002692839958115267,-0.0001483008717049815,-0.0001483008717049815,-0.0001483008717049815,,,,,,,,
2020-08-11,return,10,0.004579772231734197,0.004579772231734197,0.0002692839958115267,-0.0001252630232999026,-0.0001252630232999026,-0.0001252630232999026,,,,,,,,
2020-08-12,return,10,0.001440129013353,0.001440129013353,0.0002692839958115267,-9.114928623853565e-05,-9.114928623853565e-05,-9.114928623853565e-05,,,,,,,,
2020-08-13,return,10,0.0005075712823628994,0.0005075712823628994,0.0002692839958115267,-7.608607766598405e-05,-7.608607766598405e-05,-7.608607766598405e-05,,,,,,,,
2020-08-14,return,10,0.0057301917978807,0.0057301917978807,0.0002692839958115267,-5.659251363091737e-05,-5.659251363091737e-05,-5.659251363091737e-05,,,,,,,,
2020-08-17,return,10,0.0068013193031512984,0.0068013193031512984,0.0002692839958115267,-5.304822926090511e-05,-5.304822926090511e-05,-5.304822926090511e-05,,,,,,,,
2020-08-18,return,10,0.0017590154051794126,0.0017590154051794126,0.0002692839958115267,-0.00013722498304869358,-0.00013722498304869358,-0.00013722498304869358,,,,,,,,
2020-08-19,return,10,-0.004886689309854489,-0.004886689309854489,0.0002692839958115267,-5.969376245467799e-05,-5.969376245467799e-05,-5.969376245467799e-05,,,,,,,,
2020-08-20,return,10,-0.0025322880080361878,-0.0025322880080361878,0.0002692839958115267,-5.304822926090511e-05,-5.304822926090511e-05,-5.304822926090511e-05,,,,,,,,
2020-08-21,return,10,0.0038143720754706123,0.0038143720754706123,0.0002692839958115267,-4.950394489089307e-05,-4.950394489089307e-05,-4.950394489089307e-05,,,,,,,,
2020-08-24,return,10,-0.0011868431369413883,-0.0011868431369413883,0.0002692839958115267,-1.8491456653286836e-05,-1.8491456653286836e-05,-1.8491456653286836e-05,,,,,,,,
2020-08-25,return,10,-0.0006771627142117889,-0.0006771627142117889,0.0002692839958115267,-2.5580025393311134e-05,-2.5580025393311134e-05,-2.5580025393311134e-05,,,,,,,,
2020-08-26,return,10,0.005655693968115912,0.005655693968115912,0.0002692839958115267,-7.121268665721733e-05,-7.121268665721733e-05,-7.121268665721733e-05,,,,,,,,
2020-08-27,return,10,0.0005918410656800127,0.0005918410656800127,0.0002692839958115267,-7.918732648974468e-05,-7.918732648974468e-05,-7.918732648974468e-05,,,,,,,,
2020-08-28,return,10,-0.002271294351818988,-0.002271294351818988,0.0002692839958115267,-7.121268665721733e-05,-7.121268665721733e-05,-7.121268665721733e-05,,,,,,,,
2020-08-31,return,10,-0.00874102052274599,-0.00874102052274599,0.0002692839958115267,-6.368108237094167e-05,-6.368108237094167e-05,-6.368108237094167e-05,,,,,,,,
2020-09-01,return,10,-0.009586349901669402,-0.009586349901669402,0.0002692839958115267,-4.861787379839002e-05,-4.861787379839002e-05,-4.861787379839002e-05,,,,,,,,
2020-09-02,return,10,-0.0014368425748830997,-0.0014368425748830997,0.0002692839958115267,-0.0001035542815335782,-0.0001035542815335782,-0.0001035542815335782,,,,,,,,
2020-09-03,return,10,0.0021106850674349007,0.0021106850674349007,0.0002692839958115267,-0.00015671854708376026,-0.00015671854708376026,-0.00015671854708376026,,,,,,,,
2020-09-04,return,10,-0.007046766859965199,-0.007046766859965199,0.0002692839958115267,-8.982017959978118e-05,-8.982017959978118e-05,-8.982017959978118e-05,,,,,,,,
2020-09-08,return,10,-0.0073216741173613,-0.0073216741173613,0.0002692839958115267,-0.00024266744305655478,-0.00024266744305655478,-0.00024266744305655478,,,,,,,,
2020-09-09,return,10,-0.011325535115693,-0.011325535115693,0.0002692839958115267,-0.00022981941221526076,-0.00022981941221526076,-0.00022981941221526076,,,,,,,,
2020-09-10,return,10,-0.0181776856030526,-0.0181776856030526,0.0002692839958115267,-0.0002497560117965791,-0.0002497560117965791,-0.0002497560117965791,,,,,,,,
2020-09-11,return,10,-0.0181675857011848,-0.0181675857011848,0.0002692839958115267,-0.0005612100008113959,-0.0005612100008113959,-0.0005612100008113959,,,,,,,,
2020-09-14,return,10,-0.0181869549261371,-0.0181869549261371,0.0002692839958115267,-0.00043494487012971344,-0.00043494487012971344,-0.00043494487012971344,,,,,,,,
2020-09-15,return,10,-0.010949479168754798,-0.010949479168754798,0.0002692839958115267,-0.0004664003939135711,-0.0004664003939135711,-0.0004664003939135711,,,,,,,,
2020-09-16,return,10,-0.009508518876255999,-0.009508518876255999,0.0002692839958115267,-0.0003489959741569189,-0.0003489959741569189,-0.0003489959741569189,,,,,,,,
2020-09-17,return,10,-0.006023348009400001,-0.006023348009400001,0.0002692839958115267,-0.00038886917331955567,-0.00038886917331955567,-0.00038886917331955567,,,,,,,,
2020-09-18,return,10,-0.012816879606904098,-0.012816879606904098,0.0002692839958115267,-0.0002630470781841246,-0.0002630470781841246,-0.0002630470781841246,,,,,,,,
2020-09-21,return,10,0.0039964340423423,0.0039964340423423,0.0002692839958115267,-0.0002178574524664698,-0.0002178574524664698,-0.0002178574524664698,,,,,,,,
2020-09-22,return,10,0.00638816532975,0.00638816532975,0.0002692839958115267,-0.0002063385282639303,-0.0002063385282639303,-0.0002063385282639303,,,,,,,,
2020-09-23,return,10,0.007592921348686599,0.007592921348686599,0.0002692839958115267,-0.00022627512784524856,-0.00022627512784524856,-0.00022627512784524856,,,,,,,,
2020-09-24,return,10,0.007429898819271199,0.007429898819271199,0.0002692839958115267,-0.0002448826207878123,-0.0002448826207878123,-0.0002448826207878123,,,,,,,,
2020-09-25,return,10,0.017152786459762797,0.017152786459762797,0.0002692839958115267,-0.00021697138137396663,-0.00021697138137396663,-0.00021697138137396663,,,,,,,,
2020-09-28,return,10,0.006582064195640699,0.006582064195640699,0.0002692839958115267,-0.0003033633128930127,-0.0003033633128930127,-0.0003033633128930127,,,,,,,,
2020-09-29,return,10,0.003237903306014499,0.003237903306014499,0.0002692839958115267,-0.000262604042637873,-0.000262604042637873,-0.000262604042637873,,,,,,,,
2020-09-30,return,10,-0.001878415852870101,-0.001878415852870101,0.0002692839958115267,-0.00033880615659313406,-0.00033880615659313406,-0.00033880615659313406,,,,,,,,
2020-10-01,return,10,-0.0029826601855575015,-0.0029826601855575015,0.0002692839958115267,-0.0003357049077693735,-0.0003357049077693735,-0.0003357049077693735,,,,,,,,
2020-10-02,return,10,0.006980534006419199,0.006980534006419199,0.0002692839958115267,-0.0002413383364178002,-0.0002413383364178002,-0.0002413383364178002,,,,,,,,
2020-10-05,return,10,0.0033886850455168986,0.0033886850455168986,0.0002692839958115267,-0.00023292066103902144,-0.00023292066103902144,-0.00023292066103902144,,,,,,,,
2020-10-06,return,10,0.007780824099197699,0.007780824099197699,0.0002692839958115267,-0.00023646494540903343,-0.00023646494540903343,-0.00023646494540903343,,,,,,,,
2020-10-07,return,10,0.004917347763581497,0.004917347763581497,0.0002692839958115267,-0.0002408953008715488,-0.0002408953008715488,-0.0002408953008715488,,,,,,,,
2020-10-08,return,10,0.007712883088627498,0.007712883088627498,0.0002692839958115267,-0.0002555154738978487,-0.0002555154738978487,-0.0002555154738978487,,,,,,,,
2020-10-09,return,10,-0.0002538608010250018,-0.0002538608010250018,0.0002692839958115267,-0.0002967177796992398,-0.0002967177796992398,-0.0002967177796992398,,,,,,,,
2020-10-13,return,10,0.0082304991365152,0.0082304991365152,0.0002692839958115267,-0.00031133795272554,-0.00031133795272554,-0.00031133795272554,,,,,,,,
2020-10-14,return,10,-0.00034033864022910056,-0.00034033864022910056,0.0002692839958115267,-0.0003786793557557707,-0.0003786793557557707,-0.0003786793557557707,,,,,,,,
2020-10-15,return,10,-0.003681668613463,-0.003681668613463,0.0002692839958115267,-0.00031576830818805506,-0.00031576830818805506,-0.00031576830818805506,,,,,,,,
2020-10-16,return,10,-0.0059921425655037,-0.0059921425655037,0.0002692839958115267,-0.00024045226532529715,-0.00024045226532529715,-0.00024045226532529715,,,,,,,,
2020-10-19,return,10,-0.013150219386878596,-0.013150219386878596,0.0002692839958115267,-0.00018019943103509079,-0.00018019943103509079,-0.00018019943103509079,,,,,,,,
2020-10-20,return,10,-0.008493341357199799,-0.008493341357199799,0.0002692839958115267,-0.00022760423448400314,-0.00022760423448400314,-0.00022760423448400314,,,,,,,,
2020-10-21,return,10,-0.0118645459561926,-0.0118645459561926,0.0002692839958115267,-0.00024222440751030315,-0.00024222440751030315,-0.00024222440751030315,,,,,,,,
2020-10-22,return,10,-0.001269411586701399,-0.001269411586701399,0.0002692839958115267,-0.00026747743364663966,-0.00026747743364663966,-0.00026747743364663966,,,,,,,,
2020-10-23,return,10,0.003539826705124101,0.003539826705124101,0.0002692839958115267,-0.00028697099768170656,-0.00028697099768170656,-0.00028697099768170656,,,,,,,,
2020-10-26,return,10,-0.0004232445993684981,-0.0004232445993684981,0.0002692839958115267,-0.00036538828936822515,-0.00036538828936822515,-0.00036538828936822515,,,,,,,,
2020-10-27,return,10,-0.0020301140452313226,-0.0020301140452313226,0.0002692839958115267,-0.00037291989365450097,-0.00037291989365450097,-0.00037291989365450097,,,,,,,,
2020-10-28,return,10,0.005346925533239481,0.005346925533239481,0.0002692839958115267,-0.0003419074054168946,-0.0003419074054168946,-0.0003419074054168946,,,,,,,,
2020-10-29,return,10,0.014138724582487678,0.014138724582487678,0.0002692839958115267,-0.0003179834859193127,-0.0003179834859193127,-0.0003179834859193127,,,,,,,,
2020-10-30,return,10,0.01677277411882958,0.01677277411882958,0.0002692839958115267,-0.0002931734953292278,-0.0002931734953292278,-0.0002931734953292278,,,,,,,,
2020-11-02,return,10,0.019408167927964678,0.019408167927964678,0.0002692839958115267,-0.0005107039485387229,-0.0005107039485387229,-0.0005107039485387229,,,,,,,,
2020-11-03,return,10,0.012291936225721778,0.012291936225721778,0.0002692839958115267,-0.000550134112155108,-0.000550134112155108,-0.000550134112155108,,,,,,,,
2020-11-04,return,10,0.00958731307397358,0.00958731307397358,0.0002692839958115267,-0.0008571577457074098,-0.0008571577457074098,-0.0008571577457074098,,,,,,,,
2020-11-05,return,10,0.004056457856788679,0.004056457856788679,0.0002692839958115267,-0.0007379811837657515,-0.0007379811837657515,-0.0007379811837657515,,,,,,,,
2020-11-06,return,10,-0.005060739545830821,-0.005060739545830821,0.0002692839958115267,-0.0007570317122545668,-0.0007570317122545668,-0.0007570317122545668,,,,,,,,
2020-11-09,return,10,0.00531983521877328,0.00531983521877328,0.0002692839958115267,-0.0007176015486381815,-0.0007176015486381815,-0.0007176015486381815,,,,,,,,
2020-11-10,return,10,0.008263812944258798,0.008263812944258798,0.0002692839958115267,-0.0006476019323304416,-0.0006476019323304416,-0.0006476019323304416,,,,,,,,
2020-11-12,return,10,0.011278631468819699,0.011278631468819699,0.0002692839958115267,-0.0003826666756720343,-0.0003826666756720343,-0.0003826666756720343,,,,,,,,
2020-11-13,return,10,0.0180200157470433,0.0180200157470433,0.0002692839958115267,-0.0002945026019679823,-0.0002945026019679823,-0.0002945026019679823,,,,,,,,
2020-11-16,return,10,0.020805362563793603,0.020805362563793603,0.0002692839958115267,-0.00017399693338756948,-0.00017399693338756948,-0.00017399693338756948,,,,,,,,
2020-11-17,return,10,0.024153751876936896,0.024153751876936896,0.0002692839958115267,-0.0002134270970039546,-0.0002134270970039546,-0.0002134270970039546,,,,,,,,
2020-11-18,return,10,0.022740557633874,0.022740557633874,0.0002692839958115267,-0.00017133872011006039,-0.00017133872011006039,-0.00017133872011006039,,,,,,,,
2020-11-19,return,10,0.0246040516743054,0.0246040516743054,0.0002692839958115267,-0.0001957056751538939,-0.0001957056751538939,-0.0001957056751538939,,,,,,,,
2020-11-20,return,10,0.0211957200629801,0.0211957200629801,0.0002692839958115267,-9.602267724730242e-05,-9.602267724730242e-05,-9.602267724730242e-05,,,,,,,,
2020-11-23,return,10,0.0212506951080307,0.0212506951080307,0.0002692839958115267,-6.722536674095371e-05,-6.722536674095371e-05,-6.722536674095371e-05,,,,,,,,
2020-11-24,return,10,0.0203408146743137,0.0203408146743137,0.0002692839958115267,-7.874429094349326e-05,-7.874429094349326e-05,-7.874429094349326e-05,,,,,,,,
2020-11-25,return,10,0.0169862535415632,0.0169862535415632,0.0002692839958115267,-0.0001288073076699147,-0.0001288073076699147,-0.0001288073076699147,,,,,,,,
2020-11-30,return,10,0.016353662100272504,0.016353662100272504,0.0002692839958115267,-9.646571279355384e-05,-9.646571279355384e-05,-9.646571279355384e-05,,,,,,,,
2020-12-01,return,10,0.0098360093736416,0.0098360093736416,0.0002692839958115267,-0.0001226048100223934,-0.0001226048100223934,-0.0001226048100223934,,,,,,,,
2020-12-02,return,10,0.006757896165515201,0.006757896165515201,0.0002692839958115267,-7.652911321223563e-05,-7.652911321223563e-05,-7.652911321223563e-05,,,,,,,,
2020-12-03,return,10,0.0086850197700684,0.0086850197700684,0.0002692839958115267,-3.1339487494580856e-05,-3.1339487494580856e-05,-3.1339487494580856e-05,,,,,,,,
2020-12-04,return,10,0.007711909580415,0.007711909580415,0.0002692839958115267,-1.4061101190771636e-05,-1.4061101190771636e-05,-1.4061101190771636e-05,,,,,,,,
2020-12-07,return,10,0.007550922285417899,0.007550922285417899,0.0002692839958115267,1.606531595433155e-05,1.606531595433155e-05,1.606531595433155e-05,,,,,,,,
2020-12-08,return,10,0.0050241014958114,0.0050241014958114,0.0002692839958115267,7.204605029301257e-06,7.204605029301257e-06,7.204605029301257e-06,,,,,,,,
2020-12-09,return,10,0.0093928349789557,0.0093928349789557,0.0002692839958115267,-1.0516816820759542e-05,-1.0516816820759542e-05,-1.0516816820759542e-05,,,,,,,,
2020-12-10,return,10,0.0078090076661544005,0.0078090076661544005,0.0002692839958115267,-1.5390207829526212e-05,-1.5390207829526212e-05,-1.5390207829526212e-05,,,,,,,,
2020-12-11,return,10,0.0114924922754359,0.0114924922754359,0.0002692839958115267,6.318533936798261e-06,6.318533936798261e-06,6.318533936798261e-06,,,,,,,,
2020-12-14,return,10,0.0110543602648607,0.0110543602648607,0.0002692839958115267,-1.6276278922029263e-05,-1.6276278922029263e-05,-1.6276278922029263e-05,,,,,,,,
2020-12-15,return,10,0.005904560372550401,0.005904560372550401,0.0002692839958115267,1.1191924945564932e-05,1.1191924945564932e-05,1.1191924945564932e-05,,,,,,,,
2020-12-16,return,10,0.006467745334809499,0.006467745334809499,0.0002692839958115267,-5.925072690842636e-05,-5.925072690842636e-05,-5.925072690842636e-05,,,,,,,,
2020-12-17,return,10,0.003013890604616,0.003013890604616,0.0002692839958115267,-7.032661556471433e-05,-7.032661556471433e-05,-7.032661556471433e-05,,,,,,,,
2020-12-18,return,10,0.004403497289286599,0.004403497289286599,0.0002692839958115267,-0.00010532642371858419,-0.00010532642371858419,-0.00010532642371858419,,,,,,,,
2020-12-21,return,10,0.0028577280113716,0.0028577280113716,0.0002692839958115267,-0.00016779443574004813,-0.00016779443574004813,-0.00016779443574004813,,,,,,,,
2020-12-22,return,10,0.0065509569358042,0.0065509569358042,0.0002692839958115267,-8.671893077602055e-05,-8.671893077602055e-05,-8.671893077602055e-05,,,,,,,,
2020-03-17,return,21,-0.012012431823853503,-0.012012431823853503,0.0007400143618321479,0.0007400143618321479,0.0007400143618321479,0.004059227901913832,,,,,,,,
2020-03-18,return,21,0.004604907750494397,0.004604907750494397,0.0007400143618321479,0.0007400143618321479,0.0007400143618321479,0.003915734306972631,,,,,,,,
2020-03-19,return,21,0.0162243395672594,0.0162243395672594,0.0007400143618321479,0.0007400143618321479,0.0007400143618321479,0.004142155584115657,,,,,,,,
2020-03-20,return,21,0.0159735937236345,0.0159735937236345,0.0007400143618321479,0.0007400143618321479,0.0007400143618321479,0.004295554467749105,,,,,,,,
2020-03-23,return,21,0.0063921659126041,0.0063921659126041,0.0007400143618321479,0.0007400143618321479,0.0007400143618321479,0.0044954627346230945,,,,,,,,
2020-03-24,return,21,0.0019436352085712956,0.0019436352085712956,0.0007400143618321479,0.0007400143618321479,0.0007400143618321479,0.0042816837338372805,,,,,,,,
2020-03-25,return,21,-0.0034207031922266025,-0.0034207031922266025,0.0007400143618321479,0.0007400143618321479,0.0007400143618321479,0.0043797854774104365,,,,,,,,
2020-03-26,return,21,-0.017937700686667002,-0.017937700686667002,0.0007400143618321479,0.0007400143618321479,0.0007400143618321479,0.0044631596206911725,,,,,,,,
2020-03-27,return,21,-0.020370651870374006,-0.020370651870374006,0.0007400143618321479,0.0007400143618321479,0.0007400143618321479,0.004585428385106254,,,,,,,,
2020-03-30,return,21,-0.0150887595866465,-0.0150887595866465,0.0007400143618321479,0.0007400143618321479,0.0007400143618321479,0.00462059881944909,,,,,,,,
2020-03-31,return,21,-0.007471560953545906,-0.007471560953545906,0.0007400143618321479,0.0007400143618321479,0.0007400143618321479,0.00462059881944909,,,,,,,,
2020-04-01,return,21,0.005836237612815698,0.005836237612815698,0.0007400143618321479,0.0007400143618321479,0.0007400143618321479,0.0046134305184218054,,,,,,,,
2020-04-02,return,21,0.004500995060308098,0.004500995060308098,0.0007400143618321479,0.0007400143618321479,0.0007400143618321479,0.00462685479125472,,,,,,,,
2020-04-03,return,21,0.0043436138714157,0.0043436138714157,0.0007400143618321479,0.0007400143618321479,0.0007400143618321479,0.004625551463795214,,,,,,,,
2020-04-06,return,21,-0.00018506523602350227,-0.00018506523602350227,0.0007400143618321479,0.0007400143618321479,0.0007400143618321479,0.004540873993054972,,,,,,,,
2020-04-07,return,21,-0.006543500606986103,-0.006543500606986103,0.0007400143618321479,0.0007400143618321479,0.0007400143618321479,0.004514491315531887,,,,,,,,
2020-04-08,return,21,-0.0009208951751272015,-0.0009208951751272015,0.0007400143618321479,0.0007400143618321479,0.0007400143618321479,0.004541655989530676,,,,,,,,
2020-04-09,return,21,-0.010391375862462901,-0.010391375862462901,0.0007400143618321479,0.0007400143618321479,0.0007400143618321479,0.004630764773633239,,,,,,,,
2020-04-13,return,21,-0.0038585256875294013,-0.0038585256875294013,0.0007400143618321479,0.0007400143618321479,0.0007400143618321479,0.004568224462640771,,,,,,,,
2020-04-14,return,21,-0.012289222894495301,-0.012289222894495301,0.0007400143618321479,0.0007400143618321479,0.0007400143618321479,0.004629722111665634,,,,,,,,
2020-04-15,return,21,-0.010042002485445302,-0.010042002485445302,0.0007400143618321479,0.0007400143618321479,0.0007400143618321479,0.004695576204147928,,,,,,,,
2020-04-16,return,21,-0.002216476710891899,-0.002216476710891899,0.0007400143618321479,0.0007400143618321479,0.0007400143618321479,0.00471264979386746,,,,,,,,
2020-04-17,return,21,0.0019277556803070006,0.0019277556803070006,0.0007400143618321479,0.0007400143618321479,0.0007400143618321479,0.004717732770959535,,,,,,,,
2020-04-20,return,21,0.0057769176293598,0.0057769176293598,0.0007400143618321479,0.0007400143618321479,0.0007400143618321479,0.004713822788581015,,,,,,,,
2020-04-21,return,21,0.011541760440171597,0.011541760440171597,0.0007400143618321479,0.0007400143618321479,0.0007400143618321479,0.004724640406494917,,,,,,,,
2020-04-22,return,21,0.011385670695367,0.011385670695367,0.0007400143618321479,0.0007400143618321479,0.0007400143618321479,0.004682301671124796,,,,,,,,
2020-04-23,return,21,0.007278119556460603,0.007278119556460603,0.0007400143618321479,0.0007400143618321479,0.0007400143618321479,0.004686211653503316,,,,,,,,
2020-04-24,return,21,0.0158033424910434,0.0158033424910434,0.0007400143618321479,0.0007400143618321479,0.0007400143618321479,0.004698984262606477,,,,,,,,
2020-04-27,return,21,0.012845391782954607,0.012845391782954607,0.0007400143618321479,0.0007400143618321479,0.0007400143618321479,0.00465338720858759,,,,,,,,
2020-04-28,return,21,0.02127448418063821,0.02127448418063821,0.0007400143618321479,0.0007400143618321479,0.0007400143618321479,0.004738064679327832,,,,,,,,
2020-04-29,return,21,0.02313400072110501,0.02313400072110501,0.0007400143618321479,0.0007400143618321479,0.0007400143618321479,0.004748491299003882,,,,,,,,
2020-04-30,return,21,0.017137836137084708,0.017137836137084708,0.0007400143618321479,0.0007400143618321479,0.0007400143618321479,0.004748491299003882,,,,,,,,
2020-05-01,return,21,0.015160008802545607,0.015160008802545607,0.0007400143618321479,0.0007400143618321479,0.0007400143618321479,0.004747187971544376,,,,,,,,
2020-05-04,return,21,0.030241055197048207,0.030241055197048207,0.0007400143618321479,0.0007400143618321479,0.0007400143618321479,0.004762101367423806,,,,,,,,
2020-05-05,return,21,0.043135803978048906,0.043135803978048906,0.0007400143618321479,0.0007400143618321479,0.0007400143618321479,0.0047607980399643,,,,,,,,
2020-05-06,return,21,0.044435668322917406,0.044435668322917406,0.0007400143618321479,0.0007400143618321479,0.0007400143618321479,0.004805743430253434,,,,,,,,
2020-05-07,return,21,0.04324900533651111,0.04324900533651111,0.0007400143618321479,0.0007400143618321479,0.0007400143618321479,0.004894330883372194,,,,,,,,
2020-05-08,return,21,0.04450784130539181,0.04450784130539181,0.0007400143618321479,0.0007400143618321479,0.0007400143618321479,0.004824697141257333,,,,,,,,
2020-05-11,return,21,0.048446762108286315,0.048446762108286315,0.0007400143618321479,0.0007400143618321479,0.0007400143618321479,0.00478215320323637,,,,,,,,
2020-05-12,return,21,0.04622709551211512,0.04622709551211512,0.0007400143618321479,0.0007400143618321479,0.0007400143618321479,0.004775115234955036,,,,,,,,
2020-05-13,return,21,0.037668554827001516,0.037668554827001516,0.0007400143618321479,0.0007400143618321479,0.0007400143618321479,0.004798500259321257,,,,,,,,
2020-05-14,return,21,0.042598193921510506,0.042598193921510506,0.0007400143618321479,0.0007400143618321479,0.0007400143618321479,0.004799803586780764,,,,,,,,
2020-05-15,return,21,0.040141289520385,0.040141289520385,0.0007400143618321479,0.0007400143618321479,0.0007400143618321479,0.00480110691424027,,,,,,,,
2020-05-18,return,21,0.0284790751685959,0.0284790751685959,0.0007400143618321479,0.0007400143618321479,0.0007400143618321479,0.0047555098602213835,,,,,,,,
2020-05-19,return,21,0.025189793939145506,0.025189793939145506,0.0007400143618321479,0.0007400143618321479,0.0007400143618321479,0.0047766792279064435,,,,,,,,
2020-05-20,return,21,0.01885571674419951,0.01885571674419951,0.0007400143618321479,0.0007400143618321479,0.0007400143618321479,0.004793938613212986,,,,,,,,
2020-05-21,return,21,0.02764323136993481,0.02764323136993481,0.0007400143618321479,0.0007400143618321479,0.0007400143618321479,0.0047662526082303935,,,,,,,,
2020-05-22,return,21,0.038535556652985505,0.038535556652985505,0.0007400143618321479,0.0007400143618321479,0.0007400143618321479,0.0047649492807708875,,,,,,,,
2020-05-26,return,21,0.02715750030924021,0.02715750030924021,0.0007400143618321479,0.0007400143618321479,0.0007400143618321479,0.0047295736437772086,,,,,,,,
2020-05-27,return,21,0.022713910253532303,0.022713910253532303,0.0007400143618321479,0.0007400143618321479,0.0007400143618321479,0.004738771805898644,,,,,,,,
2020-05-28,return,21,0.013103759568684897,0.013103759568684897,0.0007400143618321479,0.0007400143618321479,0.0007400143618321479,0.004791797826436716,,,,,,,,
2020-05-29,return,21,0.011636364740782498,0.011636364740782498,0.0007400143618321479,0.0007400143618321479,0.0007400143618321479,0.004812967194121777,,,,,,,,
2020-06-01,return,21,0.0101968683158732,0.0101968683158732,0.0007400143618321479,0.0007400143618321479,0.0007400143618321479,0.004852047610843131,,,,,,,,
2020-06-02,return,21,0.0082943619328249,0.0082943619328249,0.0007400143618321479,0.0007400143618321479,0.0007400143618321479,0.004786845182090592,,,,,,,,
2020-06-03,return,21,-0.0008006049442444005,-0.0008006049442444005,0.0007400143618321479,0.0007400143618321479,0.0007400143618321479,0.004744506446720472,,,,,,,,
2020-06-04,return,21,-0.001325732661359799,-0.001325732661359799,0.0007400143618321479,0.0007400143618321479,0.0007400143618321479,0.004749328758320645,,,,,,,,
2020-06-05,return,21,0.00017702248231780016,0.00017702248231780016,0.0007400143618321479,0.0007400143618321479,0.0007400143618321479,0.004684517327805957,,,,,,,,
2020-06-08,return,21,0.0031827451498186005,0.0031827451498186005,0.0007400143618321479,0.0007400143618321479,0.0007400143618321479,0.004686732984487118,,,,,,,,
2020-06-09,return,21,-0.0044157980435343,-0.0044157980435343,0.0007400143618321479,0.0007400143618321479,0.0007400143618321479,0.004734285029695264,,,,,,,,
2020-06-10,return,21,-0.0032637968371894005,-0.0032637968371894005,0.0007400143618321479,0.0007400143618321479,0.0007400143618321479,0.004790103500739358,,,,,,,,
2020-06-11,return,21,-0.0012312023365137013,-0.0012312023365137013,0.0007400143618321479,0.0007400143618321479,0.0007400143618321479,0.0047485467618449415,,,,,,,,
2020-06-12,return,21,0.013504772966487399,0.013504772966487399,0.0007400143618321479,0.0007400143618321479,0.0007400143618321479,0.004753238740699163,,,,,,,,
2020-06-15,return,21,0.0119952046826625,0.0119952046826625,0.0007400143618321479,0.0007400143618321479,0.0007400143618321479,0.004736947147455335,,,,,,,,
2020-06-16,return,21,0.015336101738839598,0.015336101738839598,0.0007400143618321479,0.0007400143618321479,0.0007400143618321479,0.004694608412085214,,,,,,,,
2020-06-17,return,21,0.0193323759302969,0.0193323759302969,0.0007400143618321479,0.0007400143618321479,0.0007400143618321479,0.004736947147455335,,,,,,,,
2020-06-18,return,21,0.019949465554102902,0.019949465554102902,0.0007400143618321479,0.0007400143618321479,0.0007400143618321479,0.004733037165076817,,,,,,,,
2020-06-19,return,21,0.026981005389560598,0.026981005389560598,0.0007400143618321479,0.0007400143618321479,0.0007400143618321479,0.004719091561260099,,,,,,,,
2020-06-22,return,21,0.0286271573033809,0.0286271573033809,0.0007400143618321479,0.0007400143618321479,0.0007400143618321479,0.004713356920438272,,,,,,,,
2020-06-23,return,21,0.0262381580471025,0.0262381580471025,0.0007400143618321479,0.0007400143618321479,0.0007400143618321479,0.004734526288123332,,,,,,,,
2020-06-24,return,21,0.0316960221578756,0.0316960221578756,0.0007400143618321479,0.0007400143618321479,0.0007400143618321479,0.004714660247897778,,,,,,,,
2020-06-25,return,21,0.0460662179074382,0.0460662179074382,0.0007400143618321479,0.0007400143618321479,0.0007400143618321479,0.004755043992078639,,,,,,,,
2020-06-26,return,21,0.045153216469314604,0.045153216469314604,0.0007400143618321479,0.0007400143618321479,0.0007400143618321479,0.00476351562056543,,,,,,,,
2020-06-29,return,21,0.0463420163464196,0.0463420163464196,0.0007400143618321479,0.0007400143618321479,0.0007400143618321479,0.004782078333331478,,,,,,,,
2020-06-30,return,21,0.0481246236687705,0.0481246236687705,0.0007400143618321479,0.0007400143618321479,0.0007400143618321479,0.004782078333331478,,,,,,,,
2020-07-01,return,21,0.04879439358118371,0.04879439358118371,0.0007400143618321479,0.0007400143618321479,0.0007400143618321479,0.004760908965646417,,,,,,,,
2020-07-02,return,21,0.044641335664402204,0.044641335664402204,0.0007400143618321479,0.0007400143618321479,0.0007400143618321479,0.004787291643169504,,,,,,,,
2020-07-06,return,21,0.039792013489155606,0.039792013489155606,0.0007400143618321479,0.0007400143618321479,0.0007400143618321479,0.004777907685461058,,,,,,,,
2020-07-07,return,21,0.051656092538604106,0.051656092538604106,0.0007400143618321479,0.0007400143618321479,0.0007400143618321479,0.004777125688985354,,,,,,,,
2020-07-08,return,21,0.045468258662378906,0.045468258662378906,0.0007400143618321479,0.0007400143618321479,0.0007400143618321479,0.004803583236413332,,,,,,,,
2020-07-09,return,21,0.0414378430834495,0.0414378430834495,0.0007400143618321479,0.0007400143618321479,0.0007400143618321479,0.004803583236413332,,,,,,,,
2020-07-10,return,21,0.03796936983633831,0.03796936983633831,0.0007400143618321479,0.0007400143618321479,0.0007400143618321479,0.004803583236413332,,,,,,,,
2020-07-13,return,21,0.03459355669980631,0.03459355669980631,0.0007400143618321479,0.0007400143618321479,0.0007400143618321479,0.004800585583256467,,,,,,,,
2020-07-14,return,21,0.0336209582186821,0.0336209582186821,0.0007400143618321479,0.0007400143618321479,0.0007400143618321479,0.004842924318626587,,,,,,,,
2020-07-15,return,21,0.03548426018913509,0.03548426018913509,0.0007400143618321479,0.0007400143618321479,0.0007400143618321479,0.0048057988930944925,,,,,,,,
2020-07-16,return,21,0.034388327842588495,0.034388327842588495,0.0007400143618321479,0.0007400143618321479,0.0007400143618321479,0.0048057988930944925,,,,,,,,
2020-07-17,return,21,0.0369888135812433,0.0369888135812433,0.0007400143618321479,0.0007400143618321479,0.0007400143618321479,0.004848137628464613,,,,,,,,
2020-07-20,return,21,0.0415977816160997,0.0415977816160997,0.0007400143618321479,0.0007400143618321479,0.0007400143618321479,0.0048057988930944925,,,,,,,,
2020-07-21,return,21,0.034458160550568606,0.034458160550568606,0.0007400143618321479,0.0007400143618321479,0.0007400143618321479,0.004848137628464613,,,,,,,,
2020-07-22,return,21,0.023456233401609104,0.023456233401609104,0.0007400143618321479,0.0007400143618321479,0.0007400143618321479,0.004852699274572885,,,,,,,,
2020-07-23,return,21,0.012992746240910204,0.012992746240910204,0.0007400143618321479,0.0007400143618321479,0.0007400143618321479,0.004809057211743259,,,,,,,,
2020-07-24,return,21,0.0143359396926766,0.0143359396926766,0.0007400143618321479,0.0007400143618321479,0.0007400143618321479,0.004851395947113379,,,,,,,,
2020-07-27,return,21,0.005770552333314604,0.005770552333314604,0.0007400143618321479,0.0007400143618321479,0.0007400143618321479,0.004828923251968812,,,,,,,,
2020-07-28,return,21,0.006795235524895901,0.006795235524895901,0.0007400143618321479,0.0007400143618321479,0.0007400143618321479,0.004851395947113379,,,,,,,,
2020-07-29,return,21,0.0045774429336602005,0.0045774429336602005,0.0007400143618321479,0.0007400143618321479,0.0007400143618321479,0.0048954290081808585,,,,,,,,
2020-07-30,return,21,0.009285901605766101,0.009285901605766101,0.0007400143618321479,0.0007400143618321479,0.0007400143618321479,0.00491711970684972,,,,,,,,
2020-07-31,return,21,0.0107690759753417,0.0107690759753417,0.0007400143618321479,0.0007400143618321479,0.0007400143618321479,0.004913209724471202,,,,,,,,
2020-08-03,return,21,0.01679435227744851,0.01679435227744851,0.0007400143618321479,0.0007400143618321479,0.0007400143618321479,0.004907214418157473,,,,,,,,
2020-08-04,return,21,0.006269613013595009,0.006269613013595009,0.0007400143618321479,0.0007400143618321479,0.0007400143618321479,0.00491503438291451,,,,,,,,
2020-08-05,return,21,-0.005562593357215386,-0.005562593357215386,0.0007400143618321479,0.0007400143618321479,0.0007400143618321479,0.004936408953250414,,,,,,,,
2020-08-06,return,21,-0.0030410565757790905,-0.0030410565757790905,0.0007400143618321479,0.0007400143618321479,0.0007400143618321479,0.004943446921531747,,,,,,,,
2020-08-07,return,21,0.0011033313234699135,0.0011033313234699135,0.0007400143618321479,0.0007400143618321479,0.0007400143618321479,0.004907885488951059,,,,,,,,
2020-08-10,return,21,0.004582881652599915,0.004582881652599915,0.0007400143618321479,0.0007400143618321479,0.0007400143618321479,0.004886716121265998,,,,,,,,
2020-08-11,return,21,0.009812293242750215,0.009812293242750215,0.0007400143618321479,0.0007400143618321479,0.0007400143618321479,0.0048391640760578536,,,,,,,,
2020-08-12,return,21,0.0029627143184959145,0.0029627143184959145,0.0007400143618321479,0.0007400143618321479,0.0007400143618321479,0.004851545686923163,,,,,,,,
2020-08-13,return,21,0.004727342925000716,0.004727342925000716,0.0007400143618321479,0.0007400143618321479,0.0007400143618321479,0.0048463323770851375,,,,,,,,
2020-08-14,return,21,0.0010980194523516128,0.0010980194523516128,0.0007400143618321479,0.0007400143618321479,0.0007400143618321479,0.004884630797330788,,,,,,,,
2020-08-17,return,21,-0.002868716108420885,-0.002868716108420885,0.0007400143618321479,0.0007400143618321479,0.0007400143618321479,0.004889844107168814,,,,,,,,
2020-08-18,return,21,-0.00884179058146099,-0.00884179058146099,0.0007400143618321479,0.0007400143618321479,0.0007400143618321479,0.00489114743462832,,,,,,,,
2020-08-19,return,21,-0.0034519082897803872,-0.0034519082897803872,0.0007400143618321479,0.0007400143618321479,0.0007400143618321479,0.004904050376477432,,,,,,,,
2020-08-20,return,21,-0.01059376829854789,-0.01059376829854789,0.0007400143618321479,0.0007400143618321479,0.0007400143618321479,0.004932518377935728,,,,,,,,
2020-08-21,return,21,-0.006133420709852289,-0.006133420709852289,0.0007400143618321479,0.0007400143618321479,0.0007400143618321479,0.004869010274880547,,,,,,,,
2020-08-24,return,21,-0.01073264135335389,-0.01073264135335389,0.0007400143618321479,0.0007400143618321479,0.0007400143618321479,0.004910567013774963,,,,,,,,
2020-08-25,return,21,-0.01294516459203659,-0.01294516459203659,0.0007400143618321479,0.0007400143618321479,0.0007400143618321479,0.004888745982360151,,,,,,,,
2020-08-26,return,21,-0.01664500039604189,-0.01664500039604189,0.0007400143618321479,0.0007400143618321479,0.0007400143618321479,0.004864057630534423,,,,,,,,
2020-08-27,return,21,-0.013967183283499288,-0.013967183283499288,0.0007400143618321479,0.0007400143618321479,0.0007400143618321479,0.00485519500380978,,,,,,,,
2020-08-28,return,21,-0.01558165151428389,-0.01558165151428389,0.0007400143618321479,0.0007400143618321479,0.0007400143618321479,0.00489948873036916,,,,,,,,
2020-08-31,return,21,-0.01917855428782819,-0.01917855428782819,0.0007400143618321479,0.0007400143618321479,0.0007400143618321479,0.004898185402909654,,,,,,,,
2020-09-01,return,21,-0.016624153996040402,-0.016624153996040402,0.0007400143618321479,0.0007400143618321479,0.0007400143618321479,0.004919354770594715,,,,,,,,
2020-09-02,return,21,-0.01138209858683,-0.01138209858683,0.0007400143618321479,0.0007400143618321479,0.0007400143618321479,0.004896882075450148,,,,,,,,
2020-09-03,return,21,-0.004065046248169399,-0.004065046248169399,0.0007400143618321479,0.0007400143618321479,0.0007400143618321479,0.004927044402605801,,,,,,,,
2020-09-04,return,21,-0.0035596274555728994,-0.0035596274555728994,0.0007400143618321479,0.0007400143618321479,0.0007400143618321479,0.004899358397623209,,,,,,,,
2020-09-08,return,21,-0.0019528768677259016,-0.0019528768677259016,0.0007400143618321479,0.0007400143618321479,0.0007400143618321479,0.004872249186465479,,,,,,,,
2020-09-09,return,21,-0.004838103058553599,-0.004838103058553599,0.0007400143618321479,0.0007400143618321479,0.0007400143618321479,0.004880981480444171,,,,,,,,
2020-09-10,return,21,-0.0051479079043950035,-0.0051479079043950035,0.0007400143618321479,0.0007400143618321479,0.0007400143618321479,0.004875116506876393,,,,,,,,
2020-09-11,return,21,-0.0079769601535386,-0.0079769601535386,0.0007400143618321479,0.0007400143618321479,0.0007400143618321479,0.004883252599966391,,,,,,,,
2020-09-14,return,21,-0.010072453856450402,-0.010072453856450402,0.0007400143618321479,0.0007400143618321479,0.0007400143618321479,0.004853220605556687,,,,,,,,
2020-09-15,return,21,-0.0123159496179523,-0.0123159496179523,0.0007400143618321479,0.0007400143618321479,0.0007400143618321479,0.004869512198800515,,,,,,,,
2020-09-16,return,21,-0.0100204642799285,-0.0100204642799285,0.0007400143618321479,0.0007400143618321479,0.0007400143618321479,0.004872640184703331,,,,,,,,
2020-09-17,return,21,-0.002964722005527701,-0.002964722005527701,0.0007400143618321479,0.0007400143618321479,0.0007400143618321479,0.004895112879847898,,,,,,,,
2020-09-18,return,21,-0.0027870462700873995,-0.0027870462700873995,0.0007400143618321479,0.0007400143618321479,0.0007400143618321479,0.004856218258713551,,,,,,,,
2020-09-21,return,21,0.01126796350359,0.01126796350359,0.0007400143618321479,0.0007400143618321479,0.0007400143618321479,0.004858173249902811,,,,,,,,
2020-09-22,return,21,0.010286145013216898,0.010286145013216898,0.0007400143618321479,0.0007400143618321479,0.0007400143618321479,0.004874129307749847,,,,,,,,
2020-09-23,return,21,0.014200315145766898,0.014200315145766898,0.0007400143618321479,0.0007400143618321479,0.0007400143618321479,0.004849962286907921,,,,,,,,
2020-09-24,return,21,0.0127759168976326,0.0127759168976326,0.0007400143618321479,0.0007400143618321479,0.0007400143618321479,0.004851265614367428,,,,,,,,
2020-09-25,return,21,0.0184211246841614,0.0184211246841614,0.0007400143618321479,0.0007400143618321479,0.0007400143618321479,0.00489360434973755,,,,,,,,
2020-09-28,return,21,0.007774162429457601,0.007774162429457601,0.0007400143618321479,0.0007400143618321479,0.0007400143618321479,0.004835365019361451,,,,,,,,
2020-09-29,return,21,-0.0050481390626605,-0.0050481390626605,0.0007400143618321479,0.0007400143618321479,0.0007400143618321479,0.0049095604075845845,,,,,,,,
2020-09-30,return,21,-0.006504087969176202,-0.006504087969176202,0.0007400143618321479,0.0007400143618321479,0.0007400143618321479,0.0048672216722144635,,,,,,,,
2020-10-01,return,21,-0.0100915933830063,-0.0100915933830063,0.0007400143618321479,0.0007400143618321479,0.0007400143618321479,0.004830412375015327,,,,,,,,
2020-10-02,return,21,0.0015364919796168998,0.0015364919796168998,0.0007400143618321479,0.0007400143618321479,0.0007400143618321479,0.004851581742700388,,,,,,,,
2020-10-05,return,21,-0.004593016494944901,-0.004593016494944901,0.0007400143618321479,0.0007400143618321479,0.0007400143618321479,0.004827805720096314,,,,,,,,
2020-10-06,return,21,0.0026285680967654997,0.0026285680967654997,0.0007400143618321479,0.0007400143618321479,0.0007400143618321479,0.00481842176238787,,,,,,,,
2020-10-07,return,21,0.010147220502204398,0.010147220502204398,0.0007400143618321479,0.0007400143618321479,0.0007400143618321479,0.0047739977030825395,,,,,,,,
2020-10-08,return,21,0.004922773478992898,0.004922773478992898,0.0007400143618321479,0.0007400143618321479,0.0007400143618321479,0.0048283825139211764,,,,,,,,
2020-10-09,return,21,-0.0007617758208327214,-0.0007617758208327214,0.0007400143618321479,0.0007400143618321479,0.0007400143618321479,0.004764874410865995,,,,,,,,
2020-10-13,return,21,0.00653902376705638,0.00653902376705638,0.0007400143618321479,0.0007400143618321479,0.0007400143618321479,0.004752362467254735,,,,,,,,
2020-10-14,return,21,0.00585268221381268,0.00585268221381268,0.0007400143618321479,0.0007400143618321479,0.0007400143618321479,0.00478948789278683,,,,,,,,
2020-10-15,return,21,0.012147102002523476,0.012147102002523476,0.0007400143618321479,0.0007400143618321479,0.0007400143618321479,0.004780364600570286,,,,,,,,
2020-10-16,return,21,0.012299234730515876,0.012299234730515876,0.0007400143618321479,0.0007400143618321479,0.0007400143618321479,0.004780364600570286,,,,,,,,
2020-10-19,return,21,0.006847894198919479,0.006847894198919479,0.0007400143618321479,0.0007400143618321479,0.0007400143618321479,0.004717433291339967,,,,,,,,
2020-10-20,return,21,0.0016056115335117784,0.0016056115335117784,0.0007400143618321479,0.0007400143618321479,0.0007400143618321479,0.004759772026710087,,,,,,,,
2020-10-21,return,21,-0.0010957981456435229,-0.0010957981456435229,0.0007400143618321479,0.0007400143618321479,0.0007400143618321479,0.004758990030234383,,,,,,,,
2020-10-22,return,21,0.00016913319279207757,0.00016913319279207757,0.0007400143618321479,0.0007400143618321479,0.0007400143618321479,0.004715087301912856,,,,,,,,
2020-10-23,return,21,0.0025297256091386788,0.0025297256091386788,0.0007400143618321479,0.0007400143618321479,0.0007400143618321479,0.0046760068851915,,,,,,,,
2020-10-26,return,21,0.00775589792445108,0.00775589792445108,0.0007400143618321479,0.0007400143618321479,0.0007400143618321479,0.004692800402355298,,,,,,,,
2020-10-27,return,21,0.009587156099360882,0.009587156099360882,0.0007400143618321479,0.0007400143618321479,0.0007400143618321479,0.004690193747436285,,,,,,,,
2020-10-28,return,21,0.024213036601085078,0.024213036601085078,0.0007400143618321479,0.0007400143618321479,0.0007400143618321479,0.004694885726290508,,,,,,,,
2020-10-29,return,21,0.036634133179780086,0.036634133179780086,0.0007400143618321479,0.0007400143618321479,0.0007400143618321479,0.004690193747436285,,,,,,,,
2020-10-30,return,21,0.04244512917295649,0.04244512917295649,0.0007400143618321479,0.0007400143618321479,0.0007400143618321479,0.004714285898373318,,,,,,,,
2020-11-02,return,21,0.042738671219672085,0.042738671219672085,0.0007400143618321479,0.0007400143618321479,0.0007400143618321479,0.004619162400893193,,,,,,,,
2020-11-03,return,21,0.03470300456501698,0.03470300456501698,0.0007400143618321479,0.0007400143618321479,0.0007400143618321479,0.004583786763899514,,,,,,,,
2020-11-04,return,21,0.03196446787352918,0.03196446787352918,0.0007400143618321479,0.0007400143618321479,0.0007400143618321479,0.004647294866954695,,,,,,,,
2020-11-05,return,21,0.02268923988752418,0.02268923988752418,0.0007400143618321479,0.0007400143618321479,0.0007400143618321479,0.00465250817679272,,,,,,,,
2020-11-06,return,21,0.019330713578328284,0.019330713578328284,0.0007400143618321479,0.0007400143618321479,0.0007400143618321479,0.004611472768882106,,,,,,,,
2020-11-09,return,21,0.025165396065382782,0.025165396065382782,0.0007400143618321479,0.0007400143618321479,0.0007400143618321479,0.004595516711035071,,,,,,,,
2020-11-10,return,21,0.0279709322448647,0.0279709322448647,0.0007400143618321479,0.0007400143618321479,0.0007400143618321479,0.004561128273167938,,,,,,,,
2020-11-12,return,21,0.0287021204414872,0.0287021204414872,0.0007400143618321479,0.0007400143618321479,0.0007400143618321479,0.004604770335997565,,,,,,,,
2020-11-13,return,21,0.0292533047628076,0.0292533047628076,0.0007400143618321479,0.0007400143618321479,0.0007400143618321479,0.004604770335997565,,,,,,,,
2020-11-16,return,21,0.0343573748241953,0.0343573748241953,0.0007400143618321479,0.0007400143618321479,0.0007400143618321479,0.004561128273167938,,,,,,,,
2020-11-17,return,21,0.0310424128721224,0.0310424128721224,0.0007400143618321479,0.0007400143618321479,0.0007400143618321479,0.004582297640852998,,,,,,,,
2020-11-18,return,21,0.0299619906247131,0.0299619906247131,0.0007400143618321479,0.0007400143618321479,0.0007400143618321479,0.004624636376223119,,,,,,,,
2020-11-19,return,21,0.027401256295366997,0.027401256295366997,0.0007400143618321479,0.0007400143618321479,0.0007400143618321479,0.004583079637328702,,,,,,,,
2020-11-20,return,21,0.0280256170096912,0.0280256170096912,0.0007400143618321479,0.0007400143618321479,0.0007400143618321479,0.004631283346266601,,,,,,,,
2020-11-23,return,21,0.032200460790313495,0.032200460790313495,0.0007400143618321479,0.0007400143618321479,0.0007400143618321479,0.004633890001185614,,,,,,,,
2020-11-24,return,21,0.0313380531220454,0.0313380531220454,0.0007400143618321479,0.0007400143618321479,0.0007400143618321479,0.004641449300450751,,,,,,,,
2020-11-25,return,21,0.0307614795654666,0.0307614795654666,0.0007400143618321479,0.0007400143618321479,0.0007400143618321479,0.004618976605306184,,,,,,,,
2020-11-30,return,21,0.0233280493452179,0.0233280493452179,0.0007400143618321479,0.0007400143618321479,0.0007400143618321479,0.004641449300450751,,,,,,,,
2020-12-01,return,21,0.0177010343505738,0.0177010343505738,0.0007400143618321479,0.0007400143618321479,0.0007400143618321479,0.00462027993276569,,,,,,,,
2020-12-02,return,21,0.016565902865017697,0.016565902865017697,0.0007400143618321479,0.0007400143618321479,0.0007400143618321479,0.004642752627910257,,,,,,,,
2020-12-03,return,21,0.0112921582844721,0.0112921582844721,0.0007400143618321479,0.0007400143618321479,0.0007400143618321479,0.004643534624385961,,,,,,,,
2020-12-04,return,21,0.010079161002210704,0.010079161002210704,0.0007400143618321479,0.0007400143618321479,0.0007400143618321479,0.004648747934223986,,,,,,,,
2020-12-07,return,21,0.0093481615568658,0.0093481615568658,0.0007400143618321479,0.0007400143618321479,0.0007400143618321479,0.004718195880751837,,,,,,,,
2020-04-07,volatility,1,0.0020229891956679,0.0020229891956679,0.003097597891374258,0.004085308615475074,0.0038371110531210894,0.004327778004118765,,,,,,,,
2020-04-08,volatility,1,0.006148218495358,0.006148218495358,0.003097597891374258,0.0039769968884095595,0.00375900798532917,0.004205665656622313,,,,,,,,
2020-04-09,volatility,1,0.0022896928078285,0.0022896928078285,0.003097597891374258,0.0039226793655826745,0.0037199461716073395,0.004145101000398013,,,,,,,,
2020-04-13,volatility,1,0.0059423313314839,0.0059423313314839,0.003097597891374258,0.003906513436169911,0.0037038283014596872,0.004110323546417497,,,,,,,,
2020-04-14,volatility,1,0.0056672912197341,0.0056672912197341,0.003097597891374258,0.0037962617975748647,0.003625493315415158,0.004002469795734728,,,,,,,,
2020-04-15,volatility,1,0.0063451406041194,0.0063451406041194,0.003097597891374258,0.003895843922757487,0.003698720570991997,0.00412028769749773,,,,,,,,
2020-04-16,volatility,1,0.0039589427024244,0.0039589427024244,0.003097597891374258,0.0038722416658148527,0.0036822383891964607,0.004099377579719649,,,,,,,,
2020-04-17,volatility,1,0.0008273199901957,0.0008273199901957,0.003097597891374258,0.00380887122251682,0.0036358701640118,0.0040292985555639305,,,,,,,,
2020-04-20,volatility,1,0.0018409430825158,0.0018409430825158,0.003097597891374258,0.003992516180645812,0.0037708725948974323,0.004236097683067413,,,,,,,,
2020-04-21,volatility,1,0.0023059549949706,0.0023059549949706,0.003097597891374258,0.004043600517590144,0.0038084260879959007,0.004298004563747291,,,,,,,,
2020-04-22,volatility,1,0.0012936612412203,0.0012936612412203,0.003097597891374258,0.0039327022418185874,0.00372581612930355,0.004173474036750679,,,,,,,,
2020-04-23,volatility,1,0.0015731276089266,0.0015731276089266,0.003097597891374258,0.003913303126523272,0.0037127494729033627,0.004153044662463037,,,,,,,,
2020-04-24,volatility,1,0.002866788850147,0.002866788850147,0.003097597891374258,0.003737094495924151,0.00358429929316888,0.003956324817093289,,,,,,,,
2020-04-27,volatility,1,0.0006462035766062,0.0006462035766062,0.003097597891374258,0.0036517383886247603,0.003523071529237664,0.003857979923988064,,,,,,,,
2020-04-28,volatility,1,0.0015676152410292,0.0015676152410292,0.003097597891374258,0.0036607913090959078,0.003529726578647519,0.003868966851021173,,,,,,,,
2020-04-29,volatility,1,0.0074356610089296,0.0074356610089296,0.003097597891374258,0.0035851347594441753,0.003476280586851267,0.0037862568840221606,,,,,,,,
2020-04-30,volatility,1,0.0058362376128155,0.0058362376128155,0.003097597891374258,0.003679543787214713,0.003545683244982613,0.003895527034654524,,,,,,,,
2020-05-01,volatility,1,0.0079419834126614,0.0079419834126614,0.003097597891374258,0.0037778326380443145,0.0036169610240672917,0.004006931600942268,,,,,,,,
2020-05-04,volatility,1,0.0061595230365425,0.0061595230365425,0.003097597891374258,0.003738387770277172,0.0035829702473277308,0.0039578753886684095,,,,,,,,
2020-05-05,volatility,1,0.003510396214545,0.003510396214545,0.003097597891374258,0.003662084583448929,0.0035273119293847454,0.0038699054353218774,,,,,,,,
2020-05-06,volatility,1,0.0008325239831479,0.0008325239831479,0.003097597891374258,0.003678573831449947,0.003539433626524124,0.0038912182953373823,,,,,,,,
2020-05-07,volatility,1,0.003599616236191,0.003599616236191,0.003097597891374258,0.003591924449797536,0.0034766037791956685,0.003794722922383452,,,,,,,,
2020-05-08,volatility,1,0.0033222621919777,0.0033222621919777,0.003097597891374258,0.0034800562182612134,0.0033948006242853945,0.0036629251106378214,,,,,,,,
2020-05-11,volatility,1,0.004243157367105,0.004243157367105,0.003097597891374258,0.0034668001561427475,0.0033833187650320774,0.0036344842077316846,,,,,,,,
2020-05-12,volatility,1,0.002488365875482,0.002488365875482,0.003097597891374258,0.0036436554239183787,0.0035126785468073433,0.0038327613933466947,,,,,,,,
2020-05-13,volatility,1,0.0034200708106841,0.0034200708106841,0.003097597891374258,0.0037160787876875587,0.0035672433782605673,0.003914050843017717,,,,,,,,
2020-05-14,volatility,1,0.001480385170434,0.001480385170434,0.003097597891374258,0.003629752724623402,0.003503782728530877,0.003824767768132118,,,,,,,,
2020-05-15,volatility,1,0.0081031750936233,0.0081031750936233,0.003097597891374258,0.0036064737862690228,0.003486669744334107,0.0038002309648077714,,,,,,,,
2020-05-18,volatility,1,0.0030218419588571,0.0030218419588571,0.003097597891374258,0.0035227342719109087,0.0034232650114761837,0.0036996759509570444,,,,,,,,
2020-05-19,volatility,1,0.003923899728296,0.003923899728296,0.003097597891374258,0.0035625024582663064,0.0034525214048807653,0.0037450890359848514,,,,,,,,
2020-05-20,volatility,1,0.0024620447397752,0.0024620447397752,0.003097597891374258,0.0034803795368494686,0.003390847875413986,0.0036504239297124015,,,,,,,,
2020-05-21,volatility,1,0.0054012123801267,0.0054012123801267,0.003097597891374258,0.00353017059944078,0.0034271249661417015,0.0037009434978539702,,,,,,,,
2020-05-22,volatility,1,0.0069520953256562,0.0069520953256562,0.003097597891374258,0.003485875952849808,0.003393694277363324,0.003649525539773722,,,,,,,,
2020-05-26,volatility,1,9.116185794179332e-05,9.116185794179332e-05,0.003097597891374258,0.0034810261740259793,0.0033895862706115176,0.003644523423450833,,,,,,,,
2020-05-27,volatility,1,0.0090752959742898,0.0090752959742898,0.003097597891374258,0.0034684167490840238,0.0033818365822952095,0.003635104358892898,,,,,,,,
2020-05-28,volatility,1,0.003427131781496,0.003427131781496,0.003097597891374258,0.0034997786521447846,0.003407214766215915,0.0036753204612201534,,,,,,,,
2020-05-29,volatility,1,0.0014394964249093,0.0014394964249093,0.003097597891374258,0.0034648602446132157,0.0033815452899207594,0.003635039939182049,,,,,,,,
2020-06-01,volatility,1,0.0038584102782764,0.0038584102782764,0.003097597891374258,0.003488139182967595,0.0033968127483007663,0.0036589250212375334,,,,,,,,
2020-06-02,volatility,1,0.0071390629818412,0.0071390629818412,0.003097597891374258,0.003443197899200113,0.0033624724574816064,0.003608140340248021,,,,,,,,
2020-06-03,volatility,1,0.0067352257444582,0.0067352257444582,0.003097597891374258,0.0034050463057859913,0.003335728901931739,0.0035645733155871976,,,,,,,,
2020-06-04,volatility,1,0.0022105318696765,0.0022105318696765,0.003097597891374258,0.0034098960846098204,0.0033429851586062598,0.003564841428236231,,,,,,,,
2020-06-05,volatility,1,0.0003541390032584,0.0003541390032584,0.003097597891374258,0.003368187986724891,0.0033121072745693875,0.003513170680307704,,,,,,,,
2020-06-08,volatility,1,0.0048584522050717,0.0048584522050717,0.003097597891374258,0.0034098960846098204,0.0033427680379219346,0.003561936141940323,,,,,,,,
2020-06-09,volatility,1,0.0006166586109168,0.0006166586109168,0.003097597891374258,0.0034668001561427475,0.0033855768201490584,0.0036304953672600506,,,,,,,,
2020-06-10,volatility,1,0.0020234907709338,0.0020234907709338,0.003097597891374258,0.0034668001561427475,0.0033875309063079845,0.00362491454453523,,,,,,,,
2020-06-11,volatility,1,0.0110469065605956,0.0110469065605956,0.003097597891374258,0.003894227329816211,0.003700984388192435,0.00411288459456589,,,,,,,,
2020-06-12,volatility,1,0.0015095682838249,0.0015095682838249,0.003097597891374258,0.0037422675933362353,0.003590707626757841,0.0039409039493584815,,,,,,,,
2020-06-15,volatility,1,0.0009765192306915,0.0009765192306915,0.003097597891374258,0.003687626751921095,0.0035488026844880433,0.0038684639267546053,,,,,,,,
2020-06-16,volatility,1,0.0035590392581658,0.0035590392581658,0.003097597891374258,0.0036640244949784607,0.0035316691406395316,0.0038434584123306324,,,,,,,,
2020-06-17,volatility,1,0.0002674392705933,0.0002674392705933,0.003097597891374258,0.0036575581232133553,0.00352823997009259,0.0038364797889739446,,,,,,,,
2020-06-18,volatility,1,0.00241017746665,0.00241017746665,0.003097597891374258,0.003640422238035826,0.003517922679466492,0.0038095748781288097,,,,,,,,
2020-06-19,volatility,1,0.0063254698859601,0.0063254698859601,0.003097597891374258,0.0037109056902754744,0.003569302751360285,0.0038803888244627956,,,,,,,,
2020-06-22,volatility,1,0.005491112902924,0.005491112902924,0.003097597891374258,0.0036025939632099596,0.003488659371561762,0.0037466244140912782,,,,,,,,
2020-06-23,volatility,1,0.0044259610180891,0.0044259610180891,0.003097597891374258,0.0035896612196797493,0.003480020640856412,0.0037381024500686357,,,,,,,,
2020-06-24,volatility,1,0.0045347519136497,0.0045347519136497,0.003097597891374258,0.0036695209109788,0.0035390316528228325,0.003831100927291122,,,,,,,,
2020-06-25,volatility,1,0.0005348547105576,0.0005348547105576,0.003097597891374258,0.003617143299681447,0.003500961679748749,0.003772456315149486,,,,,,,,
2020-06-26,volatility,1,0.0019597369535936,0.0019597369535936,0.003097597891374258,0.003698296265333519,0.003560619444101379,0.003867925404010722,,,,,,,,
2020-06-29,volatility,1,0.0,0.0,0.003097597891374258,0.0036029172817982147,0.003491263667356972,0.0037537959624010337,,,,,,,,
2020-06-30,volatility,1,0.0019559038952281,0.0019559038952281,0.003097597891374258,0.003559269272383754,0.0034593939426723528,0.003707805704549327,,,,,,,,
2020-07-01,volatility,1,0.0019559038952281,0.0019559038952281,0.003097597891374258,0.0035007486079095505,0.0034163738018443608,0.003640978319264505,,,,,,,,
2020-07-02,volatility,1,0.0062100980273428,0.0062100980273428,0.003097597891374258,0.003470356660613555,0.0033940318502541328,0.003609210382353497,,,,,,,,
2020-07-06,volatility,1,0.0007077767259989,0.0007077767259989,0.003097597891374258,0.0034787629439081923,0.003398908814885905,0.0036169790488759985,,,,,,,,
2020-07-07,volatility,1,0.0026515836642424,0.0026515836642424,0.003097597891374258,0.003526937413558227,0.003433888943591126,0.0036718957235084403,,,,,,,,
2020-07-08,volatility,1,0.0027400909882812,0.0027400909882812,0.003097597891374258,0.003483289404143766,0.003406687313619497,0.0036348025169480533,,,,,,,,
2020-07-09,volatility,1,0.0017686598172617,0.0017686598172617,0.003097597891374258,0.0035214409975578877,0.003434733593275315,0.003683847489467323,,,,,,,,
2020-07-10,volatility,1,0.0040560852716095,0.0040560852716095,0.003097597891374258,0.0034577472356716,0.0033879105670702628,0.003611112711008152,,,,,,,,
2020-07-13,volatility,1,0.0036890687424055,0.0036890687424055,0.003097597891374258,0.003616173343916681,0.003503939690374077,0.003790509665826601,,,,,,,,
2020-07-14,volatility,1,0.0,0.0,0.003097597891374258,0.0035298472808525244,0.0034404790406443874,0.0036935525146746476,,,,,,,,
2020-07-15,volatility,1,0.0023643778254856,0.0023643778254856,0.003097597891374258,0.0034729432093195977,0.003399515784234027,0.003630819636955979,,,,,,,,
2020-07-16,volatility,1,0.0004372349332915,0.0004372349332915,0.003097597891374258,0.0034807028554377237,0.003405220112299617,0.0036396807267175023,,,,,,,,
2020-07-17,volatility,1,0.0003496503532127,0.0003496503532127,0.003097597891374258,0.003405692942962502,0.003352032360491172,0.0035616862230143137,,,,,,,,
2020-07-20,volatility,1,0.0046213623688077,0.0046213623688077,0.003097597891374258,0.003366248075195359,0.003323035359491089,0.0035202544546066054,,,,,,,,
2020-07-21,volatility,1,0.0079716217997804,0.0079716217997804,0.003097597891374258,0.0033785341815490595,0.003331958651919444,0.0035338788952844354,,,,,,,,
2020-07-22,volatility,1,0.0031021136466456,0.0031021136466456,0.003097597891374258,0.0033617216149597856,0.0033199249554704867,0.003516185868165529,,,,,,,,
2020-07-23,volatility,1,0.001031903092684,0.001031903092684,0.003097597891374258,0.0034186256864927123,0.003360888211880847,0.0035833734248928474,,,,,,,,
2020-07-24,volatility,1,0.0098354438359129,0.0098354438359129,0.003097597891374258,0.0034108660403745863,0.003355183883815257,0.003574512335131324,,,,,,,,
2020-07-27,volatility,1,0.0014478561486812,0.0014478561486812,0.003097597891374258,0.0033753009956665066,0.003327193521031205,0.0035307727555788943,,,,,,,,
2020-07-28,volatility,1,0.0031485368306986,0.0031485368306986,0.003097597891374258,0.0033979332968443756,0.003344808187635306,0.003562118113020916,,,,,,,,
2020-07-29,volatility,1,0.0017826073223509,0.0017826073223509,0.003097597891374258,0.0033546086060181695,0.0033168671949202803,0.0035084853031504912,,,,,,,,
2020-07-30,volatility,1,0.0026256738076413,0.0026256738076413,0.003097597891374258,0.0033759476328430174,0.0033316856143633523,0.003532782043493386,,,,,,,,
2020-07-31,volatility,1,0.0061089618120096,0.0061089618120096,0.003097597891374258,0.003366248075195359,0.0033241209629127147,0.003525243782431021,,,,,,,,
2020-08-03,volatility,1,0.0013607758520962,0.0013607758520962,0.003097597891374258,0.0033604283406067645,0.003316911587625133,0.003519823032986015,,,,,,,,
2020-08-04,volatility,1,0.0111563023234496,0.0111563023234496,0.003097597891374258,0.0033436157740174906,0.0033045522101496877,0.003513824537082278,,,,,,,,
2020-08-05,volatility,1,0.0035362502119828,0.0035362502119828,0.003097597891374258,0.003318720242721835,0.003287553548378537,0.0034928575145256103,,,,,,,,
2020-08-06,volatility,1,0.0067705065672106,0.0067705065672106,0.003097597891374258,0.0033077274107211558,0.00328055802037391,0.0034848442129951926,,,,,,,,
2020-08-07,volatility,1,0.0016998134298495,0.0016998134298495,0.003097597891374258,0.003293501392837924,0.0032696658442183443,0.0034712014248167665,,,,,,,,
2020-08-10,volatility,1,0.0006802721350775,0.0006802721350775,0.003097597891374258,0.003290914844131882,0.0032677644015298144,0.003468247728229592,,,,,,,,
2020-08-11,volatility,1,0.0027164702612813,0.0027164702612813,0.003097597891374258,0.003352345375900383,0.003312055182645102,0.0035394057142058015,,,,,,,,
2020-08-12,volatility,1,0.001863301970453,0.001863301970453,0.003097597891374258,0.003295764622955711,0.003272415209992434,0.0034788813175409064,,,,,,,,
2020-08-13,volatility,1,0.001268445478939,0.001268445478939,0.003097597891374258,0.003290914844131882,0.0032688500049514397,0.0034699995203404136,,,,,,,,
2020-08-14,volatility,1,0.0030377206719463,0.0030377206719463,0.003097597891374258,0.0032883282954258397,0.0032682512863688607,0.0034632376669423495,,,,,,,,
2020-08-17,volatility,1,0.0049586183880691,0.0049586183880691,0.003097597891374258,0.003265695994247971,0.0032516136628442226,0.0034420344158601094,,,,,,,,
2020-08-18,volatility,1,0.0025182586967234,0.0025182586967234,0.003097597891374258,0.0032708690916600554,0.0032549823068526327,0.0034486154658148437,,,,,,,,
2020-08-19,volatility,1,0.0030303053491791,0.0030303053491791,0.003097597891374258,0.0033041709062503477,0.0032800061831782697,0.003490904139919716,,,,,,,,
2020-08-20,volatility,1,0.0073613735140533,0.0073613735140533,0.003097597891374258,0.0033099906408389427,0.003284501549911787,0.003499959558357223,,,,,,,,
2020-08-21,volatility,1,0.0023750965444504,0.0023750965444504,0.003097597891374258,0.0033041709062503477,0.0032802233038625945,0.00349331374103608,,,,,,,,
2020-08-24,volatility,1,0.0012700564765509,0.0012700564765509,0.003097597891374258,0.0032986744902500083,0.0032748800140435176,0.003487062896918027,,,,,,,,
2020-08-25,volatility,1,0.0004231729570999,0.0004231729570999,0.003097597891374258,0.0032876816582493294,0.003267775925696728,0.0034724692619650978,,,,,,,,
2020-08-26,volatility,1,0.0009307442394629,0.0009307442394629,0.003097597891374258,0.0033277731631929826,0.0032972482873689433,0.0035154673146544886,,,,,,,,
2020-08-27,volatility,1,0.0064910659944568,0.0064910659944568,0.003097597891374258,0.0033665713937836147,0.0033249014449595934,0.0035540886160928867,,,,,,,,
2020-08-28,volatility,1,0.0041088481772169,0.0041088481772169,0.003097597891374258,0.003317750286957069,0.0032890117142135894,0.0034989830218804235,,,,,,,,
2020-08-31,volatility,1,8.368550990278667e-05,8.368550990278667e-05,0.003097597891374258,0.0034292951999051365,0.0033693830250240086,0.0036251196650661883,,,,,,,,
2020-09-01,volatility,1,0.0091639634117573,0.0091639634117573,0.003097597891374258,0.003419918960845734,0.0033624902952780872,0.00361481813304893,,,,,,,,
2020-09-02,volatility,1,0.0006759040473608,0.0006759040473608,0.003097597891374258,0.0034344682973172207,0.0033727516690324187,0.003630596772326901,,,,,,,,
2020-09-03,volatility,1,0.0010147134305465,0.0010147134305465,0.003097597891374258,0.0036617612648606737,0.003539840945286995,0.0038917266437047994,,,,,,,,
2020-09-04,volatility,1,0.0026261186679616,0.0026261186679616,0.003097597891374258,0.0035696154672079225,0.003472861971903251,0.0037825701357289206,,,,,,,,
2020-09-08,volatility,1,0.0017797368992805,0.0017797368992805,0.003097597891374258,0.003592571086974046,0.00348528630173529,0.003794093354787627,,,,,,,,
2020-09-09,volatility,1,0.0059096837252278,0.0059096837252278,0.003097597891374258,0.0035068916610864007,0.003423278055757196,0.0036967824859135945,,,,,,,,
2020-09-10,volatility,1,0.004133108662973,0.004133108662973,0.003097597891374258,0.0035359903340293746,0.003444560725660996,0.003730967768130304,,,,,,,,
2020-09-11,volatility,1,0.0036279305769578,0.0036279305769578,0.003097597891374258,0.0034441678549648786,0.0033751054240592536,0.0036179958699035083,,,,,,,,
2020-09-14,volatility,1,0.0023608779937101,0.0023608779937101,0.003097597891374258,0.0034111893589628415,0.0033502540918643854,0.00357302961860282,,,,,,,,
2020-09-15,volatility,1,0.0009290148888262,0.0009290148888262,0.003097597891374258,0.0034027830756682043,0.003344074403126663,0.003565452529731821,,,,,,,,
2020-09-16,volatility,1,0.001014456084971,0.001014456084971,0.003097597891374258,0.0034173324121396917,0.003355790485465972,0.003581882904893659,,,,,,,,
2020-09-17,volatility,1,0.0028716235949572,0.0028716235949572,0.003097597891374258,0.0034309117928464127,0.0033656644992385923,0.003597820097889961,,,,,,,,
2020-09-18,volatility,1,0.0101721653579466,0.0101721653579466,0.003097597891374258,0.0034105427217863307,0.0033460225433534284,0.003559991952554568,,,,,,,,
2020-09-21,volatility,1,0.0029010259253577,0.0029010259253577,0.003097597891374258,0.003473589846496108,0.0033928044502549983,0.0036328771066041496,,,,,,,,
2020-09-22,volatility,1,0.0022241240990512,0.0022241240990512,0.003097597891374258,0.0034438445363766234,0.0033702864972839277,0.003589611076371974,,,,,,,,
2020-09-23,volatility,1,0.0009424667621318,0.0009424667621318,0.003097597891374258,0.0034994553335565295,0.003411167515087323,0.0036459905628034206,,,,,,,,
2020-09-24,volatility,1,0.0041230087611052,0.0041230087611052,0.003097597891374258,0.0034971921034387425,0.00341037223547216,0.0036442419823145282,,,,,,,,
2020-09-25,volatility,1,0.0036085613520055,0.0036085613520055,0.003097597891374258,0.0034283252441403705,0.0033601805652586983,0.0035672222831260028,,,,,,,,
2020-09-28,volatility,1,0.0048765977636722,0.0048765977636722,0.003097597891374258,0.0034221821909635203,0.0033544704751096513,0.0035524834951064814,,,,,,,,
2020-09-29,volatility,1,0.0005119454036726,0.0005119454036726,0.003097597891374258,0.0034247687396695625,0.003358108883272782,0.0035593711542967234,,,,,,,,
2020-09-30,volatility,1,0.002470714781885,0.002470714781885,0.003097597891374258,0.0034280019255521154,0.0033589658418431687,0.0035628199041639426,,,,,,,,
2020-10-01,volatility,1,0.0039219080025469,0.0039219080025469,0.003097597891374258,0.003438671438964539,0.003365137463664052,0.0035649730542874156,,,,,,,,
2020-10-02,volatility,1,0.0066411482912998,0.0066411482912998,0.003097597891374258,0.003468740067672279,0.0033872417349182136,0.0035993097771133183,,,,,,,,
2020-10-05,volatility,1,0.00050929463795,0.00050929463795,0.003097597891374258,0.003479409581084703,0.0033950851860084,0.003609821967485643,,,,,,,,
2020-10-06,volatility,1,0.0010193680801146,0.0010193680801146,0.003097597891374258,0.0035285540064995033,0.003432081079827771,0.0036596397609849106,,,,,,,,
2020-10-07,volatility,1,0.0011054892915472,0.0011054892915472,0.003097597891374258,0.0034826427669672555,0.0033980047910798753,0.003607699481623367,,,,,,,,
2020-10-08,volatility,1,0.0055998788793864,0.0055998788793864,0.003097597891374258,0.0034276786069638602,0.0033573820132642867,0.003536635131011511,,,,,,,,
2020-10-09,volatility,1,0.0069621609121166,0.0069621609121166,0.003097597891374258,0.003383707278961144,0.003325057487559276,0.003489180492186036,,,,,,,,
2020-10-13,volatility,1,0.001532436874046,0.001532436874046,0.003097597891374258,0.003418302367904457,0.003347123912911326,0.003520477466091977,,,,,,,,
2020-10-14,volatility,1,0.004604373755212,0.004604373755212,0.003097597891374258,0.003428971881316881,0.0033549456519330802,0.003530129084637028,,,,,,,,
2020-10-15,volatility,1,0.0013664704491976,0.0013664704491976,0.003097597891374258,0.0034474010408474315,0.003368059189720206,0.003544917226535202,,,,,,,,
2020-10-16,volatility,1,0.0060412861894298,0.0060412861894298,0.003097597891374258,0.0034616270587306632,0.0033780828831384713,0.00356156817587591,,,,,,,,
2020-10-19,volatility,1,0.0030492993303975,0.0030492993303975,0.003097597891374258,0.0035188544488518455,0.003419609500911386,0.0036073194369548645,,,,,,,,
2020-10-20,volatility,1,0.0038828444157308,0.0038828444157308,0.003097597891374258,0.003524350864852185,0.0034227815838872118,0.003615624132758854,,,,,,,,
2020-10-21,volatility,1,0.0038828444157308,0.0038828444157308,0.003097597891374258,0.0035017185636743164,0.0034073381241263617,0.0035973089838088703,,,,,,,,
2020-10-22,volatility,1,0.0016900460334988,0.0016900460334988,0.003097597891374258,0.0034842593599085318,0.003394503385978784,0.0035787210320608227,,,,,,,,
2020-10-23,volatility,1,0.0023668650102661,0.0023668650102661,0.003097597891374258,0.0034661535189662368,0.0033822788905806993,0.003560540534124063,,,,,,,,
2020-10-26,volatility,1,0.0015221990254236,0.0015221990254236,0.003097597891374258,0.0036249029457995734,0.0034978943321676047,0.0037292527535198847,,,,,,,,
2020-10-27,volatility,1,0.0070384009026983,0.0070384009026983,0.003097597891374258,0.003653678300154292,0.0035176800217662533,0.003764821495603916,,,,,,,,
2020-10-28,volatility,1,0.0079457037284459,0.0079457037284459,0.003097597891374258,0.003877738081815192,0.0036848893825299064,0.004027050865840628,,,,,,,,
2020-10-29,volatility,1,0.0009440035028431,0.0009440035028431,0.003097597891374258,0.003790765381574525,0.0036205191307594337,0.003925857600252168,,,,,,,,
2020-10-30,volatility,1,0.0011167906319451,0.0011167906319451,0.003097597891374258,0.003804668080869502,0.003628133936998381,0.003930031063059838,,,,,,,,
2020-11-02,volatility,1,0.0077061773600763,0.0077061773600763,0.003097597891374258,0.003775892726514783,0.0035982304235101827,0.0038695593965554055,,,,,,,,
2020-11-03,volatility,1,0.000511639816738,0.000511639816738,0.003097597891374258,0.0037248083895704506,0.0035593307821688985,0.003801869164220712,,,,,,,,
2020-11-04,volatility,1,0.0067122899537604,0.0067122899537604,0.003097597891374258,0.0035314638737938006,0.0034171979412012787,0.003588657720154544,,,,,,,,
2020-11-05,volatility,1,0.0064992843253243,0.0064992843253243,0.003097597891374258,0.0034671234747310027,0.0033707680370613944,0.0035246634662395603,,,,,,,,
2020-11-06,volatility,1,0.0063299363147587,0.0063299363147587,0.003097597891374258,0.00337918081872557,0.0033061189856513733,0.003424668068189265,,,,,,,,
2020-11-09,volatility,1,8.467042043922013e-05,8.467042043922013e-05,0.003097597891374258,0.0034079561730802886,0.00332727253556127,0.003459249086376127,,,,,,,,
2020-11-10,volatility,1,0.0003386386757725,0.0003386386757725,0.003097597891374258,0.0033772409071960384,0.0033046929036349756,0.0034317472244338463,,,,,,,,
2020-11-12,volatility,1,0.0008460953208023,0.0008460953208023,0.003097597891374258,0.0033950234295500783,0.00331819956348727,0.0034488196184580744,,,,,,,,
2020-11-13,volatility,1,0.0016900460334988,0.0016900460334988,0.003097597891374258,0.003322276747192643,0.003266024211978313,0.003365990272810542,,,,,,,,
2020-11-16,volatility,1,0.00151860317719,0.00151860317719,0.003097597891374258,0.0033012610389560504,0.0032507921108183317,0.0033460230013498482,,,,,,,,
2020-11-17,volatility,1,0.0005899456578334,0.0005899456578334,0.003097597891374258,0.0033096673222506876,0.0032569717995560546,0.0033556225152581655,,,,,,,,
2020-11-18,volatility,1,0.0021929833350102,0.0021929833350102,0.003097597891374258,0.0033462023227235327,0.003283829677531541,0.003398154715774502,,,,,,,,
2020-11-19,volatility,1,0.0011814347365755,0.0011814347365755,0.003097597891374258,0.0033226000657808983,0.003267781737104655,0.003374908159910331,,,,,,,,
2020-11-20,volatility,1,0.0026179130772952,0.0026179130772952,0.003097597891374258,0.0033416758624879588,0.003282673359669865,0.0033992769478301045,,,,,,,,
2020-11-23,volatility,1,0.0040506384498454,0.0040506384498454,0.003097597891374258,0.0033080507293094114,0.0032586059667719497,0.0033674321105065857,,,,,,,,
2020-11-24,volatility,1,0.0028593073050463,0.0028593073050463,0.003097597891374258,0.003275072233307374,0.003235231055230492,0.003331862519207954,,,,,,,,
2020-11-25,volatility,1,0.0033534572003334,0.0033534572003334,0.003097597891374258,0.0032624628083654183,0.003225744401439583,0.0033205212781885806,,,,,,,,
2020-11-30,volatility,1,0.0075874795990259,0.0075874795990259,0.003097597891374258,0.0032404771443640605,0.003210993423035191,0.0032970619974449803,,,,,,,,
2020-12-01,volatility,1,0.0044753928502491,0.0044753928502491,0.003097597891374258,0.0032469435161291654,0.003215747029756516,0.003307691183802906,,,,,,,,
2020-12-02,volatility,1,0.0048669924903333,0.0048669924903333,0.003097597891374258,0.0032598762596593766,0.003226122725936467,0.0033228899526524147,,,,,,,,
2020-12-03,volatility,1,0.0008232485852295,0.0008232485852295,0.003097597891374258,0.003263432764130184,0.0032287372096331955,0.003341811022620184,,,,,,,,
2020-12-04,volatility,1,0.0003294892945788,0.0003294892945788,0.003097597891374258,0.003247590153305676,0.003217199433508112,0.0033251731860485024,,,,,,,,
2020-12-07,volatility,1,0.0022268968747498,0.0022268968747498,0.003097597891374258,0.003264079401306695,0.0032337721046761555,0.003353601937773376,,,,,,,,
2020-12-08,volatility,1,0.0025629380322446,0.0025629380322446,0.003097597891374258,0.003244033648834868,0.0032197958462351853,0.003333693189255364,,,,,,,,
2020-12-09,volatility,1,0.0031407580161284,0.0031407580161284,0.003097597891374258,0.003295441304367456,0.0032576955800118824,0.0033922321015734135,,,,,,,,
2020-12-10,volatility,1,0.0004952538277042,0.0004952538277042,0.003097597891374258,0.0033035242690738374,0.0032655916745724647,0.003413958748391922,,,,,,,,
2020-12-11,volatility,1,0.0027208657590427,0.0027208657590427,0.003097597891374258,0.0033290664375460037,0.0032854106004064597,0.0034486991980611625,,,,,,,,
2020-12-14,volatility,1,0.001069826872395,0.001069826872395,0.003097597891374258,0.0033746543584899963,0.0033197920105291017,0.0034978201024218206,,,,,,,,
2020-12-15,volatility,1,0.0013972796421227,0.0013972796421227,0.003097597891374258,0.003315487056839282,0.0032771649917662776,0.0034330053759316095,,,,,,,,
2020-12-16,volatility,1,0.0067941160948865,0.0067941160948865,0.003097597891374258,0.003302877631897327,0.003268004019001856,0.003424284758626615,,,,,,,,
2020-12-17,volatility,1,0.0017963587748829,0.0017963587748829,0.003097597891374258,0.0032844484723667765,0.0032591243345590696,0.0034299289542355964,,,,,,,,
2020-12-18,volatility,1,0.0004904765895759,0.0004904765895759,0.003097597891374258,0.003272809003189587,0.0032505678424606848,0.003421301927872671,,,,,,,,
2020-12-21,volatility,1,0.0047537176643563,0.0047537176643563,0.003097597891374258,0.003388880376373228,0.0033335501797177587,0.0035517798992278343,,,,,,,,
2020-12-22,volatility,1,0.0018057954508997,0.0018057954508997,0.003097597891374258,0.0033588117476654883,0.003312097270516572,0.0035199388347010225,,,,,,,,
2020-12-23,volatility,1,0.0015569307033271,0.0015569307033271,0.003097597891374258,0.0033290664375460037,0.0032893621968611763,0.0034793042244243275,,,,,,,,
2020-12-28,volatility,1,0.0031882307815773,0.0031882307815773,0.003097597891374258,0.0032770121448369056,0.0032487507593637983,0.0034174369589352748,,,,,,,,
2020-12-29,volatility,1,0.0022827337484675,0.0022827337484675,0.003097597891374258,0.0033216301100161324,0.003281876326767429,0.003473637713210399,,,,,,,,
2020-12-30,volatility,1,0.0040799730199153,0.0040799730199153,0.003097597891374258,0.003311607233780219,0.003274508236349375,0.003459537961096652,,,,,,,,
2020-12-31,volatility,1,0.0019604646043818,0.0019604646043818,0.003097597891374258,0.0033109605966037087,0.0032759869618361687,0.0034590577084980404,,,,,,,,
2021-01-04,volatility,1,0.003340261364693,0.003340261364693,0.003097597891374258,0.0034474010408474315,0.003378242149815054,0.003620183481338914,,,,,,,,
2021-01-05,volatility,1,0.0004067520902123,0.0004067520902123,0.003097597891374258,0.0033947001109618227,0.0033395002550362547,0.003559166009350349,,,,,,,,
2021-01-06,volatility,1,0.0020362458674909,0.0020362458674909,0.003097597891374258,0.0033859705090789304,0.003333082885962466,0.003550057855195908,,,,,,,,
2020-04-03,volatility,5,0.009994126554587103,0.009994126554587103,0.00834272384039039,0.012050102752976941,0.012790780344593265,0.012075155008571847,,,,,,,,
2020-04-06,volatility,5,0.01158261486851209,0.01158261486851209,0.00834272384039039,0.011873201938244673,0.012577474785793628,0.011907609863590456,,,,,,,,
2020-04-07,volatility,5,0.010703516269389384,0.010703516269389384,0.00834272384039039,0.012028843301881312,0.012728127158798948,0.012049144359646144,,,,,,,,
2020-04-08,volatility,5,0.012277360649966217,0.012277360649966217,0.00834272384039039,0.011669013931631568,0.012324876014614794,0.011707009045681824,,,,,,,,
2020-04-09,volatility,5,0.011340468296492703,0.011340468296492703,0.00834272384039039,0.011495878163598513,0.012141413126810264,0.0115431322231812,,,,,,,,
2020-04-13,volatility,5,0.01113768317001844,0.01113768317001844,0.00834272384039039,0.011437677831286172,0.012003043249970672,0.011499548757295294,,,,,,,,
2020-04-14,volatility,5,0.009598216301773967,0.009598216301773967,0.00834272384039039,0.011073457472668753,0.011622656570290851,0.01119675149528657,,,,,,,,
2020-04-15,volatility,5,0.008082387942012817,0.008082387942012817,0.00834272384039039,0.01141248180997776,0.012037268725878004,0.011529710642146905,,,,,,,,
2020-04-16,volatility,5,0.005170855341835151,0.005170855341835151,0.00834272384039039,0.011333615542873227,0.011939503235893772,0.01145649267610824,,,,,,,,
2020-04-17,volatility,5,0.0036795717303883093,0.0036795717303883093,0.00834272384039039,0.011121865017496672,0.011702368483153135,0.011258184244990999,,,,,,,,
2020-04-20,volatility,5,0.00459056293543859,0.00459056293543859,0.00834272384039039,0.01173550939715934,0.012379979931676076,0.011833378525889601,,,,,,,,
2020-04-21,volatility,5,0.004254618160725875,0.004254618160725875,0.00834272384039039,0.011906206249248602,0.012586595578331724,0.011994997880402435,,,,,,,,
2020-04-22,volatility,5,0.0039040702860803633,0.0039040702860803633,0.00834272384039039,0.011531460488694781,0.01221092807682704,0.011655103744710842,,,,,,,,
2020-04-23,volatility,5,0.008298027478343026,0.008298027478343026,0.00834272384039039,0.011466638899293795,0.01217186776521773,0.011614706160333832,,,,,,,,
2020-04-24,volatility,5,0.01002218534206044,0.01002218534206044,0.00834272384039039,0.010877842795568174,0.011507849186900225,0.011058239665158103,,,,,,,,
2020-04-27,volatility,5,0.0124619750138681,0.0124619750138681,0.00834272384039039,0.010588445461058985,0.011192777084225234,0.010784933467245107,,,,,,,,
2020-04-28,volatility,5,0.013886070942550736,0.013886070942550736,0.00834272384039039,0.01062706021840248,0.01126876472089341,0.01082387330472575,,,,,,,,
2020-04-29,volatility,5,0.01423686869577495,0.01423686869577495,0.00834272384039039,0.010374256019738636,0.010988745442158101,0.010585385555302923,,,,,,,,
2020-04-30,volatility,5,0.012169325034838096,0.012169325034838096,0.00834272384039039,0.010689721088156768,0.011359153821061311,0.010889309851511321,,,,,,,,
2020-05-01,volatility,5,0.011268896990306757,0.011268896990306757,0.00834272384039039,0.011018150474455096,0.01171487908673639,0.01119881940547698,,,,,,,,
2020-05-04,volatility,5,0.00865738788107593,0.00865738788107593,0.00834272384039039,0.010888437746578852,0.011511126698296114,0.011069037131886004,,,,,,,,
2020-05-05,volatility,5,0.007417211425308037,0.007417211425308037,0.00834272384039039,0.010633472828268306,0.011241305820977387,0.010826176740048305,,,,,,,,
2020-05-06,volatility,5,0.006991717133501005,0.006991717133501005,0.00834272384039039,0.010692753520403997,0.01134449010583311,0.010888147884750798,,,,,,,,
2020-05-07,volatility,5,0.007738727068612025,0.007738727068612025,0.00834272384039039,0.010411581770035965,0.011091130895502174,0.01064557486686732,,,,,,,,
2020-05-08,volatility,5,0.007008723125324578,0.007008723125324578,0.00834272384039039,0.010031503759439668,0.010668396625087374,0.010278398897940915,,,,,,,,
2020-05-11,volatility,5,0.01018558885745601,0.01018558885745601,0.00834272384039039,0.009985117836109902,0.01060211865511497,0.010212071079498912,,,,,,,,
2020-05-12,volatility,5,0.009740295927507742,0.009740295927507742,0.00834272384039039,0.010576074659482222,0.011264894361105528,0.010742252155515143,,,,,,,,
2020-05-13,volatility,5,0.010201881645210457,0.010201881645210457,0.00834272384039039,0.010820166430484996,0.011592129770769868,0.010974983653764911,,,,,,,,
2020-05-14,volatility,5,0.009921853105818659,0.009921853105818659,0.00834272384039039,0.010531710357650608,0.011268813173947595,0.010730728162976343,,,,,,,,
2020-05-15,volatility,5,0.011199318013871933,0.011199318013871933,0.00834272384039039,0.010453924450369426,0.01119819053974484,0.010662399770943704,,,,,,,,
2020-05-18,volatility,5,0.010396870047996665,0.010396870047996665,0.00834272384039039,0.010169928914976985,0.010865176861938036,0.01037966543581101,,,,,,,,
2020-05-19,volatility,5,0.009948451560668337,0.009948451560668337,0.00834272384039039,0.010304904343821432,0.011041536112537295,0.010507475935847992,,,,,,,,
2020-05-20,volatility,5,0.01288160302129372,0.01288160302129372,0.00834272384039039,0.010032584119263017,0.010722220982895636,0.010251104648505158,,,,,,,,
2020-05-21,volatility,5,0.013100353596193071,0.013100353596193071,0.00834272384039039,0.010196868361486455,0.010903607011387543,0.010374028399100926,,,,,,,,
2020-05-22,volatility,5,0.012021577231269674,0.012021577231269674,0.00834272384039039,0.010048859065687537,0.010726692254886643,0.01023982251347352,,,,,,,,
2020-05-26,volatility,5,0.010539165981512942,0.010539165981512942,0.00834272384039039,0.010030562497764866,0.010765354187246674,0.010240749916313558,,,,,,,,
2020-05-27,volatility,5,0.012729176303289683,0.012729176303289683,0.00834272384039039,0.009986337294081798,0.010742134909151789,0.010178204081915714,,,,,,,,
2020-05-28,volatility,5,0.01118186917147949,0.01118186917147949,0.00834272384039039,0.010095314538091578,0.010943130235322129,0.010323811917374925,,,,,,,,
2020-05-29,volatility,5,0.010870851717652992,0.010870851717652992,0.00834272384039039,0.00998072684774223,0.010827330434171523,0.010213876562109423,,,,,,,,
2020-06-01,volatility,5,0.010780940661347747,0.010780940661347747,0.00834272384039039,0.010062695096168264,0.010941252576176412,0.0103044970865981,,,,,,,,
2020-06-02,volatility,5,0.011177920624917601,0.011177920624917601,0.00834272384039039,0.009906251569005368,0.01075223960995542,0.010160260789020931,,,,,,,,
2020-06-03,volatility,5,0.008623221966334901,0.008623221966334901,0.00834272384039039,0.009774586768705244,0.010628777019807979,0.010035571924248506,,,,,,,,
2020-06-04,volatility,5,0.005752495645537031,0.005752495645537031,0.00834272384039039,0.00979079216605549,0.010746418434008557,0.010035368649627362,,,,,,,,
2020-06-05,volatility,5,0.01225719786752246,0.01225719786752246,0.00834272384039039,0.009645152237126092,0.010545331965921102,0.009862488130935976,,,,,,,,
2020-06-08,volatility,5,0.012344726871563353,0.012344726871563353,0.00834272384039039,0.009784518654338211,0.010706637681688093,0.010019400522597805,,,,,,,,
2020-06-09,volatility,5,0.01139040444902825,0.01139040444902825,0.00834272384039039,0.009978844324392623,0.010990919346997237,0.010229707959060308,,,,,,,,
2020-06-10,volatility,5,0.01191754194921042,0.01191754194921042,0.00834272384039039,0.009985117836109902,0.011007136170552455,0.010224779657556103,,,,,,,,
2020-06-11,volatility,5,0.01174754506161144,0.01174754506161144,0.00834272384039039,0.011409171181433437,0.01255759051972279,0.011554332041097994,,,,,,,,
2020-06-12,volatility,5,0.004666864668790882,0.004666864668790882,0.00834272384039039,0.010901402064459048,0.011989817815090861,0.011073565606787666,,,,,,,,
2020-06-15,volatility,5,0.007714427957500585,0.007714427957500585,0.00834272384039039,0.010718821254312939,0.011774602568702145,0.01093769152662836,,,,,,,,
2020-06-16,volatility,5,0.009418658599621007,0.009418658599621007,0.00834272384039039,0.010635772646063553,0.011735448413959659,0.01086601397407524,,,,,,,,
2020-06-17,volatility,5,0.009779238227423121,0.009779238227423121,0.00834272384039039,0.01061834779074141,0.01172419735208427,0.010850995897851188,,,,,,,,
2020-06-18,volatility,5,0.010776175177844311,0.010776175177844311,0.00834272384039039,0.010561088720103872,0.011657087659951574,0.010753109434054125,,,,,,,,
2020-06-19,volatility,5,0.010516799209086674,0.010516799209086674,0.00834272384039039,0.010796607161594121,0.011905366741439532,0.010957924884795911,,,,,,,,
2020-06-22,volatility,5,0.008627401999057325,0.008627401999057325,0.00834272384039039,0.01043468662077195,0.011444961385446298,0.01052808605592256,,,,,,,,
2020-06-23,volatility,5,0.006654302693797442,0.006654302693797442,0.00834272384039039,0.010393563398410386,0.011422522613527915,0.01051155838249406,,,,,,,,
2020-06-24,volatility,5,0.005340053693962642,0.005340053693962642,0.00834272384039039,0.010658321104205351,0.011738891108166455,0.010766671959712263,,,,,,,,
2020-06-25,volatility,5,0.0034318739171803627,0.0034318739171803627,0.00834272384039039,0.010487485153967541,0.01156979216177218,0.010614547498553614,,,,,,,,
2020-06-26,volatility,5,0.007075097634041821,0.007075097634041821,0.00834272384039039,0.010758655469628332,0.011873733981256789,0.010871297232621471,,,,,,,,
2020-06-29,volatility,5,0.00683501174086845,0.00683501174086845,0.00834272384039039,0.01044204049231258,0.01151437540654511,0.01056939665470693,,,,,,,,
2020-06-30,volatility,5,0.007331321942616265,0.007331321942616265,0.00834272384039039,0.01029619191616036,0.011363848426109498,0.01044511970832326,,,,,,,,
2020-07-01,volatility,5,0.007578312477258912,0.007578312477258912,0.00834272384039039,0.010098555617561627,0.011134787885080615,0.01025798058447777,,,,,,,,
2020-07-02,volatility,5,0.007532158887384535,0.007532158887384535,0.00834272384039039,0.009999092964739175,0.011062393258868918,0.01022996252999437,,,,,,,,
2020-07-06,volatility,5,0.005883870131653691,0.005883870131653691,0.00834272384039039,0.01002718232014627,0.011077349933721899,0.010259896002949982,,,,,,,,
2020-07-07,volatility,5,0.006908560488154822,0.006908560488154822,0.00834272384039039,0.010188155933825384,0.011262461581869467,0.010412890898649623,,,,,,,,
2020-07-08,volatility,5,0.006379444496977526,0.006379444496977526,0.00834272384039039,0.010042307357673166,0.011137276365958166,0.010300611441745346,,,,,,,,
2020-07-09,volatility,5,0.006227318521450867,0.006227318521450867,0.00834272384039039,0.010169789816828438,0.011282713635564478,0.010439447824496776,,,,,,,,
2020-07-10,volatility,5,0.005986861682492694,0.005986861682492694,0.00834272384039039,0.009956958931628533,0.01102707715256538,0.010237935085009255,,,,,,,,
2020-07-13,volatility,5,0.004417345406942217,0.004417345406942217,0.00834272384039039,0.010486335245069919,0.011604727448793633,0.01073726911787231,,,,,,,,
2020-07-14,volatility,5,0.005221178258005765,0.005221178258005765,0.00834272384039039,0.010202061513380383,0.011312644887099134,0.010473955738935049,,,,,,,,
2020-07-15,volatility,5,0.009529294649689777,0.009529294649689777,0.00834272384039039,0.010007735843325974,0.011106063537585078,0.010291828797942253,,,,,,,,
2020-07-16,volatility,5,0.009738597593887071,0.009738597593887071,0.00834272384039039,0.010033664479086367,0.011135125703591575,0.010316378573311292,,,,,,,,
2020-07-17,volatility,5,0.009783349768942304,0.009783349768942304,0.00834272384039039,0.009787203341214074,0.010865621456836174,0.01010720801276048,,,,,,,,
2020-07-20,volatility,5,0.013868223850996881,0.013868223850996881,0.00834272384039039,0.00965121710162055,0.01071086346854855,0.009989871209352946,,,,,,,,
2020-07-21,volatility,5,0.013155490491228399,0.013155490491228399,0.00834272384039039,0.009696453116052694,0.010759978310879006,0.01003127322218642,,,,,,,,
2020-07-22,volatility,5,0.010928561667499172,0.010928561667499172,0.00834272384039039,0.009640274405238507,0.010702416262482297,0.009978082042220171,,,,,,,,
2020-07-23,volatility,5,0.010629583242504218,0.010629583242504218,0.00834272384039039,0.009826235393003212,0.010894946989820485,0.010163580663659157,,,,,,,,
2020-07-24,volatility,5,0.010900338474596523,0.010900338474596523,0.00834272384039039,0.00980448909838767,0.010885651568607102,0.01014301669083144,,,,,,,,
2020-07-27,volatility,5,0.007707193901282344,0.007707193901282344,0.00834272384039039,0.00968355834724677,0.010724249446208483,0.010003126500628151,,,,,,,,
2020-07-28,volatility,5,0.007691310767634991,0.007691310767634991,0.00834272384039039,0.00976127470545368,0.010826573134794865,0.010094901255585483,,,,,,,,
2020-07-29,volatility,5,0.013179759431881878,0.013179759431881878,0.00834272384039039,0.009620688830269664,0.010664854392339242,0.009922278109562163,,,,,,,,
2020-07-30,volatility,5,0.013528985009169337,0.013528985009169337,0.00834272384039039,0.009694083749183175,0.010738543922224444,0.009990910332672385,,,,,,,,
2020-07-31,volatility,5,0.014898960756067416,0.014898960756067416,0.00834272384039039,0.009661672954482682,0.01070180367542482,0.009976029606180626,,,,,,,,
2020-08-03,volatility,5,0.013694852422955936,0.013694852422955936,0.00834272384039039,0.009642226477662386,0.010658110260144536,0.00996910598692023,,,,,,,,
2020-08-04,volatility,5,0.013644047865082299,0.013644047865082299,0.00834272384039039,0.009586047766848198,0.010617312328444138,0.00996681367872337,,,,,,,,
2020-08-05,volatility,5,0.008311207571278411,0.008311207571278411,0.00834272384039039,0.009502860060450266,0.010520212256899066,0.00988950408345653,,,,,,,,
2020-08-06,volatility,5,0.007748741831047232,0.007748741831047232,0.00834272384039039,0.009466127826456373,0.010490265350249429,0.009880237870056504,,,,,,,,
2020-08-07,volatility,5,0.003976455044461101,0.003976455044461101,0.00834272384039039,0.009414409653084132,0.010421902001968308,0.009832552986643222,,,,,,,,
2020-08-10,volatility,5,0.004706439833365906,0.004706439833365906,0.00834272384039039,0.009403675603924909,0.01040742781438499,0.009846551425213335,,,,,,,,
2020-08-11,volatility,5,0.006802624643902337,0.006802624643902337,0.00834272384039039,0.009604761629216512,0.010624556332116744,0.010045324064264269,,,,,,,,
2020-08-12,volatility,5,0.006725928800472448,0.006725928800472448,0.00834272384039039,0.009415698660130303,0.010424694278761946,0.0098663152855317,,,,,,,,
2020-08-13,volatility,5,0.0071378550353165746,0.0071378550353165746,0.00834272384039039,0.009399493262780056,0.010390271327203576,0.009845154606424085,,,,,,,,
2020-08-14,volatility,5,0.010174961453762801,0.010174961453762801,0.00834272384039039,0.00939503272533811,0.010391395154238222,0.009832086119518562,,,,,,,,
2020-08-17,volatility,5,0.009997158461295348,0.009997158461295348,0.00834272384039039,0.009319407537703626,0.010321920223832158,0.009770953333129074,,,,,,,,
2020-08-18,volatility,5,0.008773159318933008,0.008773159318933008,0.00834272384039039,0.009336693294877223,0.010330689314914175,0.00978819241046706,,,,,,,,
2020-08-19,volatility,5,0.00841461662367209,0.00841461662367209,0.00834272384039039,0.009447970356682248,0.01043933026978971,0.009893551863092515,,,,,,,,
2020-08-20,volatility,5,0.007905017852820358,0.007905017852820358,0.00834272384039039,0.009469508004074971,0.010466119962854818,0.009913957095889955,,,,,,,,
2020-08-21,volatility,5,0.007101649455189731,0.007101649455189731,0.00834272384039039,0.009443788015537396,0.010429962941606492,0.009889566060551193,,,,,,,,
2020-08-24,volatility,5,0.00785334162839966,0.00785334162839966,0.00834272384039039,0.009429604239685302,0.010417713220639684,0.009877180426035623,,,,,,,,
2020-08-25,volatility,5,0.007750415120707653,0.007750415120707653,0.00834272384039039,0.009390780835118984,0.010362490086324401,0.00983386447313578,,,,,,,,
2020-08-26,volatility,5,0.011994502265775753,0.011994502265775753,0.00834272384039039,0.00952265428264193,0.010471212420044217,0.009952895008436517,,,,,,,,
2020-08-27,volatility,5,0.01197742234563201,0.01197742234563201,0.00834272384039039,0.009652297461443901,0.01060550502452955,0.010065754867128365,,,,,,,,
2020-08-28,volatility,5,0.010117032749150464,0.010117032749150464,0.00834272384039039,0.009493345469262938,0.01041514462420521,0.009915281666306156,,,,,,,,
2020-08-31,volatility,5,0.009610838546254991,0.009610838546254991,0.00834272384039039,0.009866069608318607,0.010828925905064398,0.010265276152485096,,,,,,,,
2020-09-01,volatility,5,0.00977387731293337,0.00977387731293337,0.00834272384039039,0.00983683034401389,0.010804966636906957,0.010239059009226994,,,,,,,,
2020-09-02,volatility,5,0.006817243874797899,0.006817243874797899,0.00834272384039039,0.009883355365492204,0.010844065712999005,0.010281642669397788,,,,,,,,
2020-09-03,volatility,5,0.007943585776409369,0.007943585776409369,0.00834272384039039,0.010644939491879515,0.01171032493815126,0.010987053326378036,,,,,,,,
2020-09-04,volatility,5,0.008673683872050395,0.008673683872050395,0.00834272384039039,0.010334945771652405,0.011381228389585621,0.010698311038897713,,,,,,,,
2020-09-08,volatility,5,0.00859709471596279,0.00859709471596279,0.00834272384039039,0.01041165131911024,0.011432395995391172,0.01074927826596132,,,,,,,,
2020-09-09,volatility,5,0.008462011745928715,0.008462011745928715,0.00834272384039039,0.010125355965922551,0.011103510455548363,0.010469773078817007,,,,,,,,
2020-09-10,volatility,5,0.006140879595330615,0.006140879595330615,0.00834272384039039,0.01022258835002403,0.01122385773358451,0.010570655304384913,,,,,,,,
2020-09-11,volatility,5,0.00537345671384076,0.00537345671384076,0.00834272384039039,0.009917857330765122,0.010870144374238513,0.01026847241712567,,,,,,,,
2020-09-14,volatility,5,0.01091719308493277,0.01091719308493277,0.00834272384039039,0.009805569458211021,0.010734130611913414,0.010157852665410486,,,,,,,,
2020-09-15,volatility,5,0.011046597275727795,0.011046597275727795,0.00834272384039039,0.009777480102803927,0.010721758749297478,0.010083401768810797,,,,,,,,
2020-09-16,volatility,5,0.01122991410102661,0.01122991410102661,0.00834272384039039,0.009826096294854666,0.01079863302443439,0.01012506979550127,,,,,,,,
2020-09-17,volatility,5,0.01122363992498979,0.01122363992498979,0.00834272384039039,0.009873562578007783,0.010857997909148922,0.010170024803667747,,,,,,,,
2020-09-18,volatility,5,0.011607026851819552,0.011607026851819552,0.00834272384039039,0.00980340873856432,0.010707506815187314,0.010062912571887538,,,,,,,,
2020-09-21,volatility,5,0.006653708687689821,0.006653708687689821,0.00834272384039039,0.010014078904117525,0.010954242600245745,0.010263252057186267,,,,,,,,
2020-09-22,volatility,5,0.007722505657472464,0.007722505657472464,0.00834272384039039,0.009916776970941774,0.010839360760308298,0.010103120050472796,,,,,,,,
2020-09-23,volatility,5,0.007412992224335285,0.007412992224335285,0.00834272384039039,0.010100507689985506,0.01104540110451474,0.010227391963442379,,,,,,,,
2020-09-24,volatility,5,0.007756844825942907,0.007756844825942907,0.00834272384039039,0.010092945171222058,0.011037749718012517,0.010221685879668568,,,,,,,,
2020-09-25,volatility,5,0.007651849631954906,0.007651849631954906,0.00834272384039039,0.00986701086999341,0.010789809131825333,0.010051885942615416,,,,,,,,
2020-09-28,volatility,5,0.009467520181435839,0.009467520181435839,0.00834272384039039,0.009842301692204913,0.010742077925780557,0.010029666619540242,,,,,,,,
2020-09-29,volatility,5,0.008130935595950003,0.008130935595950003,0.00834272384039039,0.009857218082508988,0.010772872441840928,0.010045282849184062,,,,,,,,
2020-09-30,volatility,5,0.008178577923569713,0.008178577923569713,0.00834272384039039,0.009863839339597634,0.010753505929332802,0.01005065355928788,,,,,,,,
2020-10-01,volatility,5,0.007874440417718731,0.007874440417718731,0.00834272384039039,0.00989740004319575,0.010777662671463132,0.010064965390643747,,,,,,,,
2020-10-02,volatility,5,0.008830860262486254,0.008830860262486254,0.00834272384039039,0.009999964677339705,0.01089506536365279,0.01020573725172812,,,,,,,,
2020-10-05,volatility,5,0.009074741148634973,0.009074741148634973,0.00834272384039039,0.010033525380937821,0.010943052445769066,0.010264810004710306,,,,,,,,
2020-10-06,volatility,5,0.009189119036089372,0.009189119036089372,0.00834272384039039,0.010197740074086985,0.011138131056024025,0.010408803203114497,,,,,,,,
2020-10-07,volatility,5,0.010227465720028035,0.010227465720028035,0.00834272384039039,0.010040146638026467,0.010962667621707247,0.010263781938361959,,,,,,,,
2020-10-08,volatility,5,0.010258956573119576,0.010258956573119576,0.00834272384039039,0.009862758979774285,0.010783706173297448,0.010033588543483291,,,,,,,,
2020-10-09,volatility,5,0.0105064116294742,0.0105064116294742,0.00834272384039039,0.009709556532081439,0.01061485331614799,0.009898383464066768,,,,,,,,
2020-10-13,volatility,5,0.008438674491181011,0.008438674491181011,0.00834272384039039,0.009825155033179864,0.01069959094846978,0.009984947258245216,,,,,,,,
2020-10-14,volatility,5,0.009161841799111415,0.009161841799111415,0.00834272384039039,0.009864989248495257,0.010770510006217808,0.010019780467167982,,,,,,,,
2020-10-15,volatility,5,0.008821313294007411,0.008821313294007411,0.00834272384039039,0.009926569758426193,0.010825944367154162,0.010066452044665514,,,,,,,,
2020-10-16,volatility,5,0.008877194508280565,0.008877194508280565,0.00834272384039039,0.009974105590653584,0.010883909039023308,0.01011291423355091,,,,,,,,
2020-10-19,volatility,5,0.006921668403793505,0.006921668403793505,0.00834272384039039,0.01016114693824164,0.011071589377561138,0.010216797622750594,,,,,,,,
2020-10-20,volatility,5,0.006397527409766311,0.006397527409766311,0.00834272384039039,0.010183695396383438,0.011092004594134744,0.010245444186389108,,,,,,,,
2020-10-21,volatility,5,0.008682796984212152,0.008682796984212152,0.00834272384039039,0.010108070208748954,0.011052969444302225,0.010201762608505518,,,,,,,,
2020-10-22,volatility,5,0.011110746619940121,0.011110746619940121,0.00834272384039039,0.010045548437143215,0.010995467245066816,0.01014922944131112,,,,,,,,
2020-10-23,volatility,5,0.011021958876286278,0.011021958876286278,0.00834272384039039,0.009980865945890776,0.010920387418155295,0.010093050765389598,,,,,,,,
2020-10-26,volatility,5,0.010822603605848467,0.010822603605848467,0.00834272384039039,0.010515504960300362,0.011523493147305082,0.010584450528459143,,,,,,,,
2020-10-27,volatility,5,0.013198364612378164,0.013198364612378164,0.00834272384039039,0.010611656984578492,0.01162104684388398,0.010688286831690319,,,,,,,,
2020-10-28,volatility,5,0.011176739975334653,0.011176739975334653,0.00834272384039039,0.011360346342159877,0.012472782135211849,0.011411975817335851,,,,,,,,
2020-10-29,volatility,5,0.010336350669329936,0.010336350669329936,0.00834272384039039,0.011069729549678792,0.012151727725412937,0.011189003259570193,,,,,,,,
2020-10-30,volatility,5,0.012173319156556419,0.012173319156556419,0.00834272384039039,0.011120367363227683,0.012155138259297498,0.011216614333057495,,,,,,,,
2020-11-02,volatility,5,0.013675180866104994,0.013675180866104994,0.00834272384039039,0.011020032997804702,0.011991765152036659,0.011067458297152305,,,,,,,,
2020-11-03,volatility,5,0.011297458621116032,0.011297458621116032,0.00834272384039039,0.010847244975143014,0.011764109896093238,0.010887121966550657,,,,,,,,
2020-11-04,volatility,5,0.011290946468143678,0.011290946468143678,0.00834272384039039,0.010207463312497132,0.011061982850064598,0.010305770956228234,,,,,,,,
2020-11-05,volatility,5,0.009118470980104994,0.009118470980104994,0.00834272384039039,0.00999247170765053,0.010829478995733511,0.010127486466328387,,,,,,,,
2020-11-06,volatility,5,0.006615290762238334,0.006615290762238334,0.00834272384039039,0.009694431494554541,0.010490534183164249,0.009845269876271302,,,,,,,,
2020-11-09,volatility,5,0.002449517040117591,0.002449517040117591,0.00834272384039039,0.009788492348260245,0.010610604120219625,0.00993431572532749,,,,,,,,
2020-11-10,volatility,5,0.0025181343349641957,0.0025181343349641957,0.00834272384039039,0.009681675823897165,0.010500008359023972,0.009869026739320896,,,,,,,,
2020-11-12,volatility,5,0.0033219723484443813,0.0033219723484443813,0.00834272384039039,0.009745277955326254,0.010576595293242666,0.009890995295297791,,,,,,,,
2020-11-13,volatility,5,0.003422778261695132,0.003422778261695132,0.00834272384039039,0.009502196995072557,0.010328309685475594,0.009661713711638353,,,,,,,,
2020-11-16,volatility,5,0.0039639152757924775,0.0039639152757924775,0.00834272384039039,0.00942779126540997,0.010258615973426895,0.009607235875269626,,,,,,,,
2020-11-17,volatility,5,0.0054602326466237075,0.0054602326466237075,0.00834272384039039,0.00945797179138949,0.010294886785515085,0.009635824366523412,,,,,,,,
2020-11-18,volatility,5,0.006135286704038369,0.006135286704038369,0.00834272384039039,0.009584234792572865,0.01044129474829131,0.009758307229511605,,,,,,,,
2020-11-19,volatility,5,0.006639144690966258,0.006639144690966258,0.00834272384039039,0.00950118618432348,0.010349657920215825,0.009692010466247802,,,,,,,,
2020-11-20,volatility,5,0.0100126070958783,0.0100126070958783,0.00834272384039039,0.00956910975504597,0.010435323518171991,0.009758674627705462,,,,,,,,
2020-11-23,volatility,5,0.010650256951840176,0.010650256951840176,0.00834272384039039,0.009456752333417593,0.010326265372218738,0.009697840753102227,,,,,,,,
2020-11-24,volatility,5,0.010986715486887552,0.010986715486887552,0.00834272384039039,0.009346555631435917,0.010203576245274133,0.009592049940408324,,,,,,,,
2020-11-25,volatility,5,0.010640019603281098,0.010640019603281098,0.00834272384039039,0.00930233042775285,0.010205391851727466,0.009562670353592203,,,,,,,,
2020-11-30,volatility,5,0.010103113636843849,0.010103113636843849,0.00834272384039039,0.009230957130337492,0.010098708049302636,0.009499468360110397,,,,,,,,
2020-12-01,volatility,5,0.007032931691984242,0.007032931691984242,0.00834272384039039,0.009250473156232062,0.010129607012394893,0.009529567743984533,,,,,,,,
2020-12-02,volatility,5,0.006000136529878415,0.006000136529878415,0.00834272384039039,0.009295778719738478,0.010188752406718616,0.009572476937536925,,,,,,,,
2020-12-03,volatility,5,0.00470939310231111,0.00470939310231111,0.00834272384039039,0.009307662677795326,0.010218636429954993,0.009632420637636767,,,,,,,,
2020-12-04,volatility,5,0.004663252246326457,0.004663252246326457,0.00834272384039039,0.009254725046451187,0.010178139724659968,0.009587538652869002,,,,,,,,
2020-12-07,volatility,5,0.005388920930609181,0.005388920930609181,0.00834272384039039,0.009314005738586878,0.010261343813213754,0.009646019555870317,,,,,,,,
2020-12-08,volatility,5,0.005022542049847444,0.005022542049847444,0.00834272384039039,0.009247023429539192,0.010186988494790434,0.009584344423684225,,,,,,,,
2020-12-09,volatility,5,0.00453978718484143,0.00453978718484143,0.00834272384039039,0.009414618300306953,0.010370054881577379,0.009740092348211797,,,,,,,,
2020-12-10,volatility,5,0.007543561511552183,0.007543561511552183,0.00834272384039039,0.009445809637035549,0.010434692576477535,0.009799027034414128,,,,,,,,
2020-12-11,volatility,5,0.007738665826407973,0.007738665826407973,0.00834272384039039,0.009537431574797459,0.010566856810575911,0.009875364696892475,,,,,,,,
2020-12-14,volatility,5,0.007261157316778475,0.007261157316778475,0.00834272384039039,0.009685579968744923,0.010718170680974923,0.010011246022517779,,,,,,,,
2020-12-15,volatility,5,0.008612648122065608,0.008612648122065608,0.00834272384039039,0.009492056462216769,0.010512066915069436,0.009833275150421955,,,,,,,,
2020-12-16,volatility,5,0.00868828029512859,0.00868828029512859,0.00834272384039039,0.009445740087961275,0.010491046446677286,0.009809755706162826,,,,,,,,
2020-12-17,volatility,5,0.0056347346158347675,0.0056347346158347675,0.00834272384039039,0.009384159578030338,0.010518961408495116,0.009818053944850896,,,,,,,,
2020-12-18,volatility,5,0.006219979490270431,0.006219979490270431,0.00834272384039039,0.009345266624389748,0.010501360684243937,0.00979795335661549,,,,,,,,
2020-12-21,volatility,5,0.006607454195138644,0.006607454195138644,0.00834272384039039,0.009733115800972313,0.01089868818155737,0.010158833058288607,,,,,,,,
2020-12-22,volatility,5,0.006140586222151671,0.006140586222151671,0.00834272384039039,0.009632642337400785,0.01078669109721945,0.010063702678733586,,,,,,,,
2020-12-23,volatility,5,0.006187836730734156,0.006187836730734156,0.00834272384039039,0.009533249233652607,0.010664267901980731,0.009928945974824414,,,,,,,,
2020-12-28,volatility,5,0.006857305314459966,0.006857305314459966,0.00834272384039039,0.009359311302093293,0.010439559996043181,0.009760040523001523,,,,,,,,
2020-12-29,volatility,5,0.006084674841108271,0.006084674841108271,0.00834272384039039,0.009510492128287988,0.010601570506999504,0.009912595865315257,,,,,,,,
2020-12-30,volatility,5,0.005996556660992811,0.005996556660992811,0.00834272384039039,0.009477000973764145,0.01056403187590778,0.009859775517341914,,,,,,,,
2020-12-31,volatility,5,0.004520746433141924,0.004520746433141924,0.00834272384039039,0.00947274908354502,0.010571493059409678,0.009855736801457165,,,,,,,,
2020-03-30,volatility,10,0.016453746618515824,0.016453746618515824,0.01198650035156136,0.015637781648735877,0.020126449860545122,0.018264209091910833,,,,,,,,
2020-03-31,volatility,10,0.017401465790174302,0.017401465790174302,0.01198650035156136,0.015346153005669778,0.019557449557547135,0.017851119474674288,,,,,,,,
2020-04-01,volatility,10,0.016948380390175828,0.016948380390175828,0.01198650035156136,0.015636134029283526,0.020105739962902186,0.01824669389033972,,,,,,,,
2020-04-02,volatility,10,0.016101919152012603,0.016101919152012603,0.01198650035156136,0.015129491047685642,0.019121720192998584,0.017506654171318456,,,,,,,,
2020-04-03,volatility,10,0.014964309271891406,0.014964309271891406,0.01198650035156136,0.014790905250227544,0.018463480928744554,0.01703228401983591,,,,,,,,
2020-04-06,volatility,10,0.015042696678718109,0.015042696678718109,0.01198650035156136,0.014657846529616755,0.018170353673713287,0.016819203145123356,,,,,,,,
2020-04-07,volatility,10,0.013412317300685867,0.013412317300685867,0.01198650035156136,0.014776986648806511,0.01834459308006192,0.01697726913956849,,,,,,,,
2020-04-08,volatility,10,0.01332183656616174,0.01332183656616174,0.01198650035156136,0.0145021464913696,0.017827395310843017,0.016579883670304562,,,,,,,,
2020-04-09,volatility,10,0.011922477481749712,0.011922477481749712,0.01198650035156136,0.014368290860699554,0.017608225941253705,0.01640478922995177,,,,,,,,
2020-04-13,volatility,10,0.01204662834406103,0.01204662834406103,0.01198650035156136,0.01432482817272707,0.01740085121035389,0.016288884155168715,,,,,,,,
2020-04-14,volatility,10,0.010498930034494846,0.010498930034494846,0.01198650035156136,0.014046181257764963,0.016923037397742834,0.01596790123507617,,,,,,,,
2020-04-15,volatility,10,0.008975898820945441,0.008975898820945441,0.01198650035156136,0.01430332295592256,0.01747759143804762,0.0163776731894425,,,,,,,,
2020-04-16,volatility,10,0.009777269813067502,0.009777269813067502,0.01198650035156136,0.014243184845911755,0.017347840897753992,0.01629279071122959,,,,,,,,
2020-04-17,volatility,10,0.010676303065653578,0.010676303065653578,0.01198650035156136,0.014081718139581373,0.01704254283113584,0.016061833769363456,,,,,,,,
2020-04-20,volatility,10,0.013280590698854301,0.013280590698854301,0.01198650035156136,0.01454964206404901,0.017911241580139337,0.01673203154319669,,,,,,,,
2020-04-21,volatility,10,0.014523248325189869,0.014523248325189869,0.01198650035156136,0.014679804000784728,0.018181413085635797,0.01692132691288905,,,,,,,,
2020-04-22,volatility,10,0.014762458977399135,0.014762458977399135,0.01198650035156136,0.014394965063042846,0.017717536259074664,0.016512633711587357,,,,,,,,
2020-04-23,volatility,10,0.014729213551132768,0.014729213551132768,0.01198650035156136,0.014345536479472322,0.01768875036663352,0.0164927499114491,,,,,,,,
2020-04-24,volatility,10,0.015080856686831682,0.015080856686831682,0.01198650035156136,0.013896560178706717,0.01683181353079624,0.015841604435617423,,,,,,,,
2020-04-27,volatility,10,0.015174029991062795,0.015174029991062795,0.01198650035156136,0.013676802209332694,0.016419391616661887,0.015513511001122995,,,,,,,,
2020-04-28,volatility,10,0.01574287113423952,0.01574287113423952,0.01198650035156136,0.01370441328499303,0.016541616134238983,0.015577361504742017,,,,,,,,
2020-04-29,volatility,10,0.01586103838768535,0.01586103838768535,0.01198650035156136,0.01351164180906798,0.016179132949497427,0.01529855873100739,,,,,,,,
2020-04-30,volatility,10,0.01442152448411768,0.01442152448411768,0.01198650035156136,0.013752194249111203,0.016660435031432646,0.01565767213289232,,,,,,,,
2020-05-01,volatility,10,0.013270653308168526,0.013270653308168526,0.01198650035156136,0.01400263240586853,0.017115910653056066,0.0160193092338833,,,,,,,,
2020-05-04,volatility,10,0.013367744211217255,0.013367744211217255,0.01198650035156136,0.013903263720106987,0.016848272626889385,0.015867321347599397,,,,,,,,
2020-05-05,volatility,10,0.012242891410248806,0.012242891410248806,0.01198650035156136,0.013708844624729587,0.016505133777428238,0.015581999590148133,,,,,,,,
2020-05-06,volatility,10,0.012367800838377595,0.012367800838377595,0.01198650035156136,0.013753131122428245,0.01665596400832761,0.015666499184073503,,,,,,,,
2020-05-07,volatility,10,0.012582967285021123,0.012582967285021123,0.01198650035156136,0.013536894519140657,0.01637876473674222,0.015428236259950365,,,,,,,,
2020-05-08,volatility,10,0.013211620787144017,0.013211620787144017,0.01198650035156136,0.013248448051388393,0.015823976761845722,0.014981183250694028,,,,,,,,
2020-05-11,volatility,10,0.014554763040601595,0.014554763040601595,0.01198650035156136,0.013213535751783344,0.01573344213197911,0.014885834555054593,,,,,,,,
2020-05-12,volatility,10,0.013922824900514557,0.013922824900514557,0.01198650035156136,0.013664159672001299,0.016587077219446314,0.015492478774050397,,,,,,,,
2020-05-13,volatility,10,0.016432105327713963,0.016432105327713963,0.01198650035156136,0.01384982915149645,0.017043989700848423,0.015777340875825333,,,,,,,,
2020-05-14,volatility,10,0.016433576403167147,0.016433576403167147,0.01198650035156136,0.013629871954607612,0.016628098967241038,0.015474204699157652,,,,,,,,
2020-05-15,volatility,10,0.016429943490566784,0.016429943490566784,0.01198650035156136,0.013570557654322982,0.01654201786078407,0.01539180868034122,,,,,,,,
2020-05-18,volatility,10,0.014804354980235033,0.014804354980235033,0.01198650035156136,0.013354918733579836,0.01610554312494062,0.015043937856919171,,,,,,,,
2020-05-19,volatility,10,0.01615560638958488,0.01615560638958488,0.01198650035156136,0.01345738343073127,0.016350672422911407,0.015197846120243882,,,,,,,,
2020-05-20,volatility,10,0.017057839680518952,0.017057839680518952,0.01198650035156136,0.013249271861114569,0.01594159584237792,0.014902658029491898,,,,,,,,
2020-05-21,volatility,10,0.017023356937234436,0.017023356937234436,0.01198650035156136,0.013375002458113726,0.016170844222842765,0.015065377860360482,,,,,,,,
2020-05-22,volatility,10,0.01614766239029299,0.01614766239029299,0.01198650035156136,0.013262140525627695,0.015941404517939132,0.014900602303093709,,,,,,,,
2020-05-26,volatility,10,0.015362940118442104,0.015362940118442104,0.01198650035156136,0.013248647278903207,0.016014129374286968,0.014902884270134583,,,,,,,,
2020-05-27,volatility,10,0.015375041022413967,0.015375041022413967,0.01198650035156136,0.01321538259875051,0.015998308930953112,0.014881021205563732,,,,,,,,
2020-05-28,volatility,10,0.01257479241657714,0.01257479241657714,0.01198650035156136,0.013297564343853237,0.016313618368715407,0.015115432439083022,,,,,,,,
2020-05-29,volatility,10,0.016383354864947415,0.016383354864947415,0.01198650035156136,0.013209728994258148,0.016172064162224338,0.014990009304756857,,,,,,,,
2020-06-01,volatility,10,0.016389660248980132,0.016389660248980132,0.01198650035156136,0.01327131549620649,0.016352222193208043,0.015083984950118631,,,,,,,,
2020-06-02,volatility,10,0.01595892299027102,0.01595892299027102,0.01198650035156136,0.013153397641772539,0.016095802479731542,0.01490477400311906,,,,,,,,
2020-06-03,volatility,10,0.014710124513132812,0.014710124513132812,0.01198650035156136,0.013053915892420127,0.015946055415827803,0.014750310687359653,,,,,,,,
2020-06-04,volatility,10,0.013080367774895086,0.013080367774895086,0.01198650035156136,0.013066273038312759,0.01615102945793819,0.014852748479086374,,,,,,,,
2020-06-05,volatility,10,0.013115583303856744,0.013115583303856744,0.01198650035156136,0.012956593281140561,0.015858884646057638,0.014669820760586753,,,,,,,,
2020-06-08,volatility,10,0.014556946116715723,0.014556946116715723,0.01198650035156136,0.01306286473581719,0.016067841911929854,0.014833112242381112,,,,,,,,
2020-06-09,volatility,10,0.01478013678315114,0.01478013678315114,0.01198650035156136,0.013210127449287777,0.016484627837765456,0.015118636158340623,,,,,,,,
2020-06-10,volatility,10,0.015416267590434586,0.015416267590434586,0.01198650035156136,0.013213535751783344,0.016516513853399424,0.015118946583499875,,,,,,,,
2020-06-11,volatility,10,0.01594147943066073,0.01594147943066073,0.01198650035156136,0.014300340008123538,0.01847885126925267,0.01664323834272993,,,,,,,,
2020-06-12,volatility,10,0.011505767746702292,0.011505767746702292,0.01198650035156136,0.013913149436821091,0.017746758966647916,0.01608014452149316,,,,,,,,
2020-06-15,volatility,10,0.011573437862830776,0.011573437862830776,0.01198650035156136,0.013773925593097446,0.017469480002803066,0.01586212527565178,,,,,,,,
2020-06-16,volatility,10,0.011532166932406706,0.011532166932406706,0.01198650035156136,0.013711515281422927,0.017426759580398216,0.015773943717485344,,,,,,,,
2020-06-17,volatility,10,0.011142247249235576,0.011142247249235576,0.01198650035156136,0.01369731128856313,0.017421118843067566,0.015765649877626752,,,,,,,,
2020-06-18,volatility,10,0.011309452243455946,0.011309452243455946,0.01198650035156136,0.013653649373075833,0.017330542460169733,0.015677951215561533,,,,,,,,
2020-06-19,volatility,10,0.012675175428193105,0.012675175428193105,0.01198650035156136,0.013833239893382076,0.017646044796757077,0.01590692121694857,,,,,,,,
2020-06-22,volatility,10,0.011006791119629185,0.011006791119629185,0.01198650035156136,0.013557263635113309,0.017026370912982442,0.015490912174829622,,,,,,,,
2020-06-23,volatility,10,0.009900910350415593,0.009900910350415593,0.01198650035156136,0.013525447346898149,0.017006779030799845,0.01548921704170272,,,,,,,,
2020-06-24,volatility,10,0.009270760133742117,0.009270760133742117,0.01198650035156136,0.013727792248431622,0.017423191921002158,0.01578091450099248,,,,,,,,
2020-06-25,volatility,10,0.008277147823267912,0.008277147823267912,0.01198650035156136,0.013596607274454916,0.01722614932967102,0.015619295754797882,,,,,,,,
2020-06-26,volatility,10,0.009202007077664665,0.009202007077664665,0.01198650035156136,0.013803383515724946,0.0176171177721259,0.01592001181677752,,,,,,,,
2020-06-29,volatility,10,0.009718312277155102,0.009718312277155102,0.01198650035156136,0.013561495747335053,0.017156209760696876,0.01556727704968576,,,,,,,,
2020-06-30,volatility,10,0.0097183122771551,0.0097183122771551,0.01198650035156136,0.01345028143430137,0.016965981162735556,0.015430016696366811,,,,,,,,
2020-07-01,volatility,10,0.009808685741249086,0.009808685741249086,0.01198650035156136,0.013300035773031764,0.016665397778739717,0.015206620259357564,,,,,,,,
2020-07-02,volatility,10,0.009621638649944461,0.009621638649944461,0.01198650035156136,0.01322373375960313,0.01659621969900222,0.015124478232380122,,,,,,,,
2020-07-06,volatility,10,0.007357504207977045,0.007357504207977045,0.01198650035156136,0.013245152812483691,0.016612654541759534,0.015147382423749193,,,,,,,,
2020-07-07,volatility,10,0.008659613756996677,0.008659613756996677,0.01198650035156136,0.013367900461683829,0.016852764671572377,0.015326925855749969,,,,,,,,
2020-07-08,volatility,10,0.011467552860598597,0.011467552860598597,0.01198650035156136,0.013256686148650146,0.016702590306534402,0.015193689875500568,,,,,,,,
2020-07-09,volatility,10,0.01155940219316155,0.01155940219316155,0.01198650035156136,0.013353895696338847,0.016890402850511688,0.015349492306077486,,,,,,,,
2020-07-10,volatility,10,0.011469805818180303,0.011469805818180303,0.01198650035156136,0.013191605180282288,0.016549508877864536,0.015113472129942074,,,,,,,,
2020-07-13,volatility,10,0.014554744010994911,0.014554744010994911,0.01198650035156136,0.013595271946108245,0.01728869016404442,0.015697177583045768,,,,,,,,
2020-07-14,volatility,10,0.014153714440622042,0.014153714440622042,0.01198650035156136,0.013377586950883119,0.016928147271377477,0.015400690293666258,,,,,,,,
2020-07-15,volatility,10,0.014499686777338967,0.014499686777338967,0.01198650035156136,0.013230324237412534,0.01665680860530947,0.015180088611556956,,,,,,,,
2020-07-16,volatility,10,0.01441625204430713,0.01441625204430713,0.01198650035156136,0.013250095670840744,0.016694192042038227,0.015208842338598833,,,,,,,,
2020-07-17,volatility,10,0.014646887435978766,0.014646887435978766,0.01198650035156136,0.013061244016031757,0.016354076164082923,0.014947845630640059,,,,,,,,
2020-07-20,volatility,10,0.01586595318956042,0.01586595318956042,0.01198650035156136,0.012958467027774645,0.016146796997016696,0.014791166801913141,,,,,,,,
2020-07-21,volatility,10,0.015238871066753559,0.015238871066753559,0.01198650035156136,0.012992043999033021,0.01621721816544091,0.014847207585993488,,,,,,,,
2020-07-22,volatility,10,0.01712131767133043,0.01712131767133043,0.01198650035156136,0.0129492058932719,0.016144242012650446,0.014784907844069418,,,,,,,,
2020-07-23,volatility,10,0.017205274635635877,0.017205274635635877,0.01198650035156136,0.013091924203415062,0.016381087284661654,0.014999426721246222,,,,,,,,
2020-07-24,volatility,10,0.01846067199404199,0.01846067199404199,0.01198650035156136,0.013074424971650563,0.016381003778599218,0.01498376381867452,,,,,,,,
2020-07-27,volatility,10,0.015714637148801936,0.015714637148801936,0.01198650035156136,0.01298266980093941,0.016164943857863313,0.014838451270192694,,,,,,,,
2020-07-28,volatility,10,0.015662576527155254,0.015662576527155254,0.01198650035156136,0.013041472582603547,0.016299673595938185,0.014961071405543274,,,,,,,,
2020-07-29,volatility,10,0.015581470725677822,0.015581470725677822,0.01198650035156136,0.012933354280959753,0.016092153517654043,0.014798262353406082,,,,,,,,
2020-07-30,volatility,10,0.015590908740113575,0.015590908740113575,0.01198650035156136,0.012988861823719186,0.01618954405362577,0.01488233445008265,,,,,,,,
2020-07-31,volatility,10,0.015420480742553299,0.015420480742553299,0.01198650035156136,0.012964147531933923,0.016142814757714827,0.01485669939077151,,,,,,,,
2020-08-03,volatility,10,0.014481006829348412,0.014481006829348412,0.01198650035156136,0.012949318956862766,0.016084697329711385,0.014855490616985233,,,,,,,,
2020-08-04,volatility,10,0.015245843505378252,0.015245843505378252,0.01198650035156136,0.012906480851101644,0.01603859250999573,0.014811507905139623,,,,,,,,
2020-08-05,volatility,10,0.010691786077260446,0.010691786077260446,0.01198650035156136,0.012843047502186136,0.015910632690369145,0.014721833139086399,,,,,,,,
2020-08-06,volatility,10,0.010535272871141753,0.010535272871141753,0.01198650035156136,0.012815037971496171,0.015873715408580413,0.01473971592388887,,,,,,,,
2020-08-07,volatility,10,0.010924378028344632,0.010924378028344632,0.01198650035156136,0.012776518141880742,0.015775900470699884,0.014676229030560775,,,,,,,,
2020-08-10,volatility,10,0.0110496042103481,0.0110496042103481,0.01198650035156136,0.012768791563239483,0.01575281065324564,0.01466643856454714,,,,,,,,
2020-08-11,volatility,10,0.011101532618571566,0.011101532618571566,0.01198650035156136,0.0129230432095491,0.01602349487019804,0.014879693025055431,,,,,,,,
2020-08-12,volatility,10,0.010772367017160315,0.010772367017160315,0.01198650035156136,0.012778876507468402,0.015766949897627884,0.01467003043204174,,,,,,,,
2020-08-13,volatility,10,0.01065074090186231,0.01065074090186231,0.01198650035156136,0.012766519361575772,0.01570905871458762,0.01464175225314936,,,,,,,,
2020-08-14,volatility,10,0.012408193485352952,0.012408193485352952,0.01198650035156136,0.012762201085430079,0.015717854912767348,0.01462954017521482,,,,,,,,
2020-08-17,volatility,10,0.012712912806772655,0.012712912806772655,0.01198650035156136,0.0127045344045978,0.015632883769340654,0.014564227917093515,,,,,,,,
2020-08-18,volatility,10,0.011706291427205922,0.011706291427205922,0.01198650035156136,0.012717715360216608,0.015641763473582822,0.014584943133378447,,,,,,,,
2020-08-19,volatility,10,0.014651752711777464,0.014651752711777464,0.01198650035156136,0.012802567762012674,0.015773393787404732,0.014708344545266504,,,,,,,,
2020-08-20,volatility,10,0.014350886847127379,0.014350886847127379,0.01198650035156136,0.012818532437915689,0.015812060036829285,0.014736455252783,,,,,,,,
2020-08-21,volatility,10,0.01236073527876799,0.01236073527876799,0.01198650035156136,0.012800295560348963,0.01575213644364875,0.01469525372079633,,,,,,,,
2020-08-24,volatility,10,0.01241141379112532,0.01241141379112532,0.01198650035156136,0.012788562996667693,0.015746913853055197,0.014689781064356136,,,,,,,,
2020-08-25,volatility,10,0.012473877194824689,0.012473877194824689,0.01198650035156136,0.012759417365145872,0.015667282725567805,0.014630905718550783,,,,,,,,
2020-08-26,volatility,10,0.01379648138664961,0.01379648138664961,0.01198650035156136,0.012860433670359769,0.015783190101216246,0.014762614129874192,,,,,,,,
2020-08-27,volatility,10,0.01437216758296459,0.01437216758296459,0.01198650035156136,0.012959290837500819,0.01595406469794968,0.01488886069594853,,,,,,,,
2020-08-28,volatility,10,0.013326182632684053,0.013326182632684053,0.01198650035156136,0.012837167770512043,0.015706079656121953,0.014721042654446891,,,,,,,,
2020-08-31,volatility,10,0.012894892598134196,0.012894892598134196,0.01198650035156136,0.013121382126042563,0.016247669107599286,0.01512922393092828,,,,,,,,
2020-09-01,volatility,10,0.012928043955545216,0.012928043955545216,0.01198650035156136,0.013098627744815333,0.016223152743582325,0.015103602031193899,,,,,,,,
2020-09-02,volatility,10,0.00917525020110173,0.00917525020110173,0.01198650035156136,0.01313456308166137,0.016266575428660415,0.015148393082289532,,,,,,,,
2020-09-03,volatility,10,0.00959033847383363,0.00959033847383363,0.01198650035156136,0.013714837419994547,0.017388269854961808,0.015995220129288314,,,,,,,,
2020-09-04,volatility,10,0.013943381826729518,0.013943381826729518,0.01198650035156136,0.013478915547202696,0.01697425537710604,0.01566421297176041,,,,,,,,
2020-09-08,volatility,10,0.013997762282856216,0.013997762282856216,0.01198650035156136,0.01353740603776115,0.017036720283364264,0.015698255938444497,,,,,,,,
2020-09-09,volatility,10,0.014061173973202659,0.014061173973202659,0.01198650035156136,0.013319096460324665,0.0166099075726044,0.015365821574761518,,,,,,,,
2020-09-10,volatility,10,0.012793767833213666,0.012793767833213666,0.01198650035156136,0.013393239335680452,0.016768143370611353,0.015471071276295757,,,,,,,,
2020-09-11,volatility,10,0.01279050856668258,0.01279050856668258,0.01198650035156136,0.013160413474278489,0.016316348140894513,0.015113142568064293,,,,,,,,
2020-09-14,volatility,10,0.01278502812489448,0.01278502812489448,0.01198650035156136,0.013075248781376739,0.016135610052082083,0.014959558310395396,,,,,,,,
2020-09-15,volatility,10,0.01347829384609977,0.01347829384609977,0.01198650035156136,0.013053829728496178,0.016125191179416146,0.014930224027503292,,,,,,,,
2020-09-16,volatility,10,0.013455980991161206,0.013455980991161206,0.01198650035156136,0.013090901166174073,0.016242213322611363,0.014976406941088408,,,,,,,,
2020-09-17,volatility,10,0.013643267014156912,0.013643267014156912,0.01198650035156136,0.013126637275505296,0.01632427897885605,0.015033271375646782,,,,,,,,
2020-09-18,volatility,10,0.013902297476637038,0.013902297476637038,0.01198650035156136,0.013073601161924388,0.016113247294011698,0.014901966337269862,,,,,,,,
2020-09-21,volatility,10,0.011571766403040373,0.011571766403040373,0.01198650035156136,0.013234244058528596,0.016433030304343156,0.0151371364344088,,,,,,,,
2020-09-22,volatility,10,0.01121379540098628,0.01121379540098628,0.01198650035156136,0.013159589664552312,0.016288323861911508,0.01501170576783562,,,,,,,,
2020-09-23,volatility,10,0.011038187829981751,0.011038187829981751,0.01198650035156136,0.01330014883662263,0.016549620466650497,0.015198666135585348,,,,,,,,
2020-09-24,volatility,10,0.011053300572496868,0.011053300572496868,0.01198650035156136,0.013294382168539402,0.01653871696427128,0.015192856406737603,,,,,,,,
2020-09-25,volatility,10,0.011684814751017975,0.011684814751017975,0.01198650035156136,0.013121182898527747,0.016228196307059573,0.014971102579547275,,,,,,,,
2020-09-28,volatility,10,0.0131143000309061,0.0131143000309061,0.01198650035156136,0.013103258312066704,0.016155285185558286,0.014922171528570725,,,,,,,,
2020-09-29,volatility,10,0.012269964234866655,0.012269964234866655,0.01198650035156136,0.013113257092371674,0.016207653640223675,0.014953969115829413,,,,,,,,
2020-09-30,volatility,10,0.013095426373595112,0.013095426373595112,0.01198650035156136,0.013119222987969716,0.016164412091131283,0.014951312946036341,,,,,,,,
2020-10-01,volatility,10,0.012932633214521923,0.012932633214521923,0.01198650035156136,0.01314527260810165,0.016190346251863268,0.01495338261001022,,,,,,,,
2020-10-02,volatility,10,0.013724750573453402,0.013724750573453402,0.01198650035156136,0.013223023013467821,0.016345835741065178,0.015082795073522446,,,,,,,,
2020-10-05,volatility,10,0.012392019774146501,0.012392019774146501,0.01198650035156136,0.013249072633599753,0.0164121379918132,0.015118556888601935,,,,,,,,
2020-10-06,volatility,10,0.012976103182826696,0.012976103182826696,0.01198650035156136,0.013374291711978417,0.016664942344672307,0.015280307305038696,,,,,,,,
2020-10-07,volatility,10,0.013506169822913545,0.013506169822913545,0.01198650035156136,0.013255038529197795,0.016432526283756826,0.015104562909368537,,,,,,,,
2020-10-08,volatility,10,0.013566531329230769,0.013566531329230769,0.01198650035156136,0.01311839917824354,0.01621966618953338,0.014857071339517067,,,,,,,,
2020-10-09,volatility,10,0.012581501453325197,0.012581501453325197,0.01198650035156136,0.013002952752988116,0.01599198328601347,0.014692019385376214,,,,,,,,
2020-10-13,volatility,10,0.01058959792092317,0.01058959792092317,0.01198650035156136,0.013091100393688887,0.01609223130096429,0.014773348166552739,,,,,,,,
2020-10-14,volatility,10,0.012622611006483115,0.012622611006483115,0.01198650035156136,0.013120558316316387,0.01619858030273401,0.014820821815959891,,,,,,,,
2020-10-15,volatility,10,0.014186763502770558,0.014186763502770558,0.01198650035156136,0.013167515470708387,0.016265914228407473,0.01486849771870194,,,,,,,,
2020-10-16,volatility,10,0.014152319944390477,0.014152319944390477,0.01198650035156136,0.013203763098660105,0.016342471822532022,0.014923789659818184,,,,,,,,
2020-10-19,volatility,10,0.012846721071985551,0.012846721071985551,0.01198650035156136,0.013347305218529443,0.016570848120921307,0.015073089416964879,,,,,,,,
2020-10-20,volatility,10,0.014667146464121351,0.014667146464121351,0.01198650035156136,0.013363582185538138,0.016604548135480277,0.01511943133912039,,,,,,,,
2020-10-21,volatility,10,0.014153108490550311,0.014153108490550311,0.01198650035156136,0.013305915504705857,0.016565699429420794,0.015085040379472699,,,,,,,,
2020-10-22,volatility,10,0.015175270528457416,0.015175270528457416,0.01198650035156136,0.013259157577828673,0.016491385747987645,0.015019106833573187,,,,,,,,
2020-10-23,volatility,10,0.016421731844051327,0.016421731844051327,0.01198650035156136,0.013210752031499138,0.016384905708561697,0.014947942691393436,,,,,,,,
2020-10-26,volatility,10,0.017439590606720342,0.017439590606720342,0.01198650035156136,0.013617514808714981,0.017170965862060093,0.01552300374455945,,,,,,,,
2020-10-27,volatility,10,0.017373238032592116,0.017373238032592116,0.01198650035156136,0.013690833874344593,0.017295558843049345,0.015652307767887064,,,,,,,,
2020-10-28,volatility,10,0.015887258688103804,0.015887258688103804,0.01198650035156136,0.01426173401458416,0.018391048165502435,0.01647999486134848,,,,,,,,
2020-10-29,volatility,10,0.013783564784712782,0.013783564784712782,0.01198650035156136,0.014040129198242973,0.017980063438956157,0.016161178208868053,,,,,,,,
2020-10-30,volatility,10,0.013854666042757556,0.013854666042757556,0.01198650035156136,0.014077825218132226,0.01797160788082215,0.016189711279402375,,,,,,,,
2020-11-02,volatility,10,0.013892829281701786,0.013892829281701786,0.01198650035156136,0.014002233950838903,0.017752362720962138,0.01600751765190793,,,,,,,,
2020-11-03,volatility,10,0.01157469532319337,0.01157469532319337,0.01198650035156136,0.013870935913271331,0.01744620826162384,0.015782043958943264,,,,,,,,
2020-11-04,volatility,10,0.011769493295393616,0.011769493295393616,0.01198650035156136,0.013381705999513997,0.01655865558561579,0.015095540263012946,,,,,,,,
2020-11-05,volatility,10,0.009739708622117486,0.009739708622117486,0.01198650035156136,0.013217767864005086,0.01626071652958929,0.014872069237219624,,,,,,,,
2020-11-06,volatility,10,0.00771198393298487,0.00771198393298487,0.01198650035156136,0.012991419416821661,0.01581578023624077,0.01453310283960817,,,,,,,,
2020-11-09,volatility,10,0.0059845028436021136,0.0059845028436021136,0.01198650035156136,0.013063602381619417,0.015977820071730542,0.014633185831820047,,,,,,,,
2020-11-10,volatility,10,0.0066319486932330494,0.0066319486932330494,0.01198650035156136,0.012983068255969041,0.01583064518125829,0.014542469466017175,,,,,,,,
2020-11-12,volatility,10,0.007423863045033531,0.007423863045033531,0.01198650035156136,0.013030649992572401,0.015937572900851,0.014614410335067121,,,,,,,,
2020-11-13,volatility,10,0.010581479664260818,0.010581479664260818,0.01198650035156136,0.012845292804182932,0.015623199002067188,0.014346390208973199,,,,,,,,
2020-11-16,volatility,10,0.011364004463827043,0.011364004463827043,0.01198650035156136,0.012789472970317817,0.015532309238685796,0.014283769230698753,,,,,,,,
2020-11-17,volatility,10,0.012268743120021306,0.012268743120021306,0.01198650035156136,0.012812028124030234,0.015583436633686602,0.014321464513895875,,,,,,,,
2020-11-18,volatility,10,0.012282172450301942,0.012282172450301942,0.01198650035156136,0.012907390824751768,0.015780707658707132,0.014475091019600492,,,,,,,,
2020-11-19,volatility,10,0.01208929887903205,0.01208929887903205,0.01198650035156136,0.01284498051307725,0.015653763655023026,0.014396443528463419,,,,,,,,
2020-11-20,volatility,10,0.012235784774200174,0.012235784774200174,0.01198650035156136,0.012895857488585311,0.015772937917495233,0.014484343438374691,,,,,,,,
2020-11-23,volatility,10,0.012224140522646221,0.012224140522646221,0.01198650035156136,0.012810181277063069,0.015645469560088762,0.014379671742115092,,,,,,,,
2020-11-24,volatility,10,0.011953505786249917,0.011953505786249917,0.01198650035156136,0.012726152684993176,0.01548658995399156,0.01425489162731431,,,,,,,,
2020-11-25,volatility,10,0.011617053786183258,0.011617053786183258,0.01198650035156136,0.012692888004840478,0.015507405837811275,0.014223781672542263,,,,,,,,
2020-11-30,volatility,10,0.01145047483536547,0.01145047483536547,0.01198650035156136,0.012638005044292406,0.01535343714926077,0.014156588516110435,,,,,,,,
2020-12-01,volatility,10,0.008642225224246477,0.008642225224246477,0.01198650035156136,0.012653345137984058,0.015392009251597533,0.014194618742059323,,,,,,,,
2020-12-02,volatility,10,0.007524048515316197,0.007524048515316197,0.01198650035156136,0.01268743362786293,0.015472964944811946,0.01424908703269754,,,,,,,,
2020-12-03,volatility,10,0.00889290187006845,0.00889290187006845,0.01198650035156136,0.01269649553485086,0.015516168223708587,0.014305555642121463,,,,,,,,
2020-12-04,volatility,10,0.009035091050215452,0.009035091050215452,0.01198650035156136,0.012656128858268265,0.015472905425380365,0.014260869251034543,,,,,,,,
2020-12-07,volatility,10,0.009042393177437227,0.009042393177437227,0.01198650035156136,0.012700415355966922,0.015585634512367698,0.014339184585265188,,,,,,,,
2020-12-08,volatility,10,0.009970137226588509,0.009970137226588509,0.01198650035156136,0.012649339152944047,0.015489060634151753,0.0142679962535877,,,,,,,,
2020-12-09,volatility,10,0.009802850716519672,0.009802850716519672,0.01198650035156136,0.012778052697742227,0.015715468558723765,0.014440245321024362,,,,,,,,
2020-12-10,volatility,10,0.009415707858119751,0.009415707858119751,0.01198650035156136,0.012800920142560323,0.01581176280295378,0.01453533879692708,,,,,,,,
2020-12-11,volatility,10,0.00992849906240613,0.00992849906240613,0.01198650035156136,0.01286940941342375,0.015999990998992176,0.0146569361548493,,,,,,,,
2020-12-14,volatility,10,0.009817477095458937,0.009817477095458937,0.01198650035156136,0.012983294383150773,0.016177087431747644,0.014805043152131755,,,,,,,,
2020-12-15,volatility,10,0.010577547297280178,0.010577547297280178,0.01198650035156136,0.012834809404924381,0.015921317363902045,0.014608163197449696,,,,,,,,
2020-12-16,volatility,10,0.010666561671548265,0.010666561671548265,0.01198650035156136,0.01280040862393983,0.01589546098964801,0.01458442241475569,,,,,,,,
2020-12-17,volatility,10,0.008875408180281484,0.008875408180281484,0.01198650035156136,0.01275345146954783,0.015952261803628506,0.014620491695379684,,,,,,,,
2020-12-18,volatility,10,0.008701230532597143,0.008701230532597143,0.01198650035156136,0.012723794319405514,0.015937095245156727,0.014606994015854084,,,,,,,,
2020-12-21,volatility,10,0.008922843870053567,0.008922843870053567,0.01198650035156136,0.01301954201110249,0.016440942228050346,0.015029899818395608,,,,,,,,
2020-12-22,volatility,10,0.0076252178634085175,0.0076252178634085175,0.01198650035156136,0.012942927706568177,0.016296081410726426,0.01491847912610833,,,,,,,,
2020-03-17,volatility,21,0.03261168819559286,0.03261168819559286,0.01702687913258719,0.01702687913258719,0.01655440248834906,0.016780111099209936,,,,,,,,
2020-03-18,volatility,21,0.030314360011725924,0.030314360011725924,0.01702687913258719,0.01702687913258719,0.016548638886107775,0.01677738244527413,,,,,,,,
2020-03-19,volatility,21,0.02765362997406716,0.02765362997406716,0.01702687913258719,0.01702687913258719,0.016557505966478977,0.016785037430242306,,,,,,,,
2020-03-20,volatility,21,0.02766918131996522,0.02766918131996522,0.01702687913258719,0.01702687913258719,0.01660480568149602,0.016785037430242306,,,,,,,,
2020-03-23,volatility,21,0.02679493457089823,0.02679493457089823,0.01702687913258719,0.01702687913258719,0.01657273905282653,0.01691335086257459,,,,,,,,
2020-03-24,volatility,21,0.02663998642526617,0.02663998642526617,0.01702687913258719,0.01702687913258719,0.016545029426666528,0.016937861892613162,,,,,,,,
2020-03-25,volatility,21,0.026415721227025617,0.026415721227025617,0.01702687913258719,0.01702687913258719,0.016556235567459703,0.0169387714439251,,,,,,,,
2020-03-26,volatility,21,0.02009509339567735,0.02009509339567735,0.01702687913258719,0.01702687913258719,0.016576747155596084,0.016938998831753083,,,,,,,,
2020-03-27,volatility,21,0.019868295437844047,0.019868295437844047,0.01702687913258719,0.01702687913258719,0.01667471946156755,0.017046941658874572,,,,,,,,
2020-03-30,volatility,21,0.01958087656871995,0.01958087656871995,0.01702687913258719,0.01702687913258719,0.016629735903323412,0.017042772882028205,,,,,,,,
2020-03-31,volatility,21,0.020944374565266263,0.020944374565266263,0.01702687913258719,0.01702687913258719,0.01669047639118387,0.01707296226430845,,,,,,,,
2020-04-01,volatility,21,0.02041823381982046,0.02041823381982046,0.01702687913258719,0.01702687913258719,0.016773163914358142,0.017117785391258415,,,,,,,,
2020-04-02,volatility,21,0.020888521921251943,0.020888521921251943,0.01702687913258719,0.01702687913258719,0.016763188448940543,0.017181708285277788,,,,,,,,
2020-04-03,volatility,21,0.020934286836025922,0.020934286836025922,0.01702687913258719,0.01702687913258719,0.016741827529920452,0.01721380644865269,,,,,,,,
2020-04-06,volatility,21,0.02120213071524037,0.02120213071524037,0.01702687913258719,0.01702687913258719,0.016737393989734853,0.01721380644865269,,,,,,,,
2020-04-07,volatility,21,0.019962804076987438,0.019962804076987438,0.01702687913258719,0.01702687913258719,0.01670071287890928,0.01721077461094624,,,,,,,,
2020-04-08,volatility,21,0.0201836146014099,0.0201836146014099,0.01702687913258719,0.01702687913258719,0.01701296457793186,0.01743430771108719,,,,,,,,
2020-04-09,volatility,21,0.019509360158237617,0.019509360158237617,0.01702687913258719,0.01702687913258719,0.01702183165830306,0.01743430771108719,,,,,,,,
2020-04-13,volatility,21,0.01983372947964213,0.01983372947964213,0.01702687913258719,0.01702687913258719,0.016894562184469317,0.017444190124192155,,,,,,,,
2020-04-14,volatility,21,0.01908553085844754,0.01908553085844754,0.01702687913258719,0.01702687913258719,0.01692227181062932,0.01746609515162124,,,,,,,,
2020-04-15,volatility,21,0.018542820247458888,0.018542820247458888,0.01702687913258719,0.01702687913258719,0.016923177207243144,0.017537377791148955,,,,,,,,
2020-04-16,volatility,21,0.01748619208679716,0.01748619208679716,0.01702687913258719,0.01702687913258719,0.016932044287614346,0.017538135750575567,,,,,,,,
2020-04-17,volatility,21,0.018861472184673315,0.018861472184673315,0.01702687913258719,0.01702687913258719,0.016934261057707147,0.017539272689715488,,,,,,,,
2020-04-20,volatility,21,0.01908408246239093,0.01908408246239093,0.01702687913258719,0.01702687913258719,0.016947935449798068,0.017536240852009038,,,,,,,,
2020-04-21,volatility,21,0.019396136756477972,0.019396136756477972,0.01702687913258719,0.01702687913258719,0.016934261057707147,0.017536240852009038,,,,,,,,
2020-04-22,volatility,21,0.019415312434720708,0.019415312434720708,0.01702687913258719,0.01702687913258719,0.017098967730426323,0.017679502967448225,,,,,,,,
2020-04-23,volatility,21,0.02011103907574193,0.02011103907574193,0.01702687913258719,0.01702687913258719,0.017168966413205228,0.017760999336632242,,,,,,,,
2020-04-24,volatility,21,0.021220527600629126,0.021220527600629126,0.01702687913258719,0.01702687913258719,0.017227910635987453,0.01778755685712267,,,,,,,,
2020-04-27,volatility,21,0.02102618899900975,0.02102618899900975,0.01702687913258719,0.01702687913258719,0.01723659083059159,0.017787935836835977,,,,,,,,
2020-04-28,volatility,21,0.022892008251366256,0.022892008251366256,0.01702687913258719,0.01702687913258719,0.01723659083059159,0.017789148571918555,,,,,,,,
2020-04-29,volatility,21,0.023093978792846716,0.023093978792846716,0.01702687913258719,0.01702687913258719,0.017272432923610515,0.017789603347574522,,,,,,,,
2020-04-30,volatility,21,0.02191152554711936,0.02191152554711936,0.01702687913258719,0.01702687913258719,0.017258758531519595,0.017792332001510328,,,,,,,,
2020-05-01,volatility,21,0.0214695275263414,0.0214695275263414,0.01702687913258719,0.01702687913258719,0.01721801568389742,0.017791574042083716,,,,,,,,
2020-05-04,volatility,21,0.02118564919788954,0.02118564919788954,0.01702687913258719,0.01702687913258719,0.017149936981649367,0.017787935836835977,,,,,,,,
2020-05-05,volatility,21,0.02136013281155228,0.02136013281155228,0.01702687913258719,0.01702687913258719,0.01715437052183497,0.017787177877409365,,,,,,,,
2020-05-06,volatility,21,0.021185345012317263,0.021185345012317263,0.01702687913258719,0.01702687913258719,0.01715437052183497,0.01779020971511581,,,,,,,,
2020-05-07,volatility,21,0.02117194279092092,0.02117194279092092,0.01702687913258719,0.01702687913258719,0.017233665334991266,0.017873070411267733,,,,,,,,
2020-05-08,volatility,21,0.021421915934928523,0.021421915934928523,0.01702687913258719,0.01702687913258719,0.017272284855404166,0.017912914028453276,,,,,,,,
2020-05-11,volatility,21,0.021171710466878154,0.021171710466878154,0.01702687913258719,0.01702687913258719,0.017264806488729956,0.01790124145328345,,,,,,,,
2020-05-12,volatility,21,0.02084062030150146,0.02084062030150146,0.01702687913258719,0.01702687913258719,0.017258156178451556,0.017819203240435146,,,,,,,,
2020-05-13,volatility,21,0.023455780404403978,0.023455780404403978,0.01702687913258719,0.01702687913258719,0.017348708808751338,0.017853821295051017,,,,,,,,
2020-05-14,volatility,21,0.023254151165610373,0.023254151165610373,0.01702687913258719,0.01702687913258719,0.01737605759293318,0.017885540478712613,,,,,,,,
2020-05-15,volatility,21,0.0232275180763707,0.0232275180763707,0.01702687913258719,0.01702687913258719,0.017324778622592227,0.01788667741785253,,,,,,,,
2020-05-18,volatility,21,0.022057264332445585,0.022057264332445585,0.01702687913258719,0.01702687913258719,0.01729934839381779,0.017879476803299717,,,,,,,,
2020-05-19,volatility,21,0.02185092457472961,0.02185092457472961,0.01702687913258719,0.01702687913258719,0.017350843889444967,0.017879476803299717,,,,,,,,
2020-05-20,volatility,21,0.021630415417035993,0.021630415417035993,0.01702687913258719,0.01702687913258719,0.017303357288660864,0.01788023476272633,,,,,,,,
2020-05-21,volatility,21,0.02240144584822778,0.02240144584822778,0.01702687913258719,0.01702687913258719,0.01727473450815346,0.017855768967108988,,,,,,,,
2020-05-22,volatility,21,0.022423291502999865,0.022423291502999865,0.01702687913258719,0.01702687913258719,0.01726586742778226,0.017855011007682376,,,,,,,,
2020-05-26,volatility,21,0.021772953482362918,0.021772953482362918,0.01702687913258719,0.01702687913258719,0.01729016941733037,0.01786289378571914,,,,,,,,
2020-05-27,volatility,21,0.022239990282802415,0.022239990282802415,0.01702687913258719,0.01702687913258719,0.017357040363135772,0.017913353134725512,,,,,,,,
2020-05-28,volatility,21,0.020311135869753586,0.020311135869753586,0.01702687913258719,0.01702687913258719,0.01750400833550265,0.018078079838395333,,,,,,,,
2020-05-29,volatility,21,0.02011560531028413,0.02011560531028413,0.01702687913258719,0.01702687913258719,0.01750400833550265,0.01807732187896872,,,,,,,,
2020-06-01,volatility,21,0.020064033169874006,0.020064033169874006,0.01702687913258719,0.01702687913258719,0.017541185508191514,0.018074290041262275,,,,,,,,
2020-06-02,volatility,21,0.019786451354744338,0.019786451354744338,0.01702687913258719,0.01702687913258719,0.017527884887634713,0.018076336531714126,,,,,,,,
2020-06-03,volatility,21,0.018557020154171763,0.018557020154171763,0.01702687913258719,0.01702687913258719,0.017588870952264756,0.018076336531714126,,,,,,,,
2020-06-04,volatility,21,0.018372943386478158,0.018372943386478158,0.01702687913258719,0.01702687913258719,0.017724656658683974,0.018167111189574772,,,,,,,,
2020-06-05,volatility,21,0.0182532064424238,0.0182532064424238,0.01702687913258719,0.01702687913258719,0.0176713358464952,0.018139560782759544,,,,,,,,
2020-06-08,volatility,21,0.018441394386666917,0.018441394386666917,0.01702687913258719,0.01702687913258719,0.01768501023858612,0.018140318742186155,,,,,,,,
2020-06-09,volatility,21,0.017999682433856544,0.017999682433856544,0.01702687913258719,0.01702687913258719,0.01780136092539788,0.018225334952014206,,,,,,,,
2020-06-10,volatility,21,0.01807585288240813,0.01807585288240813,0.01702687913258719,0.01702687913258719,0.017821311856233077,0.01821965025631462,,,,,,,,
2020-06-11,volatility,21,0.018414498914088744,0.018414498914088744,0.01702687913258719,0.01702687913258719,0.01776219960575248,0.01814682371363954,,,,,,,,
2020-06-12,volatility,21,0.015187786339181842,0.015187786339181842,0.01702687913258719,0.01702687913258719,0.017776830288364957,0.01814682371363954,,,,,,,,
2020-06-15,volatility,21,0.015112579444989149,0.015112579444989149,0.01702687913258719,0.01702687913258719,0.017759096127622557,0.018138107180233502,,,,,,,,
2020-06-16,volatility,21,0.0152652137284365,0.0152652137284365,0.01702687913258719,0.01702687913258719,0.017761312897715358,0.018141745385481238,,,,,,,,
2020-06-17,volatility,21,0.014850965090544496,0.014850965090544496,0.01702687913258719,0.01702687913258719,0.017795596296477645,0.01814250334490785,,,,,,,,
2020-06-18,volatility,21,0.014852673016215552,0.014852673016215552,0.01702687913258719,0.01702687913258719,0.01781887238245205,0.01811040518153295,,,,,,,,
2020-06-19,volatility,21,0.015367170541440024,0.015367170541440024,0.01702687913258719,0.01702687913258719,0.017841787626448287,0.0181009306887003,,,,,,,,
2020-06-22,volatility,21,0.01611474837812394,0.01611474837812394,0.01702687913258719,0.01702687913258719,0.01771417855937205,0.018030959602649048,,,,,,,,
2020-06-23,volatility,21,0.015464666289781185,0.015464666289781185,0.01702687913258719,0.01702687913258719,0.017695696855561407,0.01804263217781887,,,,,,,,
2020-06-24,volatility,21,0.014853672829079716,0.014853672829079716,0.01702687913258719,0.01702687913258719,0.01773181333343434,0.01804331434130282,,,,,,,,
2020-06-25,volatility,21,0.017227988189117978,0.017227988189117978,0.01702687913258719,0.01702687913258719,0.0177655917622804,0.01805957830660066,,,,,,,,
2020-06-26,volatility,21,0.017280445448837736,0.017280445448837736,0.01702687913258719,0.01702687913258719,0.01779294054646224,0.01811163220438426,,,,,,,,
2020-06-29,volatility,21,0.01745527170104327,0.01745527170104327,0.01702687913258719,0.01702687913258719,0.01779728064376431,0.018092903877957946,,,,,,,,
2020-06-30,volatility,21,0.01754605935881163,0.01754605935881163,0.01702687913258719,0.01702687913258719,0.01781180436673894,0.01810010449251076,,,,,,,,
2020-07-01,volatility,21,0.017633286758846355,0.017633286758846355,0.01702687913258719,0.01702687913258719,0.01781180436673894,0.01810010449251076,,,,,,,,
2020-07-02,volatility,21,0.018558735309630595,0.018558735309630595,0.01702687913258719,0.01702687913258719,0.01782797388942813,0.018102378370790595,,,,,,,,
2020-07-06,volatility,21,0.017541751614458877,0.017541751614458877,0.01702687913258719,0.01702687913258719,0.017814673268871328,0.018099952900625438,,,,,,,,
2020-07-07,volatility,21,0.02077679434710061,0.02077679434710061,0.01702687913258719,0.01702687913258719,0.01781023972868573,0.018100256084396082,,,,,,,,
2020-07-08,volatility,21,0.020908116916044425,0.020908116916044425,0.01702687913258719,0.01702687913258719,0.01793732231675241,0.018116180366184537,,,,,,,,
2020-07-09,volatility,21,0.021805527132531446,0.021805527132531446,0.01702687913258719,0.01702687913258719,0.01793732231675241,0.01812042493897356,,,,,,,,
2020-07-10,volatility,21,0.021800050955781403,0.021800050955781403,0.01702687913258719,0.01702687913258719,0.017880628643910112,0.01812042493897356,,,,,,,,
2020-07-13,volatility,21,0.02143019281578822,0.02143019281578822,0.01702687913258719,0.01702687913258719,0.017876195103724513,0.018119439591718967,,,,,,,,
2020-07-14,volatility,21,0.02128434040829298,0.02128434040829298,0.01702687913258719,0.01702687913258719,0.017876195103724513,0.018122471429425413,,,,,,,,
2020-07-15,volatility,21,0.021365744565757298,0.021365744565757298,0.01702687913258719,0.01702687913258719,0.01788506218409571,0.01812345677668001,,,,,,,,
2020-07-16,volatility,21,0.02127236969123516,0.02127236969123516,0.01702687913258719,0.01702687913258719,0.01789873657618663,0.01812345677668001,,,,,,,,
2020-07-17,volatility,21,0.021483721390263368,0.021483721390263368,0.01702687913258719,0.01702687913258719,0.017918687507021833,0.01812459371581993,,,,,,,,
2020-07-20,volatility,21,0.022045768884832638,0.022045768884832638,0.01702687913258719,0.01702687913258719,0.017911850310976373,0.01812535167524654,,,,,,,,
2020-07-21,volatility,21,0.021702547372215227,0.021702547372215227,0.01702687913258719,0.01702687913258719,0.017910741925929972,0.01812459371581993,,,,,,,,
2020-07-22,volatility,21,0.020411677021591718,0.020411677021591718,0.01702687913258719,0.01702687913258719,0.017920904277114635,0.01812459371581993,,,,,,,,
2020-07-23,volatility,21,0.021475643640423817,0.021475643640423817,0.01702687913258719,0.01702687913258719,0.017912037196743433,0.018129520452092908,,,,,,,,
2020-07-24,volatility,21,0.02158192598850356,0.02158192598850356,0.01702687913258719,0.01702687913258719,0.017898362804652512,0.018129520452092908,,,,,,,,
2020-07-27,volatility,21,0.019252444452003418,0.019252444452003418,0.01702687913258719,0.01702687913258719,0.01787952025886371,0.01810962503024585,,,,,,,,
2020-07-28,volatility,21,0.01920258850524647,0.01920258850524647,0.01702687913258719,0.01702687913258719,0.017905590662155656,0.018119099523078504,,,,,,,,
2020-07-29,volatility,21,0.01896555841431651,0.01896555841431651,0.01702687913258719,0.01702687913258719,0.01796258551393971,0.018088888719199926,,,,,,,,
2020-07-30,volatility,21,0.019966187789499178,0.019966187789499178,0.01702687913258719,0.01702687913258719,0.017953718433568508,0.01808843394354396,,,,,,,,
2020-07-31,volatility,21,0.020214774924416822,0.020214774924416822,0.01702687913258719,0.01702687913258719,0.01794928489338291,0.01809146578125041,,,,,,,,
2020-08-03,volatility,21,0.019269787598435204,0.019269787598435204,0.01702687913258719,0.01702687913258719,0.017915939899107374,0.018097453660720644,,,,,,,,
2020-08-04,volatility,21,0.021294394299467303,0.021294394299467303,0.01702687913258719,0.01702687913258719,0.017915939899107374,0.018101546641624347,,,,,,,,
2020-08-05,volatility,21,0.018150619640392926,0.018150619640392926,0.01702687913258719,0.01702687913258719,0.017929240519664175,0.01810230460105096,,,,,,,,
2020-08-06,volatility,21,0.017831701296135496,0.017831701296135496,0.01702687913258719,0.01702687913258719,0.01794032437012818,0.01818782942726168,,,,,,,,
2020-08-07,volatility,21,0.016704080674978042,0.016704080674978042,0.01702687913258719,0.01702687913258719,0.017935890829942576,0.01818851159074563,,,,,,,,
2020-08-10,volatility,21,0.016712402847302923,0.016712402847302923,0.01702687913258719,0.01702687913258719,0.017935890829942576,0.01818851159074563,,,,,,,,
2020-08-11,volatility,21,0.01771344123780013,0.01771344123780013,0.01702687913258719,0.01702687913258719,0.01799197711200325,0.018188132611032325,,,,,,,,
2020-08-12,volatility,21,0.017985254433132578,0.017985254433132578,0.01702687913258719,0.01702687913258719,0.018025602434929372,0.018188132611032325,,,,,,,,
2020-08-13,volatility,21,0.01825265358961941,0.01825265358961941,0.01702687913258719,0.01702687913258719,0.0179889213241038,0.018185100773325878,,,,,,,,
2020-08-14,volatility,21,0.01836094098979652,0.01836094098979652,0.01702687913258719,0.01702687913258719,0.0180364079248879,0.018180477220823544,,,,,,,,
2020-08-17,volatility,21,0.018131725671145616,0.018131725671145616,0.01702687913258719,0.01702687913258719,0.018063756709069744,0.018207368486606042,,,,,,,,
2020-08-18,volatility,21,0.017469994294318433,0.017469994294318433,0.01702687913258719,0.01702687913258719,0.01805932316888414,0.01820782326226201,,,,,,,,
2020-08-19,volatility,21,0.017524419986151056,0.017524419986151056,0.01702687913258719,0.01702687913258719,0.01804702356482301,0.01820782326226201,,,,,,,,
2020-08-20,volatility,21,0.020034856960087236,0.020034856960087236,0.01702687913258719,0.01702687913258719,0.01804924033491581,0.018234615709650626,,,,,,,,
2020-08-21,volatility,21,0.018857932676127256,0.018857932676127256,0.01702687913258719,0.01702687913258719,0.01804924033491581,0.018234615709650626,,,,,,,,
2020-08-24,volatility,21,0.018839513508311943,0.018839513508311943,0.01702687913258719,0.01702687913258719,0.01803593971435901,0.018235146281249254,,,,,,,,
2020-08-25,volatility,21,0.01882026751600419,0.01882026751600419,0.01702687913258719,0.01702687913258719,0.018073263963958454,0.0182317354638295,,,,,,,,
2020-08-26,volatility,21,0.019261946819220846,0.019261946819220846,0.01702687913258719,0.01702687913258719,0.01802974565708742,0.018228703626123055,,,,,,,,
2020-08-27,volatility,21,0.019574933600357024,0.019574933600357024,0.01702687913258719,0.01702687913258719,0.01802087857671622,0.018223549502022093,,,,,,,,
2020-08-28,volatility,21,0.0191004003482295,0.0191004003482295,0.01702687913258719,0.01702687913258719,0.018018882472237603,0.01828249288627705,,,,,,,,
2020-08-31,volatility,21,0.018660245127424466,0.018660245127424466,0.01702687913258719,0.01702687913258719,0.017997665118034585,0.018307769414812443,,,,,,,,
2020-09-01,volatility,21,0.018822916258763568,0.018822916258763568,0.01702687913258719,0.01702687913258719,0.017997665118034585,0.018308527374239054,,,,,,,,
2020-09-02,volatility,21,0.016902819689413977,0.016902819689413977,0.01702687913258719,0.01702687913258719,0.017993231577848986,0.018307769414812443,,,,,,,,
2020-09-03,volatility,21,0.018148094054159965,0.018148094054159965,0.01702687913258719,0.01702687913258719,0.017965882793667145,0.018295059124137186,,,,,,,,
2020-09-04,volatility,21,0.018126860055750125,0.018126860055750125,0.01702687913258719,0.01702687913258719,0.018010322599817517,0.018338086390152393,,,,,,,,
2020-09-08,volatility,21,0.017964567000217112,0.017964567000217112,0.01702687913258719,0.01702687913258719,0.017897874291669603,0.018323078793505473,,,,,,,,
2020-09-09,volatility,21,0.01791034088587804,0.01791034088587804,0.01702687913258719,0.01702687913258719,0.01789075676697355,0.018318682628831125,,,,,,,,
2020-09-10,volatility,21,0.017810519149646653,0.017810519149646653,0.01702687913258719,0.01702687913258719,0.017886229783904424,0.018317924669404514,,,,,,,,
2020-09-11,volatility,21,0.018670931678044133,0.018670931678044133,0.01702687913258719,0.01702687913258719,0.017852604460978302,0.01831079985079436,,,,,,,,
2020-09-14,volatility,21,0.018379068861830366,0.018379068861830366,0.01702687913258719,0.01702687913258719,0.01784639750471846,0.018329406336375566,,,,,,,,
2020-09-15,volatility,21,0.018799379910103494,0.018799379910103494,0.01702687913258719,0.01702687913258719,0.01779853713240024,0.018289259535419378,,,,,,,,
2020-09-16,volatility,21,0.018826068570715247,0.018826068570715247,0.01702687913258719,0.01702687913258719,0.01792614619947648,0.01835741151884676,,,,,,,,
2020-09-17,volatility,21,0.019745603953881304,0.019745603953881304,0.01702687913258719,0.01702687913258719,0.01795922379465738,0.01835741151884676,,,,,,,,
2020-09-18,volatility,21,0.019772224959239682,0.019772224959239682,0.01702687913258719,0.01702687913258719,0.017901307443593986,0.018332209975772822,,,,,,,,
2020-09-21,volatility,21,0.017393803854423094,0.017393803854423094,0.01702687913258719,0.01702687913258719,0.01790574098377959,0.01833266475142879,,,,,,,,
2020-09-22,volatility,21,0.017584224232627323,0.017584224232627323,0.01702687913258719,0.01702687913258719,0.017856700058019332,0.018279875511429195,,,,,,,,
2020-09-23,volatility,21,0.01752468172180832,0.01752468172180832,0.01702687913258719,0.01702687913258719,0.017860118656042062,0.01825784272504722,,,,,,,,
2020-09-24,volatility,21,0.017658660080249054,0.017658660080249054,0.01702687913258719,0.01702687913258719,0.017875822932458724,0.01825860068447383,,,,,,,,
2020-09-25,volatility,21,0.017237928079053808,0.017237928079053808,0.01702687913258719,0.01702687913258719,0.017880256472644324,0.018261632522180278,,,,,,,,
2020-09-28,volatility,21,0.018266459336569535,0.018266459336569535,0.01702687913258719,0.01702687913258719,0.017885157227247574,0.018257008969677944,,,,,,,,
2020-09-29,volatility,21,0.019313636081435694,0.019313636081435694,0.01702687913258719,0.01702687913258719,0.017902891387989974,0.01825776692910456,,,,,,,,
2020-09-30,volatility,21,0.019329914464455686,0.019329914464455686,0.01702687913258719,0.01702687913258719,0.017865365330845033,0.01825731215344859,,,,,,,,
2020-10-01,volatility,21,0.019203863751478464,0.019203863751478464,0.01702687913258719,0.01702687913258719,0.01785513339717593,0.018248216640329246,,,,,,,,
2020-10-02,volatility,21,0.020317287961483927,0.020317287961483927,0.01702687913258719,0.01702687913258719,0.01785513339717593,0.018248216640329246,,,,,,,,
2020-10-05,volatility,21,0.019208048177389005,0.019208048177389005,0.01702687913258719,0.01702687913258719,0.017904490847853116,0.018246700721476022,,,,,,,,
2020-10-06,volatility,21,0.0203407121355179,0.0203407121355179,0.01702687913258719,0.01702687913258719,0.017913357928224315,0.018240712842005787,,,,,,,,
2020-10-07,volatility,21,0.02132946683906222,0.02132946683906222,0.01702687913258719,0.01702687913258719,0.017910032773085116,0.01824291092434296,,,,,,,,
2020-10-08,volatility,21,0.02222143431045418,0.02222143431045418,0.01702687913258719,0.01702687913258719,0.017907816002992315,0.018133722632911766,,,,,,,,
2020-10-09,volatility,21,0.02150443369238376,0.02150443369238376,0.01702687913258719,0.01702687913258719,0.017907816002992315,0.01813887675701273,,,,,,,,
2020-10-13,volatility,21,0.020349045678278242,0.020349045678278242,0.01702687913258719,0.01702687913258719,0.017866369357448626,0.018096921040481502,,,,,,,,
2020-10-14,volatility,21,0.020308893976177092,0.020308893976177092,0.01702687913258719,0.01702687913258719,0.017872984876484806,0.01809540512162828,,,,,,,,
2020-10-15,volatility,21,0.019852132692818224,0.019852132692818224,0.01702687913258719,0.01702687913258719,0.017863565688619524,0.018089341446215382,,,,,,,,
2020-10-16,volatility,21,0.019863184200286304,0.019863184200286304,0.01702687913258719,0.01702687913258719,0.01785913214843392,0.018090099405641994,,,,,,,,
2020-10-19,volatility,21,0.01893137564021972,0.01893137564021972,0.01702687913258719,0.01702687913258719,0.01782282284099735,0.018012753090701383,,,,,,,,
2020-10-20,volatility,21,0.018812440913724474,0.018812440913724474,0.01702687913258719,0.01702687913258719,0.01782763015271707,0.01801654288783444,,,,,,,,
2020-10-21,volatility,21,0.018445249806180175,0.018445249806180175,0.01702687913258719,0.01702687913258719,0.017853496780318393,0.018050233171245832,,,,,,,,
2020-10-22,volatility,21,0.018220983193447362,0.018220983193447362,0.01702687913258719,0.01702687913258719,0.017849025075721333,0.01805371978460825,,,,,,,,
2020-10-23,volatility,21,0.018589127058361618,0.018589127058361618,0.01702687913258719,0.01702687913258719,0.017860108926185333,0.018083930588486823,,,,,,,,
2020-10-26,volatility,21,0.01865822159477642,0.01865822159477642,0.01702687913258719,0.01702687913258719,0.017849025075721333,0.01807619940233538,,,,,,,,
2020-10-27,volatility,21,0.01889597360289352,0.01889597360289352,0.01702687913258719,0.01702687913258719,0.01783505942413669,0.018082869445289567,,,,,,,,
2020-10-28,volatility,21,0.01910729122088682,0.01910729122088682,0.01702687913258719,0.01702687913258719,0.017863970878226623,0.018082111485862955,,,,,,,,
2020-10-29,volatility,21,0.01794389899725253,0.01794389899725253,0.01702687913258719,0.01702687913258719,0.0178458629459501,0.0180660510224909,,,,,,,,
2020-10-30,volatility,21,0.018568252058585942,0.018568252058585942,0.01702687913258719,0.01702687913258719,0.01774839461378363,0.01805543959051833,,,,,,,,
2020-11-02,volatility,21,0.018552910861335564,0.018552910861335564,0.01702687913258719,0.01702687913258719,0.017635128592884672,0.018017792839948147,,,,,,,,
2020-11-03,volatility,21,0.016879985044986046,0.016879985044986046,0.01702687913258719,0.01702687913258719,0.017590118209985087,0.01800907630654211,,,,,,,,
2020-11-04,volatility,21,0.0170185542719601,0.0170185542719601,0.01702687913258719,0.01702687913258719,0.017590118209985087,0.018012108144248556,,,,,,,,
2020-11-05,volatility,21,0.01584755515659827,0.01584755515659827,0.01702687913258719,0.01702687913258719,0.017598985290356285,0.018016504308922907,,,,,,,,
2020-11-06,volatility,21,0.014790830558690508,0.014790830558690508,0.01702687913258719,0.01702687913258719,0.017598985290356285,0.018016504308922907,,,,,,,,
2020-11-09,volatility,21,0.01337706437230709,0.01337706437230709,0.01702687913258719,0.01702687913258719,0.017628330179016743,0.018016504308922907,,,,,,,,
2020-11-10,volatility,21,0.013650706671065837,0.013650706671065837,0.01702687913258719,0.01702687913258719,0.017628330179016743,0.018025751413927572,,,,,,,,
2020-11-12,volatility,21,0.013688376309981065,0.013688376309981065,0.01702687913258719,0.01702687913258719,0.017619089327111422,0.01799513147405487,,,,,,,,
2020-11-13,volatility,21,0.01373346857534752,0.01373346857534752,0.01702687913258719,0.01702687913258719,0.017632389947668223,0.017995586249710836,,,,,,,,
2020-11-16,volatility,21,0.015228654471932463,0.015228654471932463,0.01702687913258719,0.01702687913258719,0.017659285443099616,0.018003923803403567,,,,,,,,
2020-11-17,volatility,21,0.015258855339239437,0.015258855339239437,0.01702687913258719,0.01702687913258719,0.017659285443099616,0.018003923803403567,,,,,,,,
2020-11-18,volatility,21,0.015255333417187622,0.015255333417187622,0.01702687913258719,0.01702687913258719,0.017659285443099616,0.018005439722256794,,,,,,,,
2020-11-19,volatility,21,0.0158276294306615,0.0158276294306615,0.01702687913258719,0.01702687913258719,0.017658911671565497,0.018011882377382993,,,,,,,,
2020-11-20,volatility,21,0.01588643958122917,0.01588643958122917,0.01702687913258719,0.01702687913258719,0.017667778751936696,0.018013095112465575,,,,,,,,
2020-11-23,volatility,21,0.01574641314403805,0.01574641314403805,0.01702687913258719,0.01702687913258719,0.017711110173040667,0.018016884909598633,,,,,,,,
2020-11-24,volatility,21,0.015546918362426856,0.015546918362426856,0.01702687913258719,0.01702687913258719,0.01771997725341187,0.01801612695017202,,,,,,,,
2020-11-25,volatility,21,0.015451275211763807,0.015451275211763807,0.01702687913258719,0.01702687913258719,0.017747105371979526,0.018022645401240885,,,,,,,,
2020-11-30,volatility,21,0.015625057130085492,0.015625057130085492,0.01702687913258719,0.01702687913258719,0.017758520220864802,0.01802491927952072,,,,,,,,
2020-12-01,volatility,21,0.013799129868141512,0.013799129868141512,0.01702687913258719,0.01702687913258719,0.017758520220864802,0.018030982954933616,,,,,,,,
2020-12-02,volatility,21,0.013473833527924974,0.013473833527924974,0.01702687913258719,0.01702687913258719,0.017767387301236004,0.018030982954933616,,,,,,,,
2020-12-03,volatility,21,0.012570681019744574,0.012570681019744574,0.01702687913258719,0.01702687913258719,0.017794736085417845,0.018056730147746596,,,,,,,,
2020-12-04,volatility,21,0.01270789440859334,0.01270789440859334,0.01702687913258719,0.01702687913258719,0.01781051691479447,0.0180819816678468,,,,,,,,
2020-12-07,volatility,21,0.012747809751962132,0.012747809751962132,0.01702687913258719,0.01702687913258719,0.017922965222942386,0.018083194402929378,,,,,,,,
2020-04-07,direction,1,0.0,0.0,,,,,0.0,0.4925575101488498,0.0,0.09127819678918735,0.0,0.3184643500476546,0.0,0.3084427324414667
2020-04-08,direction,1,1.0,1.0,,,,,0.0,0.4925575101488498,0.0,0.3474687770052357,1.0,0.5990726830038404,1.0,0.6061102598107887
2020-04-09,direction,1,0.0,0.0,,,,,0.0,0.4925575101488498,0.0,0.3613236904518613,0.0,0.4370791297178128,0.0,0.41207068699739
2020-04-13,direction,1,1.0,1.0,,,,,0.0,0.4925575101488498,0.0,0.22762920060322658,0.0,0.39264721928929047,0.0,0.45919622123179976
2020-04-14,direction,1,0.0,0.0,,,,,0.0,0.4925575101488498,0.0,0.2614430133310127,0.0,0.49797876379867534,1.0,0.5220552926050044
2020-04-15,direction,1,0.0,0.0,,,,,0.0,0.4925575101488498,0.0,0.09590719826856774,0.0,0.3079928212718145,0.0,0.2759976427573007
2020-04-16,direction,1,1.0,1.0,,,,,0.0,0.4925575101488498,0.0,0.39206518248623096,0.0,0.4771801363533268,1.0,0.5266068051682432
2020-04-17,direction,1,0.0,0.0,,,,,0.0,0.4925575101488498,0.0,0.2883869335758998,0.0,0.41755723233756487,1.0,0.5010363242633952
2020-04-20,direction,1,0.0,0.0,,,,,0.0,0.4925575101488498,0.0,0.18979186550258073,0.0,0.3490325225245275,0.0,0.3849427566306002
2020-04-21,direction,1,0.0,0.0,,,,,0.0,0.4925575101488498,0.0,0.1715818066563973,0.0,0.36557895673603846,0.0,0.3920185209356771
2020-04-22,direction,1,0.0,0.0,,,,,0.0,0.4925575101488498,0.0,0.17272493827466034,0.0,0.36748576785086956,0.0,0.3934216528447864
2020-04-23,direction,1,0.0,0.0,,,,,0.0,0.4925575101488498,0.0,0.1126375825176177,0.0,0.2868926512944717,0.0,0.26176457388423224
2020-04-24,direction,1,1.0,1.0,,,,,0.0,0.4925575101488498,0.0,0.16832960981273506,0.0,0.44539949496399284,0.0,0.383931617345067
2020-04-27,direction,1,1.0,1.0,,,,,0.0,0.4925575101488498,0.0,0.40320060896485727,0.0,0.48583421497947926,1.0,0.5421914847570426
2020-04-28,direction,1,1.0,1.0,,,,,0.0,0.4925575101488498,0.0,0.46527086965941344,0.0,0.3845431374218002,0.0,0.4160452466981178
2020-04-29,direction,1,1.0,1.0,,,,,0.0,0.4925575101488498,1.0,0.5035906455987126,0.0,0.4411079788688205,0.0,0.48940788407431607
2020-04-30,direction,1,1.0,1.0,,,,,0.0,0.4925575101488498,0.0,0.26301213248189426,0.0,0.31347250664912735,0.0,0.30841980628355786
2020-05-01,direction,1,0.0,0.0,,,,,0.0,0.4925575101488498,0.0,0.24226643163377193,0.0,0.4089927488534619,0.0,0.4240775344170593
2020-05-04,direction,1,0.0,0.0,,,,,0.0,0.4925575101488498,0.0,0.21041044817524412,0.0,0.453468688615406,0.0,0.4070009550900556
2020-05-05,direction,1,0.0,0.0,,,,,0.0,0.4925575101488498,0.0,0.3894011639081959,1.0,0.5566736444826541,1.0,0.597917932094658
2020-05-06,direction,1,1.0,1.0,,,,,0.0,0.4925575101488498,0.0,0.07396231704421458,0.0,0.27225114730268224,0.0,0.24502317505720186
2020-05-07,direction,1,1.0,1.0,,,,,0.0,0.4925575101488498,0.0,0.14372399478519024,0.0,0.434419428387738,0.0,0.4724152551283988
2020-05-08,direction,1,0.0,0.0,,,,,0.0,0.4925575101488498,0.0,0.31727815821816974,0.0,0.32160065310879404,0.0,0.36900246831949046
2020-05-11,direction,1,1.0,1.0,,,,,0.0,0.4925575101488498,0.0,0.4086235473862763,0.0,0.48929117930105803,1.0,0.6465156647541971
2020-05-12,direction,1,0.0,0.0,,,,,0.0,0.4925575101488498,0.0,0.3607511572657203,0.0,0.42180876325063976,0.0,0.48988658298976673
2020-05-13,direction,1,0.0,0.0,,,,,0.0,0.4925575101488498,0.0,0.49648231401882853,0.0,0.4867822312418284,1.0,0.5318886529955061
2020-05-14,direction,1,1.0,1.0,,,,,0.0,0.4925575101488498,0.0,0.4250213241706901,1.0,0.5045775056355979,1.0,0.5316644674311808
2020-05-15,direction,1,1.0,1.0,,,,,0.0,0.4925575101488498,0.0,0.04469089437383182,0.0,0.22544371421635917,0.0,0.17037696838040492
2020-05-18,direction,1,1.0,1.0,,,,,0.0,0.4925575101488498,0.0,0.15609418595308286,0.0,0.46266783048574284,1.0,0.5216102073528097
2020-05-19,direction,1,1.0,1.0,,,,,0.0,0.4925575101488498,0.0,0.17455842155609072,0.0,0.42102963100167684,0.0,0.3861475811030552
2020-05-20,direction,1,0.0,0.0,,,,,0.0,0.4925575101488498,1.0,0.5629264751659345,1.0,0.5149081461153404,1.0,0.5432577212610803
2020-05-21,direction,1,0.0,0.0,,,,,0.0,0.4925575101488498,0.0,0.4614652846567094,0.0,0.3181868260475563,0.0,0.3494628296992908
2020-05-22,direction,1,1.0,1.0,,,,,0.0,0.4925575101488498,0.0,0.37185135938247604,0.0,0.4103690669869466,0.0,0.44239944200014003
2020-05-26,direction,1,0.0,0.0,,,,,0.0,0.4925575101488498,0.0,0.23374095922344112,0.0,0.32460570532883437,0.0,0.39942612436045444
2020-05-27,direction,1,1.0,1.0,,,,,0.0,0.4925575101488498,0.0,0.2111542426763783,0.0,0.3773885088332615,0.0,0.4112679587359521
2020-05-28,direction,1,1.0,1.0,,,,,0.0,0.4925575101488498,0.0,0.3783000685757999,1.0,0.5511344906883323,1.0,0.5781148320981221
2020-05-29,direction,1,1.0,1.0,,,,,0.0,0.4925575101488498,0.0,0.33016857727059523,0.0,0.4112873989946067,1.0,0.5081086297175519
2020-06-01,direction,1,1.0,1.0,,,,,0.0,0.4925575101488498,0.0,0.28725524997210466,0.0,0.4183356100360852,0.0,0.41731261619517857
2020-06-02,direction,1,1.0,1.0,,,,,0.0,0.4925575101488498,0.0,0.13722033350327187,0.0,0.2677500983790796,0.0,0.2107055732378107
2020-06-03,direction,1,1.0,1.0,,,,,0.0,0.4925575101488498,0.0,0.3399701164155974,0.0,0.44099304275203927,0.0,0.4600859153709772
2020-06-04,direction,1,0.0,0.0,,,,,0.0,0.4925575101488498,0.0,0.24907108975843423,0.0,0.39148474034222513,0.0,0.3363015711532476
2020-06-05,direction,1,0.0,0.0,,,,,0.0,0.4925575101488498,0.0,0.3848247370971385,0.0,0.3880803113360686,0.0,0.3253444274122068
2020-06-08,direction,1,1.0,1.0,,,,,0.0,0.4925575101488498,0.0,0.4688893176527539,0.0,0.455540580865212,1.0,0.549808594530009
2020-06-09,direction,1,1.0,1.0,,,,,0.0,0.4925575101488498,0.0,0.25609810691007473,0.0,0.33869703384606265,0.0,0.297284301607864
2020-06-10,direction,1,1.0,1.0,,,,,0.0,0.4925575101488498,0.0,0.3593872451227083,0.0,0.46085606440702165,0.0,0.4172049512327504
2020-06-11,direction,1,0.0,0.0,,,,,0.0,0.4925575101488498,0.0,0.12692016386809474,0.0,0.23989192906462223,0.0,0.21192087131911816
2020-06-12,direction,1,1.0,1.0,,,,,0.0,0.4925575101488498,0.0,0.42563777679410525,1.0,0.546586599407087,1.0,0.5805409040078463
2020-06-15,direction,1,0.0,0.0,,,,,0.0,0.4925575101488498,0.0,0.3845190371193419,1.0,0.5747320020493927,1.0,0.6207983547609168
2020-06-16,direction,1,0.0,0.0,,,,,0.0,0.4925575101488498,0.0,0.06946153930521745,0.0,0.22225606368970321,0.0,0.1460535895606752
2020-06-17,direction,1,0.0,0.0,,,,,0.0,0.4925575101488498,0.0,0.44625229979298514,1.0,0.7304642602884902,1.0,0.7718435997503613
2020-06-18,direction,1,0.0,0.0,,,,,0.0,0.4925575101488498,1.0,0.5678378583781597,0.0,0.47374037392854396,0.0,0.48025475583954025
2020-06-19,direction,1,1.0,1.0,,,,,0.0,0.4925575101488498,1.0,0.8407741458294887,1.0,0.6040862785233093,1.0,0.6902979914259258
2020-06-22,direction,1,1.0,1.0,,,,,0.0,0.4925575101488498,0.0,0.4950058947386084,1.0,0.5570834370522149,1.0,0.5368467703272904
2020-06-23,direction,1,0.0,0.0,,,,,0.0,0.4925575101488498,0.0,0.2715587133981468,0.0,0.3843296262938015,0.0,0.31466631686772556
2020-06-24,direction,1,0.0,0.0,,,,,0.0,0.4925575101488498,0.0,0.2011740135492117,0.0,0.42003385298267487,0.0,0.42493915107804126
2020-06-25,direction,1,0.0,0.0,,,,,0.0,0.4925575101488498,0.0,0.3896704756982137,1.0,0.5752681297069774,1.0,0.7247495641772999
2020-06-26,direction,1,1.0,1.0,,,,,0.0,0.4925575101488498,0.0,0.4909303947443556,0.0,0.4644846108653991,0.0,0.4674349741690557
2020-06-29,direction,1,0.0,0.0,,,,,0.0,0.4925575101488498,1.0,0.5332943264147201,1.0,0.5009947556429175,0.0,0.4873326192866094
2020-06-30,direction,1,1.0,1.0,,,,,0.0,0.4925575101488498,0.0,0.4088646986599511,1.0,0.5571881871343628,1.0,0.5477915710021365
2020-07-01,direction,1,0.0,0.0,,,,,0.0,0.4925575101488498,0.0,0.44246004338979583,1.0,0.5240082731464135,1.0,0.558686471839636
2020-07-02,direction,1,1.0,1.0,,,,,0.0,0.4925575101488498,0.0,0.4824808498769641,1.0,0.6038309091920946,1.0,0.5802527004767168
2020-07-06,direction,1,0.0,0.0,,,,,0.0,0.4925575101488498,1.0,0.5573452489495572,1.0,0.5704075887145955,1.0,0.5909515501959363
2020-07-07,direction,1,1.0,1.0,,,,,0.0,0.4925575101488498,0.0,0.40313042652980635,0.0,0.4141538828145407,0.0,0.3953467305683796
2020-07-08,direction,1,0.0,0.0,,,,,0.0,0.4925575101488498,0.0,0.44578879388443576,1.0,0.585870226457486,1.0,0.6041789074691202
2020-07-09,direction,1,1.0,1.0,,,,,0.0,0.4925575101488498,0.0,0.21500887797475216,0.0,0.3775702571272112,0.0,0.3161931821988459
2020-07-10,direction,1,1.0,1.0,,,,,0.0,0.4925575101488498,0.0,0.2983308886382867,1.0,0.5216704231876749,1.0,0.5350704161173586
2020-07-13,direction,1,1.0,1.0,,,,,0.0,0.4925575101488498,0.0,0.1534337165499065,0.0,0.3249553874779635,0.0,0.2722191948460198
2020-07-14,direction,1,0.0,0.0,,,,,0.0,0.4925575101488498,1.0,0.6167092856797459,1.0,0.636599118470109,1.0,0.630500735053428
2020-07-15,direction,1,1.0,1.0,,,,,0.0,0.4925575101488498,1.0,0.5130447569459722,1.0,0.5548009685804894,1.0,0.520712457637319
2020-07-16,direction,1,1.0,1.0,,,,,0.0,0.4925575101488498,0.0,0.2995002731362366,0.0,0.4022624506987808,0.0,0.394785661862532
2020-07-17,direction,1,1.0,1.0,,,,,0.0,0.4925575101488498,1.0,0.6125675697479019,1.0,0.6310825831897722,1.0,0.7226677453161355
2020-07-20,direction,1,1.0,1.0,,,,,0.0,0.4925575101488498,0.0,0.3609055157321716,0.0,0.4007075985837814,0.0,0.4416299184832524
2020-07-21,direction,1,1.0,1.0,,,,,0.0,0.4925575101488498,0.0,0.29626607648152264,0.0,0.3780592904925379,0.0,0.40088781416412483
2020-07-22,direction,1,1.0,1.0,,,,,0.0,0.4925575101488498,0.0,0.2732710353004519,0.0,0.3671235959348899,0.0,0.35441422311555604
2020-07-23,direction,1,1.0,1.0,,,,,0.0,0.4925575101488498,0.0,0.13996909244117095,0.0,0.3482485583484061,0.0,0.2703299713341116
2020-07-24,direction,1,1.0,1.0,,,,,0.0,0.4925575101488498,0.0,0.34890839393782275,0.0,0.486727216552277,0.0,0.45671379529653805
2020-07-27,direction,1,0.0,0.0,,,,,0.0,0.4925575101488498,0.0,0.4994045380232543,1.0,0.5337194475841307,1.0,0.5862284130327309
2020-07-28,direction,1,1.0,1.0,,,,,0.0,0.4925575101488498,0.0,0.21382444565503939,0.0,0.3159731299044086,0.0,0.3092211648821446
2020-07-29,direction,1,1.0,1.0,,,,,0.0,0.4925575101488498,0.0,0.2763598276205239,0.0,0.45498828645096867,0.0,0.40557427211065017
2020-07-30,direction,1,1.0,1.0,,,,,0.0,0.4925575101488498,0.0,0.2059212751877473,0.0,0.26766839451876046,0.0,0.23531627754092435
2020-07-31,direction,1,0.0,0.0,,,,,0.0,0.4925575101488498,0.0,0.385649993894909,1.0,0.5290766398176598,1.0,0.6012592405654738
2020-08-03,direction,1,1.0,1.0,,,,,0.0,0.4925575101488498,0.0,0.2690513317002949,0.0,0.3183214290185946,0.0,0.3018879049809207
2020-08-04,direction,1,1.0,1.0,,,,,0.0,0.4925575101488498,1.0,0.5244587723283484,1.0,0.5274397198086974,1.0,0.6141766093226264
2020-08-05,direction,1,0.0,0.0,,,,,0.0,0.4925575101488498,0.0,0.3107079734423942,0.0,0.4594175219182284,0.0,0.41887031058142116
2020-08-06,direction,1,0.0,0.0,,,,,0.0,0.4925575101488498,0.0,0.3499448042795455,1.0,0.561359012260606,1.0,0.5229412567701416
2020-08-07,direction,1,0.0,0.0,,,,,0.0,0.4925575101488498,0.0,0.39741696119305725,0.0,0.45191291577472176,0.0,0.44962030812952647
2020-08-10,direction,1,1.0,1.0,,,,,0.0,0.4925575101488498,1.0,0.5036704221685463,1.0,0.5606664313649471,1.0,0.6157201881613495
2020-08-11,direction,1,1.0,1.0,,,,,0.0,0.4925575101488498,0.0,0.4339090678546027,1.0,0.51082486240431,1.0,0.5501571000877348
2020-08-12,direction,1,1.0,1.0,,,,,0.0,0.4925575101488498,0.0,0.2480728497076055,0.0,0.3810868897000082,0.0,0.36746555428436595
2020-08-13,direction,1,1.0,1.0,,,,,0.0,0.4925575101488498,0.0,0.3726916770504111,1.0,0.5332816191471392,1.0,0.5548467380365508
2020-08-14,direction,1,1.0,1.0,,,,,0.0,0.4925575101488498,0.0,0.4741960203473518,1.0,0.6257136996386983,1.0,0.6775953303986033
2020-08-17,direction,1,1.0,1.0,,,,,0.0,0.4925575101488498,0.0,0.48281419448656654,1.0,0.5905499337430189,1.0,0.6773327476885931
2020-08-18,direction,1,0.0,0.0,,,,,0.0,0.4925575101488498,0.0,0.4818257044184083,0.0,0.4770014243132278,1.0,0.513469962945929
2020-08-19,direction,1,0.0,0.0,,,,,0.0,0.4925575101488498,0.0,0.28303685376067544,0.0,0.38437760571176405,0.0,0.35786019921381024
2020-08-20,direction,1,0.0,0.0,,,,,0.0,0.4925575101488498,0.0,0.30190065736413446,0.0,0.491440353773618,0.0,0.47379412724330155
2020-08-21,direction,1,1.0,1.0,,,,,0.0,0.4925575101488498,0.0,0.3616953974999902,1.0,0.5285908503425565,0.0,0.4791409581189926
2020-08-24,direction,1,1.0,1.0,,,,,0.0,0.4925575101488498,0.0,0.3982020012573027,1.0,0.5363316916788924,1.0,0.5437175237138925
2020-08-25,direction,1,0.0,0.0,,,,,0.0,0.4925575101488498,0.0,0.39725899390810476,1.0,0.5486329043105423,0.0,0.4818602588212432
2020-08-26,direction,1,1.0,1.0,,,,,0.0,0.4925575101488498,0.0,0.47554684293942046,1.0,0.5856886315022762,1.0,0.6119532349379755
2020-08-27,direction,1,1.0,1.0,,,,,0.0,0.4925575101488498,0.0,0.499092970910024,1.0,0.6148674336094317,1.0,0.6661486316796874
2020-08-28,direction,1,1.0,1.0,,,,,0.0,0.4925575101488498,1.0,0.768423649659626,1.0,0.7337064838032781,1.0,0.8428194252185733
2020-08-31,direction,1,0.0,0.0,,,,,0.0,0.4925575101488498,0.0,0.32053488760453974,0.0,0.4509359446863658,0.0,0.4289488626909552
2020-09-01,direction,1,0.0,0.0,,,,,0.0,0.4925575101488498,0.0,0.37244236089123484,1.0,0.5178669682925866,1.0,0.5301879307466119
2020-09-02,direction,1,0.0,0.0,,,,,0.0,0.4925575101488498,0.0,0.43235194606797417,1.0,0.583286136391816,1.0,0.5339149636082041
2020-09-03,direction,1,0.0,0.0,,,,,0.0,0.4925575101488498,0.0,0.23124711536982992,0.0,0.4120200053136085,0.0,0.41478178637732704
2020-09-04,direction,1,0.0,0.0,,,,,0.0,0.4925575101488498,0.0,0.45325310116381373,1.0,0.5147061924643666,1.0,0.525502401468376
2020-09-08,direction,1,1.0,1.0,,,,,0.0,0.4925575101488498,0.0,0.4101400003533912,1.0,0.5248832902580461,1.0,0.5571536081697395
2020-09-09,direction,1,1.0,1.0,,,,,0.0,0.4925575101488498,0.0,0.33084453369170913,0.0,0.4954264785601548,1.0,0.582391669445507
2020-09-10,direction,1,0.0,0.0,,,,,0.0,0.4925575101488498,1.0,0.5041223706899056,1.0,0.740916308901363,1.0,0.8042469170695348
2020-09-11,direction,1,1.0,1.0,,,,,0.0,0.4925575101488498,1.0,0.695784469244714,1.0,0.7010164327150225,1.0,0.7813321400346048
2020-09-14,direction,1,0.0,0.0,,,,,0.0,0.4925575101488498,1.0,0.726913279097079,1.0,0.626415175592135,1.0,0.7753692848235507
2020-09-15,direction,1,0.0,0.0,,,,,0.0,0.4925575101488498,0.0,0.49870148584549256,0.0,0.4812435099116319,1.0,0.6221651377991138
2020-09-16,direction,1,0.0,0.0,,,,,0.0,0.4925575101488498,1.0,0.5375293562249241,1.0,0.563059481117438,1.0,0.6544023550367704
2020-09-17,direction,1,1.0,1.0,,,,,0.0,0.4925575101488498,0.0,0.34291873892796465,0.0,0.43671111244050625,1.0,0.5226797421678112
2020-09-18,direction,1,0.0,0.0,,,,,0.0,0.4925575101488498,1.0,0.5160546275995336,1.0,0.6446391806559847,1.0,0.7446943021591289
2020-09-21,direction,1,0.0,0.0,,,,,0.0,0.4925575101488498,0.0,0.22466784127765876,1.0,0.5333566473273562,0.0,0.4836381364532005
2020-09-22,direction,1,0.0,0.0,,,,,0.0,0.4925575101488498,0.0,0.43165008249899195,1.0,0.5402522980895732,1.0,0.5884591667212309
2020-09-23,direction,1,0.0,0.0,,,,,0.0,0.4925575101488498,0.0,0.3589492975960306,0.0,0.42521645003468816,0.0,0.402221389239608
2020-09-24,direction,1,0.0,0.0,,,,,0.0,0.4925575101488498,1.0,0.6685895479664455,1.0,0.6653069527771094,1.0,0.7759390922213883
2020-09-25,direction,1,1.0,1.0,,,,,0.0,0.4925575101488498,1.0,0.6583332436397038,1.0,0.6681516523984846,1.0,0.8470924738383939
2020-09-28,direction,1,1.0,1.0,,,,,0.0,0.4925575101488498,1.0,0.553589354168997,1.0,0.5600411058949543,1.0,0.6459801116373567
2020-09-29,direction,1,1.0,1.0,,,,,0.0,0.4925575101488498,1.0,0.5080400750381083,1.0,0.5893627305978971,1.0,0.6390113936266998
2020-09-30,direction,1,1.0,1.0,,,,,0.0,0.4925575101488498,1.0,0.5380873585123095,1.0,0.6163870864133405,1.0,0.6307069037470745
2020-10-01,direction,1,0.0,0.0,,,,,0.0,0.4925575101488498,1.0,0.5251943566095119,1.0,0.5018713525066426,1.0,0.5040802448179313
2020-10-02,direction,1,1.0,1.0,,,,,0.0,0.4925575101488498,1.0,0.6676350449387148,1.0,0.6319532009937517,1.0,0.7370923569651492
2020-10-05,direction,1,0.0,0.0,,,,,0.0,0.4925575101488498,0.0,0.2989473492766676,0.0,0.36304469898304353,0.0,0.41850120720861966
2020-10-06,direction,1,0.0,0.0,,,,,0.0,0.4925575101488498,0.0,0.2096789316465671,0.0,0.3536607801340096,0.0,0.38049821992349553
2020-10-07,direction,1,0.0,0.0,,,,,0.0,0.4925575101488498,0.0,0.4088622055970716,0.0,0.49621182622838034,1.0,0.5774761254126515
2020-10-08,direction,1,1.0,1.0,,,,,0.0,0.4925575101488498,0.0,0.22771411137390493,0.0,0.385615714021295,0.0,0.3863692529172251
2020-10-09,direction,1,0.0,0.0,,,,,0.0,0.4925575101488498,0.0,0.3284394502144818,0.0,0.44112348829157505,0.0,0.47313598947240126
2020-10-13,direction,1,1.0,1.0,,,,,0.0,0.4925575101488498,0.0,0.23623629651165576,0.0,0.3284875982148834,0.0,0.25319139492149034
2020-10-14,direction,1,0.0,0.0,,,,,0.0,0.4925575101488498,1.0,0.6294012774553339,1.0,0.666661131842425,1.0,0.6880072621946509
2020-10-15,direction,1,1.0,1.0,,,,,0.0,0.4925575101488498,0.0,0.395173314904172,0.0,0.42058626812215294,0.0,0.32652055947197645
2020-10-16,direction,1,1.0,1.0,,,,,0.0,0.4925575101488498,1.0,0.516751137801496,1.0,0.571896995611768,1.0,0.6685540742971413
2020-10-19,direction,1,1.0,1.0,,,,,0.0,0.4925575101488498,0.0,0.28454611872624136,0.0,0.41170981142876584,0.0,0.4672277987580958
2020-10-20,direction,1,1.0,1.0,,,,,0.0,0.4925575101488498,1.0,0.5214737744200736,1.0,0.6721856697634687,1.0,0.6766367281866178
2020-10-21,direction,1,0.0,0.0,,,,,0.0,0.4925575101488498,0.0,0.38510288694142597,0.0,0.49919739241598776,1.0,0.5553500783438502
2020-10-22,direction,1,1.0,1.0,,,,,0.0,0.4925575101488498,0.0,0.3395411246667529,0.0,0.4742487567579448,1.0,0.5514152051510811
2020-10-23,direction,1,0.0,0.0,,,,,0.0,0.4925575101488498,0.0,0.3414662279628495,1.0,0.5071293464431629,0.0,0.44213490101932057
2020-10-26,direction,1,1.0,1.0,,,,,0.0,0.4925575101488498,0.0,0.4060154973871339,1.0,0.5055888483882401,0.0,0.4540012278284711
2020-10-27,direction,1,0.0,0.0,,,,,0.0,0.4925575101488498,1.0,0.6034589308151382,1.0,0.5916416744479708,1.0,0.5965017587598654
2020-10-28,direction,1,0.0,0.0,,,,,0.0,0.4925575101488498,0.0,0.25697307769846345,0.0,0.41585881380870854,0.0,0.43441870447521375
2020-10-29,direction,1,0.0,0.0,,,,,0.0,0.4925575101488498,1.0,0.5204563801591858,1.0,0.6479963502861816,1.0,0.7087791898054103
2020-10-30,direction,1,0.0,0.0,,,,,0.0,0.4925575101488498,0.0,0.21375373853313454,1.0,0.5523699795895711,1.0,0.5083384965003503
2020-11-02,direction,1,1.0,1.0,,,,,0.0,0.4925575101488498,0.0,0.34533874510276247,1.0,0.6682946511523857,1.0,0.7032271862194831
2020-11-03,direction,1,1.0,1.0,,,,,0.0,0.4925575101488498,1.0,0.5030448536064492,1.0,0.6541624454357312,1.0,0.76674885897768
2020-11-04,direction,1,1.0,1.0,,,,,0.0,0.4925575101488498,1.0,0.7203036433597492,1.0,0.7498608990232647,1.0,0.8716541692243827
2020-11-05,direction,1,1.0,1.0,,,,,0.0,0.4925575101488498,1.0,0.6467812707302618,1.0,0.5858823966515947,1.0,0.7186135370530247
2020-11-06,direction,1,0.0,0.0,,,,,0.0,0.4925575101488498,0.0,0.4293979010060956,0.0,0.49220472492608897,1.0,0.565265667014645
2020-11-09,direction,1,0.0,0.0,,,,,0.0,0.4925575101488498,1.0,0.51242087200523,0.0,0.4647307645967847,0.0,0.4873067480335858
2020-11-10,direction,1,1.0,1.0,,,,,0.0,0.4925575101488498,0.0,0.2787029024205599,0.0,0.3001226328222506,0.0,0.28050543986809245
2020-11-12,direction,1,1.0,1.0,,,,,0.0,0.4925575101488498,0.0,0.389460655753349,0.0,0.46571404198059724,0.0,0.39959221032636766
2020-11-13,direction,1,1.0,1.0,,,,,0.0,0.4925575101488498,0.0,0.2808650952282411,1.0,0.5169574035215084,1.0,0.5036836528312495
2020-11-16,direction,1,1.0,1.0,,,,,0.0,0.4925575101488498,0.0,0.3073269709444381,1.0,0.5225378210428676,0.0,0.48586233774666926
2020-11-17,direction,1,1.0,1.0,,,,,0.0,0.4925575101488498,1.0,0.5570258270651738,1.0,0.6373689972245599,1.0,0.6786750932534238
2020-11-18,direction,1,0.0,0.0,,,,,0.0,0.4925575101488498,0.0,0.4601651121389189,1.0,0.5892370963511431,1.0,0.5750747860093134
2020-11-19,direction,1,1.0,1.0,,,,,0.0,0.4925575101488498,1.0,0.5335851330716055,1.0,0.5637759922344665,1.0,0.5643333948732749
2020-11-20,direction,1,0.0,0.0,,,,,0.0,0.4925575101488498,0.0,0.49492896089595284,1.0,0.5679356281876694,1.0,0.6050406120762426
2020-11-23,direction,1,1.0,1.0,,,,,0.0,0.4925575101488498,1.0,0.5276961691989412,1.0,0.6069079008608282,1.0,0.7015713704240193
2020-11-24,direction,1,1.0,1.0,,,,,0.0,0.4925575101488498,0.0,0.44036401609899867,1.0,0.5252969180226918,1.0,0.5805662759785719
2020-11-25,direction,1,1.0,1.0,,,,,0.0,0.4925575101488498,0.0,0.30169156573156675,0.0,0.4782588657815805,0.0,0.4919641874179555
2020-11-30,direction,1,1.0,1.0,,,,,0.0,0.4925575101488498,0.0,0.39525951055503966,0.0,0.48376467757078195,0.0,0.49419616416080847
2020-12-01,direction,1,1.0,1.0,,,,,0.0,0.4925575101488498,0.0,0.36917315316201993,0.0,0.4888782613980554,0.0,0.4999140516165967
2020-12-02,direction,1,1.0,1.0,,,,,0.0,0.4925575101488498,1.0,0.5015055876649699,1.0,0.504888574530585,0.0,0.4980190426272483
2020-12-03,direction,1,0.0,0.0,,,,,0.0,0.4925575101488498,0.0,0.44371905504867265,0.0,0.496662088985872,0.0,0.4938478939883814
2020-12-04,direction,1,0.0,0.0,,,,,0.0,0.4925575101488498,0.0,0.41451497827345934,0.0,0.4426008779573052,0.0,0.4456258365731432
2020-12-07,direction,1,0.0,0.0,,,,,0.0,0.4925575101488498,0.0,0.45785447819473163,1.0,0.5534277729945177,1.0,0.6006529305318701
2020-12-08,direction,1,0.0,0.0,,,,,0.0,0.4925575101488498,0.0,0.34633430792768216,0.0,0.4415041043753955,0.0,0.467100387190687
2020-12-09,direction,1,1.0,1.0,,,,,0.0,0.4925575101488498,0.0,0.2852388907502625,0.0,0.4182414519530607,0.0,0.4293639923681268
2020-12-10,direction,1,0.0,0.0,,,,,0.0,0.4925575101488498,0.0,0.4611232144549932,1.0,0.556575385138971,1.0,0.5807957002060984
2020-12-11,direction,1,1.0,1.0,,,,,0.0,0.4925575101488498,0.0,0.4839324916070888,1.0,0.5858123307796542,1.0,0.5901505316503519
2020-12-14,direction,1,1.0,1.0,,,,,0.0,0.4925575101488498,0.0,0.4011771822001186,1.0,0.5177231432584447,1.0,0.589541026786898
2020-12-15,direction,1,1.0,1.0,,,,,0.0,0.4925575101488498,1.0,0.6038813787454642,1.0,0.6226351378173367,1.0,0.6422592127216169
2020-12-16,direction,1,1.0,1.0,,,,,0.0,0.4925575101488498,0.0,0.45327195389543923,1.0,0.599446411249954,1.0,0.6011236741340018
2020-12-17,direction,1,0.0,0.0,,,,,0.0,0.4925575101488498,0.0,0.4885850290512673,1.0,0.5516430472580044,1.0,0.5473858677378413
2020-12-18,direction,1,0.0,0.0,,,,,0.0,0.4925575101488498,1.0,0.6074093544468951,1.0,0.644839819818265,1.0,0.655530916222682
2020-12-21,direction,1,0.0,0.0,,,,,0.0,0.4925575101488498,0.0,0.4940882020569618,1.0,0.5541016819847796,1.0,0.5546419848941774
2020-12-22,direction,1,1.0,1.0,,,,,0.0,0.4925575101488498,1.0,0.5259815926110512,1.0,0.5825259222049005,1.0,0.5724097302116974
2020-12-23,direction,1,1.0,1.0,,,,,0.0,0.4925575101488498,1.0,0.5412968477720645,1.0,0.6763340689085845,1.0,0.6875400693100693
2020-12-28,direction,1,1.0,1.0,,,,,0.0,0.4925575101488498,0.0,0.3056451383217067,0.0,0.4504117212968412,0.0,0.4004900153372927
2020-12-29,direction,1,1.0,1.0,,,,,0.0,0.4925575101488498,0.0,0.43282642104492225,1.0,0.6660200253480408,1.0,0.677845504713841
2020-12-30,direction,1,0.0,0.0,,,,,0.0,0.4925575101488498,1.0,0.6042191776061845,1.0,0.5570463617846244,1.0,0.6470475230895266
2020-12-31,direction,1,1.0,1.0,,,,,0.0,0.4925575101488498,1.0,0.5690127521332572,1.0,0.571163888776752,1.0,0.5850359961624858
2021-01-04,direction,1,1.0,1.0,,,,,0.0,0.4925575101488498,0.0,0.24488973489255508,0.0,0.3535416518717781,0.0,0.3520059422317774
2021-01-05,direction,1,0.0,0.0,,,,,0.0,0.4925575101488498,0.0,0.28414068855875135,0.0,0.4418292815862405,0.0,0.4066976860413093
2021-01-06,direction,1,0.0,0.0,,,,,0.0,0.4925575101488498,0.0,0.23893986695728706,0.0,0.4734852339949075,0.0,0.41779848973565714
2020-04-03,direction,5,1.0,1.0,,,,,1.0,0.5088676671214188,1.0,0.5644788556952657,1.0,0.8962043590904227,1.0,0.6496073368830737
2020-04-06,direction,5,1.0,1.0,,,,,1.0,0.5088676671214188,1.0,0.5193200331415301,1.0,0.8556185286319851,1.0,0.6975207877250369
2020-04-07,direction,5,1.0,1.0,,,,,1.0,0.5088676671214188,1.0,0.7906631291633592,1.0,0.8826221222675873,1.0,0.6642188334396365
2020-04-08,direction,5,0.0,0.0,,,,,1.0,0.5088676671214188,0.0,0.41954199520468505,1.0,0.7366606814683234,1.0,0.6167703787622907
2020-04-09,direction,5,0.0,0.0,,,,,1.0,0.5088676671214188,0.0,0.4107670494494876,1.0,0.7678316336210723,1.0,0.5840453724844585
2020-04-13,direction,5,0.0,0.0,,,,,1.0,0.5088676671214188,0.0,0.202904441459752,1.0,0.696217666521317,1.0,0.5825514546621495
2020-04-14,direction,5,0.0,0.0,,,,,1.0,0.5088676671214188,1.0,0.6624435791792396,1.0,0.9182738143415228,1.0,0.6546968274618875
2020-04-15,direction,5,0.0,0.0,,,,,1.0,0.5088676671214188,0.0,0.3615347904845352,1.0,0.7486214609730857,1.0,0.5963964674010491
2020-04-16,direction,5,0.0,0.0,,,,,1.0,0.5088676671214188,1.0,0.7697160643497147,1.0,0.9649972422560927,1.0,0.6785323423063092
2020-04-17,direction,5,0.0,0.0,,,,,1.0,0.5088676671214188,0.0,0.463317601592473,1.0,0.8453868448638555,1.0,0.655671920864149
2020-04-20,direction,5,0.0,0.0,,,,,1.0,0.5088676671214188,1.0,0.6235120580075881,1.0,0.8780988852895816,1.0,0.7006436824701482
2020-04-21,direction,5,0.0,0.0,,,,,1.0,0.5088676671214188,0.0,0.31158936993747255,1.0,0.6196535252771621,1.0,0.6944822713153698
2020-04-22,direction,5,1.0,1.0,,,,,1.0,0.5088676671214188,1.0,0.614386096847914,1.0,0.9649362994042977,1.0,0.6481230541384843
2020-04-23,direction,5,1.0,1.0,,,,,1.0,0.5088676671214188,1.0,0.7339919018596412,1.0,0.9657191847420554,1.0,0.6859526195608822
2020-04-24,direction,5,1.0,1.0,,,,,1.0,0.5088676671214188,1.0,0.7851565233541056,1.0,0.9786985698173954,1.0,0.6908209896557133
2020-04-27,direction,5,1.0,1.0,,,,,1.0,0.5088676671214188,1.0,0.7904990629497863,1.0,0.9622374047340903,1.0,0.6884376383006313
2020-04-28,direction,5,1.0,1.0,,,,,1.0,0.5088676671214188,1.0,0.6666875685266639,1.0,0.9366683997991441,1.0,0.6701822456970663
2020-04-29,direction,5,0.0,0.0,,,,,1.0,0.5088676671214188,1.0,0.7152169274300411,1.0,0.9571801339579735,1.0,0.6683867906759485
2020-04-30,direction,5,0.0,0.0,,,,,1.0,0.5088676671214188,1.0,0.720527221751032,1.0,0.9525429902576944,1.0,0.6396273456357802
2020-05-01,direction,5,0.0,0.0,,,,,1.0,0.5088676671214188,0.0,0.39982804673251243,1.0,0.855075010646485,1.0,0.6308705975144632
2020-05-04,direction,5,0.0,0.0,,,,,1.0,0.5088676671214188,0.0,0.3524307220210953,1.0,0.9239608058384181,1.0,0.6123710198120722
2020-05-05,direction,5,1.0,1.0,,,,,1.0,0.5088676671214188,0.0,0.3253682462372888,1.0,0.8490721795097526,1.0,0.6244460474103588
2020-05-06,direction,5,1.0,1.0,,,,,1.0,0.5088676671214188,1.0,0.6584760256363283,1.0,0.9654984839092691,1.0,0.6713469437707478
2020-05-07,direction,5,0.0,0.0,,,,,1.0,0.5088676671214188,1.0,0.874614072581301,1.0,0.9826689331040935,1.0,0.7485272378756733
2020-05-08,direction,5,0.0,0.0,,,,,1.0,0.5088676671214188,1.0,0.9418361221714,1.0,0.9933637860451143,1.0,0.7178112384396479
2020-05-11,direction,5,1.0,1.0,,,,,1.0,0.5088676671214188,1.0,0.6557097135177069,1.0,0.923737610700647,1.0,0.6762975964868807
2020-05-12,direction,5,1.0,1.0,,,,,1.0,0.5088676671214188,1.0,0.7544537002826144,1.0,0.9673099446200067,1.0,0.6486672885737753
2020-05-13,direction,5,1.0,1.0,,,,,1.0,0.5088676671214188,0.0,0.3708366359664009,1.0,0.8567469506531352,1.0,0.6175636816502441
2020-05-14,direction,5,1.0,1.0,,,,,1.0,0.5088676671214188,1.0,0.6333067636396768,1.0,0.9693549990646085,1.0,0.6683639703431953
2020-05-15,direction,5,1.0,1.0,,,,,1.0,0.5088676671214188,1.0,0.6901246236631055,1.0,0.928884021580264,1.0,0.6425256744915488
2020-05-18,direction,5,1.0,1.0,,,,,1.0,0.5088676671214188,1.0,0.934070896185453,1.0,0.9944656570844534,1.0,0.6746481631741018
2020-05-19,direction,5,1.0,1.0,,,,,1.0,0.5088676671214188,1.0,0.8091101521334562,1.0,0.9223961310075381,1.0,0.6428416916075531
2020-05-20,direction,5,1.0,1.0,,,,,1.0,0.5088676671214188,1.0,0.6967538614313051,1.0,0.9118020367770074,1.0,0.6068559157295373
2020-05-21,direction,5,1.0,1.0,,,,,1.0,0.5088676671214188,1.0,0.6837791910705241,1.0,0.9065001492439361,1.0,0.5467822216636234
2020-05-22,direction,5,1.0,1.0,,,,,1.0,0.5088676671214188,1.0,0.6143932258435945,1.0,0.8887581011387775,1.0,0.6226153877765706
2020-05-26,direction,5,1.0,1.0,,,,,1.0,0.5088676671214188,1.0,0.7512602709834113,1.0,0.9404020867298689,1.0,0.645954230056154
2020-05-27,direction,5,1.0,1.0,,,,,1.0,0.5088676671214188,1.0,0.6715580220365852,1.0,0.9148424284063116,1.0,0.634778307298827
2020-05-28,direction,5,1.0,1.0,,,,,1.0,0.5088676671214188,1.0,0.7277158216203145,1.0,0.8714312969982675,1.0,0.6450773799253218
2020-05-29,direction,5,1.0,1.0,,,,,1.0,0.5088676671214188,0.0,0.4484186789966493,1.0,0.6559913252035988,1.0,0.5396229917764209
2020-06-01,direction,5,1.0,1.0,,,,,1.0,0.5088676671214188,1.0,0.678874744786896,1.0,0.881405399660697,1.0,0.6075419474278829
2020-06-02,direction,5,1.0,1.0,,,,,1.0,0.5088676671214188,1.0,0.6389685208866377,1.0,0.8513926545135522,1.0,0.5630634009894993
2020-06-03,direction,5,1.0,1.0,,,,,1.0,0.5088676671214188,1.0,0.7725977047485395,1.0,0.930887381092314,1.0,0.6016758551046435
2020-06-04,direction,5,1.0,1.0,,,,,1.0,0.5088676671214188,1.0,0.5569461753121483,1.0,0.6929038427988183,1.0,0.5647863200260691
2020-06-05,direction,5,0.0,0.0,,,,,1.0,0.5088676671214188,1.0,0.6056957079523188,1.0,0.6484542052858018,1.0,0.5113534824011433
2020-06-08,direction,5,0.0,0.0,,,,,1.0,0.5088676671214188,1.0,0.5895498966608307,1.0,0.7220871179252566,1.0,0.5477979013827364
2020-06-09,direction,5,0.0,0.0,,,,,1.0,0.5088676671214188,1.0,0.6001455920759955,1.0,0.8131373932533819,1.0,0.571500476247897
2020-06-10,direction,5,0.0,0.0,,,,,1.0,0.5088676671214188,1.0,0.6462748129369759,1.0,0.8708596490162199,1.0,0.6142946809831988
2020-06-11,direction,5,0.0,0.0,,,,,1.0,0.5088676671214188,0.0,0.49630950637553034,1.0,0.6487273762985343,1.0,0.5830187663501762
2020-06-12,direction,5,0.0,0.0,,,,,1.0,0.5088676671214188,0.0,0.30459388853719366,0.0,0.36900076333660087,1.0,0.5555606081269922
2020-06-15,direction,5,0.0,0.0,,,,,1.0,0.5088676671214188,1.0,0.7218335652446004,1.0,0.9611784505048864,1.0,0.6853420521609481
2020-06-16,direction,5,1.0,1.0,,,,,1.0,0.5088676671214188,1.0,0.6783909342252445,1.0,0.9344825577093353,1.0,0.6614394211401641
2020-06-17,direction,5,1.0,1.0,,,,,1.0,0.5088676671214188,1.0,0.8962128931818187,1.0,0.9551066191412345,1.0,0.7284850400183628
2020-06-18,direction,5,1.0,1.0,,,,,1.0,0.5088676671214188,1.0,0.7993723901440958,1.0,0.906307670339634,1.0,0.6374341464499741
2020-06-19,direction,5,1.0,1.0,,,,,1.0,0.5088676671214188,1.0,0.5695478568527954,1.0,0.869249368875627,1.0,0.648839151847096
2020-06-22,direction,5,0.0,0.0,,,,,1.0,0.5088676671214188,1.0,0.5790517743932412,1.0,0.6303723163090608,1.0,0.6193360187275622
2020-06-23,direction,5,0.0,0.0,,,,,1.0,0.5088676671214188,1.0,0.5544777682382082,1.0,0.7522148102202801,1.0,0.5636151065991388
2020-06-24,direction,5,0.0,0.0,,,,,1.0,0.5088676671214188,1.0,0.6526993744847701,1.0,0.8722468169169701,1.0,0.5586423892491769
2020-06-25,direction,5,1.0,1.0,,,,,1.0,0.5088676671214188,1.0,0.5361754085610313,1.0,0.5505011269521027,1.0,0.5282532629364338
2020-06-26,direction,5,1.0,1.0,,,,,1.0,0.5088676671214188,1.0,0.7656712607414924,1.0,0.742755706044934,1.0,0.5718753577519702
2020-06-29,direction,5,1.0,1.0,,,,,1.0,0.5088676671214188,1.0,0.6028605194132606,1.0,0.6303316143064186,1.0,0.6400940387107604
2020-06-30,direction,5,1.0,1.0,,,,,1.0,0.5088676671214188,1.0,0.7662722827838219,1.0,0.7948272572497809,1.0,0.6241012883627738
2020-07-01,direction,5,1.0,1.0,,,,,1.0,0.5088676671214188,1.0,0.7182579300148051,1.0,0.8012695475386223,1.0,0.5926730788829032
2020-07-02,direction,5,1.0,1.0,,,,,1.0,0.5088676671214188,1.0,0.7188315769707241,1.0,0.8075004028011579,1.0,0.6346620496751245
2020-07-06,direction,5,1.0,1.0,,,,,1.0,0.5088676671214188,1.0,0.5953531863356034,1.0,0.7824560299851648,1.0,0.6573084457823362
2020-07-07,direction,5,1.0,1.0,,,,,1.0,0.5088676671214188,0.0,0.3995510584312147,1.0,0.6194657397030163,1.0,0.619653781505457
2020-07-08,direction,5,1.0,1.0,,,,,1.0,0.5088676671214188,0.0,0.39798999050770967,1.0,0.7129718173574692,1.0,0.6653212181043807
2020-07-09,direction,5,1.0,1.0,,,,,1.0,0.5088676671214188,0.0,0.46846459611517094,1.0,0.5725514913139139,1.0,0.6122118698605034
2020-07-10,direction,5,1.0,1.0,,,,,1.0,0.5088676671214188,1.0,0.5921697937340364,1.0,0.6638256395135133,1.0,0.6747476389510705
2020-07-13,direction,5,1.0,1.0,,,,,1.0,0.5088676671214188,1.0,0.7094092788942943,1.0,0.9056957787545207,1.0,0.64954646020414
2020-07-14,direction,5,1.0,1.0,,,,,1.0,0.5088676671214188,1.0,0.603926591265991,1.0,0.7843686335010499,1.0,0.6635354203552393
2020-07-15,direction,5,1.0,1.0,,,,,1.0,0.5088676671214188,1.0,0.5573056741063374,1.0,0.6373350335752196,1.0,0.6293383044953414
2020-07-16,direction,5,1.0,1.0,,,,,1.0,0.5088676671214188,1.0,0.5277371343935421,1.0,0.6665981711061599,1.0,0.6274479395921956
2020-07-17,direction,5,1.0,1.0,,,,,1.0,0.5088676671214188,1.0,0.5350894303748464,1.0,0.7137043470097062,1.0,0.632107419902798
2020-07-20,direction,5,1.0,1.0,,,,,1.0,0.5088676671214188,0.0,0.46313048775894894,1.0,0.6288055690526243,1.0,0.659260469149564
2020-07-21,direction,5,1.0,1.0,,,,,1.0,0.5088676671214188,0.0,0.36749866347737403,1.0,0.7156580181967337,1.0,0.6481839697815204
2020-07-22,direction,5,1.0,1.0,,,,,1.0,0.5088676671214188,1.0,0.5953637626931926,1.0,0.8365845196971934,1.0,0.6450049237568019
2020-07-23,direction,5,1.0,1.0,,,,,1.0,0.5088676671214188,0.0,0.39397934092586334,1.0,0.770570233892361,1.0,0.6217631762486405
2020-07-24,direction,5,1.0,1.0,,,,,1.0,0.5088676671214188,1.0,0.5010198346825667,1.0,0.7663834469326166,1.0,0.5975250045302648
2020-07-27,direction,5,0.0,0.0,,,,,1.0,0.5088676671214188,0.0,0.33450735144566035,1.0,0.6713609151334781,1.0,0.578802593125928
2020-07-28,direction,5,1.0,1.0,,,,,1.0,0.5088676671214188,0.0,0.46714031915804205,1.0,0.63000727686104,1.0,0.587436687455972
2020-07-29,direction,5,1.0,1.0,,,,,1.0,0.5088676671214188,1.0,0.6000831103673983,1.0,0.8257360280432996,1.0,0.5968717719380187
2020-07-30,direction,5,1.0,1.0,,,,,1.0,0.5088676671214188,1.0,0.7880100663361498,1.0,0.9519780018281266,1.0,0.543829110885011
2020-07-31,direction,5,0.0,0.0,,,,,1.0,0.5088676671214188,1.0,0.6470885000911045,1.0,0.9286943176817015,1.0,0.6231347932849315
2020-08-03,direction,5,1.0,1.0,,,,,1.0,0.5088676671214188,1.0,0.6588289173298507,1.0,0.8450286663679306,1.0,0.5890578079047019
2020-08-04,direction,5,0.0,0.0,,,,,1.0,0.5088676671214188,1.0,0.6085788939026504,1.0,0.8408042307973584,1.0,0.6449109388609777
2020-08-05,direction,5,0.0,0.0,,,,,1.0,0.5088676671214188,1.0,0.7717418555007477,1.0,0.9108250977514083,1.0,0.6387137105768579
2020-08-06,direction,5,0.0,0.0,,,,,1.0,0.5088676671214188,1.0,0.7150653066626699,1.0,0.836345242411983,1.0,0.6437823204891474
2020-08-07,direction,5,1.0,1.0,,,,,1.0,0.5088676671214188,1.0,0.7992758171040705,1.0,0.9559196726637308,1.0,0.6160794259328061
2020-08-10,direction,5,1.0,1.0,,,,,1.0,0.5088676671214188,1.0,0.6065720997338753,1.0,0.8655700696258827,1.0,0.6223919486103072
2020-08-11,direction,5,1.0,1.0,,,,,1.0,0.5088676671214188,1.0,0.7792453900808416,1.0,0.9501108159534591,1.0,0.7149403717544909
2020-08-12,direction,5,1.0,1.0,,,,,1.0,0.5088676671214188,1.0,0.6488252471594542,1.0,0.9023205196724757,1.0,0.7110438700852066
2020-08-13,direction,5,1.0,1.0,,,,,1.0,0.5088676671214188,1.0,0.8158697676130395,1.0,0.9385010817558065,1.0,0.666338426159638
2020-08-14,direction,5,0.0,0.0,,,,,1.0,0.5088676671214188,1.0,0.6885476399945454,1.0,0.7866925263623198,1.0,0.6452246880437692
2020-08-17,direction,5,0.0,0.0,,,,,1.0,0.5088676671214188,1.0,0.6098568021449335,1.0,0.8742350321710347,1.0,0.6380290332867325
2020-08-18,direction,5,0.0,0.0,,,,,1.0,0.5088676671214188,1.0,0.5943639516384691,1.0,0.9255825430226319,1.0,0.6393299360645605
2020-08-19,direction,5,0.0,0.0,,,,,1.0,0.5088676671214188,1.0,0.570790647910456,1.0,0.8909009859696193,1.0,0.631228228943805
2020-08-20,direction,5,0.0,0.0,,,,,1.0,0.5088676671214188,1.0,0.7221248587131213,1.0,0.9456896848886963,1.0,0.6409655114073016
2020-08-21,direction,5,1.0,1.0,,,,,1.0,0.5088676671214188,1.0,0.7471682228363867,1.0,0.933236515780031,1.0,0.6509048871523951
2020-08-24,direction,5,1.0,1.0,,,,,1.0,0.5088676671214188,1.0,0.7968351353469654,1.0,0.9598517137166325,1.0,0.7168723643663183
2020-08-25,direction,5,1.0,1.0,,,,,1.0,0.5088676671214188,1.0,0.826664521464448,1.0,0.9626020309050999,1.0,0.7000022547835986
2020-08-26,direction,5,1.0,1.0,,,,,1.0,0.5088676671214188,1.0,0.8784987379738435,1.0,0.9644316281610104,1.0,0.7056241869633813
2020-08-27,direction,5,1.0,1.0,,,,,1.0,0.5088676671214188,1.0,0.7966002262963882,1.0,0.9522036353487501,1.0,0.6473572559065239
2020-08-28,direction,5,0.0,0.0,,,,,1.0,0.5088676671214188,1.0,0.7655149317420515,1.0,0.9237719023641254,1.0,0.6553220406605834
2020-08-31,direction,5,0.0,0.0,,,,,1.0,0.5088676671214188,1.0,0.5464582122426331,1.0,0.9447456058984299,1.0,0.6455151785470372
2020-09-01,direction,5,0.0,0.0,,,,,1.0,0.5088676671214188,1.0,0.5949236400232637,1.0,0.8407647701442676,1.0,0.6270445990563853
2020-09-02,direction,5,1.0,1.0,,,,,1.0,0.5088676671214188,1.0,0.6441370847115776,1.0,0.9165721245473437,1.0,0.6105935848691126
2020-09-03,direction,5,0.0,0.0,,,,,1.0,0.5088676671214188,1.0,0.5790375569709402,1.0,0.6457134544462899,1.0,0.6629703777362327
2020-09-04,direction,5,1.0,1.0,,,,,1.0,0.5088676671214188,1.0,0.6607624521836175,1.0,0.8545415555964038,1.0,0.6811826607784902
2020-09-08,direction,5,1.0,1.0,,,,,1.0,0.5088676671214188,1.0,0.7697991335003626,1.0,0.8571957080023798,1.0,0.71753647845339
2020-09-09,direction,5,1.0,1.0,,,,,1.0,0.5088676671214188,1.0,0.7485993416959374,1.0,0.8857271039999433,1.0,0.6679580096179538
2020-09-10,direction,5,0.0,0.0,,,,,1.0,0.5088676671214188,1.0,0.8548570208747134,1.0,0.8390598357995142,1.0,0.6588657689881963
2020-09-11,direction,5,1.0,1.0,,,,,1.0,0.5088676671214188,1.0,0.7439150962128371,1.0,0.7498139042784735,1.0,0.6434971133297751
2020-09-14,direction,5,0.0,0.0,,,,,1.0,0.5088676671214188,1.0,0.5854127771426405,1.0,0.5613660493323889,1.0,0.6494331173320893
2020-09-15,direction,5,0.0,0.0,,,,,1.0,0.5088676671214188,1.0,0.5453113544575053,1.0,0.5742712135746656,1.0,0.5860793420831134
2020-09-16,direction,5,0.0,0.0,,,,,1.0,0.5088676671214188,1.0,0.6236529267464839,1.0,0.731930240004735,1.0,0.6617137102981592
2020-09-17,direction,5,0.0,0.0,,,,,1.0,0.5088676671214188,0.0,0.4826459378107409,1.0,0.5176083740436774,1.0,0.614977210054957
2020-09-18,direction,5,0.0,0.0,,,,,1.0,0.5088676671214188,1.0,0.5972135399802088,1.0,0.7595053293185193,1.0,0.6473989220795882
2020-09-21,direction,5,0.0,0.0,,,,,1.0,0.5088676671214188,1.0,0.5675493991807777,1.0,0.5201094697040273,1.0,0.6223823638533468
2020-09-22,direction,5,1.0,1.0,,,,,1.0,0.5088676671214188,1.0,0.7775621421168061,1.0,0.8319990168955468,1.0,0.6182965690456759
2020-09-23,direction,5,1.0,1.0,,,,,1.0,0.5088676671214188,1.0,0.8163397065330634,1.0,0.8768876278492288,1.0,0.5662778589423817
2020-09-24,direction,5,1.0,1.0,,,,,1.0,0.5088676671214188,1.0,0.8406558910613073,1.0,0.8281379207426403,1.0,0.6398671423624944
2020-09-25,direction,5,1.0,1.0,,,,,1.0,0.5088676671214188,1.0,0.7040906887741947,1.0,0.7640241729138414,1.0,0.6193072185558446
2020-09-28,direction,5,1.0,1.0,,,,,1.0,0.5088676671214188,1.0,0.8201850849236527,1.0,0.8901697807437017,1.0,0.6295667137743746
2020-09-29,direction,5,1.0,1.0,,,,,1.0,0.5088676671214188,1.0,0.7786784973308293,1.0,0.8399797306820608,1.0,0.6030030050850307
2020-09-30,direction,5,1.0,1.0,,,,,1.0,0.5088676671214188,1.0,0.7225601244286508,1.0,0.7511082799842166,1.0,0.5989576161708747
2020-10-01,direction,5,1.0,1.0,,,,,1.0,0.5088676671214188,0.0,0.44993474430930797,1.0,0.6913080708654818,1.0,0.552427407800762
2020-10-02,direction,5,1.0,1.0,,,,,1.0,0.5088676671214188,0.0,0.3160553815940707,1.0,0.6341137150383431,1.0,0.5856681920573344
2020-10-05,direction,5,0.0,0.0,,,,,1.0,0.5088676671214188,0.0,0.37407988270700127,1.0,0.6607697225460998,1.0,0.6725704728013319
2020-10-06,direction,5,0.0,0.0,,,,,1.0,0.5088676671214188,0.0,0.4033159679948358,1.0,0.6353162054020897,1.0,0.6366457525569522
2020-10-07,direction,5,0.0,0.0,,,,,1.0,0.5088676671214188,1.0,0.5548554265229471,1.0,0.7540057140747785,1.0,0.673678170717331
2020-10-08,direction,5,0.0,0.0,,,,,1.0,0.5088676671214188,0.0,0.3732320354758738,1.0,0.6356663091393705,1.0,0.5873064372224976
2020-10-09,direction,5,0.0,0.0,,,,,1.0,0.5088676671214188,1.0,0.7199084135432582,1.0,0.8803746931740926,1.0,0.6401353991018968
2020-10-13,direction,5,1.0,1.0,,,,,1.0,0.5088676671214188,1.0,0.6575205766161105,1.0,0.8208170029190429,1.0,0.616865537722384
2020-10-14,direction,5,1.0,1.0,,,,,1.0,0.5088676671214188,1.0,0.6956104368084508,1.0,0.8693541361490635,1.0,0.64725221227848
2020-10-15,direction,5,1.0,1.0,,,,,1.0,0.5088676671214188,1.0,0.6813620136007611,1.0,0.8090296665759125,1.0,0.5998662784961362
2020-10-16,direction,5,1.0,1.0,,,,,1.0,0.5088676671214188,1.0,0.8139308274756946,1.0,0.9629916716858562,1.0,0.6889536794540728
2020-10-19,direction,5,1.0,1.0,,,,,1.0,0.5088676671214188,1.0,0.7874289124287619,1.0,0.8782056896675783,1.0,0.5989375610055396
2020-10-20,direction,5,1.0,1.0,,,,,1.0,0.5088676671214188,1.0,0.6758616214362883,1.0,0.8924443564516851,1.0,0.6158518093819124
2020-10-21,direction,5,0.0,0.0,,,,,1.0,0.5088676671214188,1.0,0.7103750978749357,1.0,0.8067070775025681,1.0,0.5685440517026016
2020-10-22,direction,5,0.0,0.0,,,,,1.0,0.5088676671214188,1.0,0.6589453586131356,1.0,0.8090940768334178,1.0,0.5370659307998468
2020-10-23,direction,5,0.0,0.0,,,,,1.0,0.5088676671214188,1.0,0.8085383760513255,1.0,0.8551261304590929,1.0,0.5919986316763902
2020-10-26,direction,5,0.0,0.0,,,,,1.0,0.5088676671214188,1.0,0.5596432396802504,1.0,0.6945740866796825,1.0,0.5868509894943583
2020-10-27,direction,5,0.0,0.0,,,,,1.0,0.5088676671214188,1.0,0.5699120709593986,1.0,0.7633929043878487,1.0,0.6394530162046288
2020-10-28,direction,5,0.0,0.0,,,,,1.0,0.5088676671214188,0.0,0.3812606794773031,1.0,0.5899393942514748,1.0,0.5998300958815106
2020-10-29,direction,5,1.0,1.0,,,,,1.0,0.5088676671214188,1.0,0.6690600577194318,1.0,0.8846128888136233,1.0,0.7020517451853071
2020-10-30,direction,5,1.0,1.0,,,,,1.0,0.5088676671214188,1.0,0.6265622136706998,1.0,0.5812684470064136,1.0,0.7011835711875379
2020-11-02,direction,5,1.0,1.0,,,,,1.0,0.5088676671214188,1.0,0.7979815724775532,1.0,0.9230697688434424,1.0,0.7198974063296704
2020-11-03,direction,5,1.0,1.0,,,,,1.0,0.5088676671214188,1.0,0.7130530456210923,1.0,0.6871641341021121,1.0,0.7048407563292497
2020-11-04,direction,5,1.0,1.0,,,,,1.0,0.5088676671214188,1.0,0.6193982434101994,1.0,0.8255215823456004,1.0,0.6253601808760217
2020-11-05,direction,5,1.0,1.0,,,,,1.0,0.5088676671214188,1.0,0.6466992455083919,1.0,0.6728817643821057,1.0,0.6323951365818655
2020-11-06,direction,5,0.0,0.0,,,,,1.0,0.5088676671214188,0.0,0.3990324914035882,0.0,0.4764334176323835,1.0,0.5624297386276867
2020-11-09,direction,5,1.0,1.0,,,,,1.0,0.5088676671214188,0.0,0.4808441081610216,0.0,0.4992228599721257,1.0,0.6014049768619747
2020-11-10,direction,5,1.0,1.0,,,,,1.0,0.5088676671214188,0.0,0.2881380431908282,0.0,0.46120168411682116,1.0,0.6230043389273575
2020-11-12,direction,5,1.0,1.0,,,,,1.0,0.5088676671214188,1.0,0.5968589142958685,1.0,0.8020929663703594,1.0,0.6112702691667541
2020-11-13,direction,5,1.0,1.0,,,,,1.0,0.5088676671214188,1.0,0.6926642320439429,1.0,0.8299522463912137,1.0,0.6843977299309857
2020-11-16,direction,5,0.0,0.0,,,,,1.0,0.5088676671214188,1.0,0.7377071501957068,1.0,0.9122649924303181,1.0,0.6366160278405789
2020-11-17,direction,5,1.0,1.0,,,,,1.0,0.5088676671214188,1.0,0.7413090747929337,1.0,0.8721912111348132,1.0,0.6285607396215755
2020-11-18,direction,5,1.0,1.0,,,,,1.0,0.5088676671214188,1.0,0.6722964012777406,1.0,0.8388534881264275,1.0,0.6238343353716186
2020-11-19,direction,5,1.0,1.0,,,,,1.0,0.5088676671214188,1.0,0.7299295218756416,1.0,0.81039755987082,1.0,0.6217006882455726
2020-11-20,direction,5,1.0,1.0,,,,,1.0,0.5088676671214188,1.0,0.6233984981933903,1.0,0.749115279929367,1.0,0.6358341892166921
2020-11-23,direction,5,1.0,1.0,,,,,1.0,0.5088676671214188,0.0,0.4994945292926617,1.0,0.5984619833139189,1.0,0.6636247802654145
2020-11-24,direction,5,1.0,1.0,,,,,1.0,0.5088676671214188,1.0,0.5503193656168345,1.0,0.691956749609954,1.0,0.6878583478063544
2020-11-25,direction,5,1.0,1.0,,,,,1.0,0.5088676671214188,1.0,0.545307033566772,1.0,0.6963071020943495,1.0,0.6495203503102767
2020-11-30,direction,5,1.0,1.0,,,,,1.0,0.5088676671214188,1.0,0.7526763027958804,1.0,0.899385928453299,1.0,0.663043185546233
2020-12-01,direction,5,1.0,1.0,,,,,1.0,0.5088676671214188,1.0,0.5097734150706704,1.0,0.7199086700800386,1.0,0.6160236198625015
2020-12-02,direction,5,0.0,0.0,,,,,1.0,0.5088676671214188,1.0,0.5878538608566016,1.0,0.6974640616917893,1.0,0.6069929316208784
2020-12-03,direction,5,0.0,0.0,,,,,1.0,0.5088676671214188,0.0,0.3840952839718448,1.0,0.5024287170107026,1.0,0.603108927280776
2020-12-04,direction,5,0.0,0.0,,,,,1.0,0.5088676671214188,1.0,0.5717410342314634,1.0,0.7074278830506691,1.0,0.5786627565489145
2020-12-07,direction,5,1.0,1.0,,,,,1.0,0.5088676671214188,1.0,0.5293477559775106,1.0,0.7162694206324451,1.0,0.6237619373325533
2020-12-08,direction,5,1.0,1.0,,,,,1.0,0.5088676671214188,1.0,0.6591616337802572,1.0,0.8251428506443972,1.0,0.6359275158130854
2020-12-09,direction,5,1.0,1.0,,,,,1.0,0.5088676671214188,1.0,0.715853290167539,1.0,0.871624951254027,1.0,0.6817318887157681
2020-12-10,direction,5,1.0,1.0,,,,,1.0,0.5088676671214188,1.0,0.7383942928628155,1.0,0.8940914809997541,1.0,0.6821371899808573
2020-12-11,direction,5,1.0,1.0,,,,,1.0,0.5088676671214188,1.0,0.7010175418886417,1.0,0.8347204739307975,1.0,0.6681899616868202
2020-12-14,direction,5,1.0,1.0,,,,,1.0,0.5088676671214188,1.0,0.6984777496441655,1.0,0.8598114911662035,1.0,0.6641155674249035
2020-12-15,direction,5,1.0,1.0,,,,,1.0,0.5088676671214188,1.0,0.755594167957395,1.0,0.8865401257396812,1.0,0.6260699531829363
2020-12-16,direction,5,1.0,1.0,,,,,1.0,0.5088676671214188,1.0,0.7311851719578878,1.0,0.865638877898678,1.0,0.6495671688820176
2020-12-17,direction,5,0.0,0.0,,,,,1.0,0.5088676671214188,1.0,0.7601354842981723,1.0,0.9440770175368141,1.0,0.6296041259029102
2020-12-18,direction,5,1.0,1.0,,,,,1.0,0.5088676671214188,1.0,0.6538683583083991,1.0,0.8385232568388632,1.0,0.6200217440300244
2020-12-21,direction,5,1.0,1.0,,,,,1.0,0.5088676671214188,1.0,0.587350605774651,1.0,0.8062163762112273,1.0,0.6360079220865263
2020-12-22,direction,5,1.0,1.0,,,,,1.0,0.5088676671214188,0.0,0.49071781866403574,1.0,0.6657864213264957,1.0,0.6182731343840734
2020-12-23,direction,5,1.0,1.0,,,,,1.0,0.5088676671214188,1.0,0.6339326594997093,1.0,0.8734910733015573,1.0,0.6713339884244072
2020-12-28,direction,5,1.0,1.0,,,,,1.0,0.5088676671214188,1.0,0.5955291835880743,1.0,0.756982923160034,1.0,0.6482089447879177
2020-12-29,direction,5,1.0,1.0,,,,,1.0,0.5088676671214188,1.0,0.603996533938947,1.0,0.8044800266399316,1.0,0.6716973862951031
2020-12-30,direction,5,0.0,0.0,,,,,1.0,0.5088676671214188,1.0,0.5670013427741631,1.0,0.7265978663156398,1.0,0.6006162426874782
2020-12-31,direction,5,1.0,1.0,,,,,1.0,0.5088676671214188,0.0,0.35946869275231247,0.0,0.4841133692623177,1.0,0.5979847825188155
2020-03-30,direction,10,0.0,0.0,,,,,0.0,0.4958563535911602,0.0,0.034969397195761254,0.0,0.5,0.0,0.5
2020-03-31,direction,10,0.0,0.0,,,,,0.0,0.4958563535911602,0.0,0.10014554953607903,0.0,0.5,0.0,0.5
2020-04-01,direction,10,0.0,0.0,,,,,0.0,0.4958563535911602,0.0,0.28365908746377977,0.0,0.5,0.0,0.5
2020-04-02,direction,10,1.0,1.0,,,,,0.0,0.4958563535911602,0.0,0.12627512914476793,0.0,0.5,0.0,0.5
2020-04-03,direction,10,1.0,1.0,,,,,0.0,0.4958563535911602,0.0,0.11438624183185604,0.0,0.5,0.0,0.5
2020-04-06,direction,10,1.0,1.0,,,,,0.0,0.4958563535911602,0.0,0.238746555483778,0.0,0.5,0.0,0.5
2020-04-07,direction,10,0.0,0.0,,,,,0.0,0.4958563535911602,0.0,0.31119962494710784,0.0,0.5,0.0,0.5
2020-04-08,direction,10,0.0,0.0,,,,,0.0,0.4958563535911602,0.0,0.363969226546643,0.0,0.5,0.0,0.5
2020-04-09,direction,10,0.0,0.0,,,,,0.0,0.4958563535911602,0.0,0.24687929984184,0.0,0.5,0.0,0.5
2020-04-13,direction,10,0.0,0.0,,,,,0.0,0.4958563535911602,0.0,0.24694543338910516,0.0,0.5,0.0,0.5
2020-04-14,direction,10,0.0,0.0,,,,,0.0,0.4958563535911602,0.0,0.37298030357885925,0.0,0.5,0.0,0.5
2020-04-15,direction,10,0.0,0.0,,,,,0.0,0.4958563535911602,0.0,0.3995133783305351,0.0,0.5,0.0,0.5
2020-04-16,direction,10,1.0,1.0,,,,,0.0,0.4958563535911602,1.0,0.5352632711841013,0.0,0.5,0.0,0.5
2020-04-17,direction,10,1.0,1.0,,,,,0.0,0.4958563535911602,1.0,0.6422971382375036,0.0,0.5,0.0,0.5
2020-04-20,direction,10,1.0,1.0,,,,,0.0,0.4958563535911602,1.0,0.5063812899087626,0.0,0.5,0.0,0.5
2020-04-21,direction,10,0.0,0.0,,,,,0.0,0.4958563535911602,0.0,0.48953699256340516,0.0,0.5,0.0,0.5
2020-04-22,direction,10,0.0,0.0,,,,,0.0,0.4958563535911602,0.0,0.494133866862962,0.0,0.5,0.0,0.5
2020-04-23,direction,10,0.0,0.0,,,,,0.0,0.4958563535911602,1.0,0.6896728394733551,0.0,0.5,0.0,0.5
2020-04-24,direction,10,1.0,1.0,,,,,0.0,0.4958563535911602,1.0,0.7113753038786885,0.0,0.5,0.0,0.5
2020-04-27,direction,10,0.0,0.0,,,,,0.0,0.4958563535911602,1.0,0.6098786320895115,0.0,0.5,0.0,0.5
2020-04-28,direction,10,1.0,1.0,,,,,0.0,0.4958563535911602,0.0,0.49267476465985804,0.0,0.5,0.0,0.5
2020-04-29,direction,10,0.0,0.0,,,,,0.0,0.4958563535911602,1.0,0.5794547526472833,0.0,0.5,0.0,0.5
2020-04-30,direction,10,0.0,0.0,,,,,0.0,0.4958563535911602,1.0,0.7218765920524899,0.0,0.5,0.0,0.5
2020-05-01,direction,10,0.0,0.0,,,,,0.0,0.4958563535911602,1.0,0.664619437105234,0.0,0.5,0.0,0.5
2020-05-04,direction,10,0.0,0.0,,,,,0.0,0.4958563535911602,1.0,0.5227855325161137,0.0,0.5,0.0,0.5
2020-05-05,direction,10,1.0,1.0,,,,,0.0,0.4958563535911602,1.0,0.5371023571319107,0.0,0.5,0.0,0.5
2020-05-06,direction,10,1.0,1.0,,,,,0.0,0.4958563535911602,1.0,0.7030037960575991,0.0,0.5,0.0,0.5
2020-05-07,direction,10,1.0,1.0,,,,,0.0,0.4958563535911602,1.0,0.862937873670542,0.0,0.5,0.0,0.5
2020-05-08,direction,10,1.0,1.0,,,,,0.0,0.4958563535911602,1.0,0.8385929471701127,0.0,0.5,0.0,0.5
2020-05-11,direction,10,1.0,1.0,,,,,0.0,0.4958563535911602,1.0,0.8653614730466554,0.0,0.5,0.0,0.5
2020-05-12,direction,10,1.0,1.0,,,,,0.0,0.4958563535911602,1.0,0.7410718072086748,0.0,0.5,0.0,0.5
2020-05-13,direction,10,1.0,1.0,,,,,0.0,0.4958563535911602,1.0,0.7397223203606316,0.0,0.5,0.0,0.5
2020-05-14,direction,10,1.0,1.0,,,,,0.0,0.4958563535911602,1.0,0.7636079560541152,0.0,0.5,0.0,0.5
2020-05-15,direction,10,1.0,1.0,,,,,0.0,0.4958563535911602,1.0,0.849546147088568,0.0,0.5,0.0,0.5
2020-05-18,direction,10,1.0,1.0,,,,,0.0,0.4958563535911602,1.0,0.8552190091644615,0.0,0.5,0.0,0.5
2020-05-19,direction,10,1.0,1.0,,,,,0.0,0.4958563535911602,1.0,0.8193778049546693,0.0,0.5,0.0,0.5
2020-05-20,direction,10,1.0,1.0,,,,,0.0,0.4958563535911602,1.0,0.6237668202502002,0.0,0.5,0.0,0.5
2020-05-21,direction,10,1.0,1.0,,,,,0.0,0.4958563535911602,1.0,0.5701014067910858,0.0,0.5,0.0,0.5
2020-05-22,direction,10,1.0,1.0,,,,,0.0,0.4958563535911602,1.0,0.7570816258081684,0.0,0.5,0.0,0.5
2020-05-26,direction,10,1.0,1.0,,,,,0.0,0.4958563535911602,1.0,0.7314572791572312,0.0,0.5,0.0,0.5
2020-05-27,direction,10,1.0,1.0,,,,,0.0,0.4958563535911602,1.0,0.7495989148959774,0.0,0.5,0.0,0.5
2020-05-28,direction,10,1.0,1.0,,,,,0.0,0.4958563535911602,1.0,0.7097222939850667,0.0,0.5,0.0,0.5
2020-05-29,direction,10,1.0,1.0,,,,,0.0,0.4958563535911602,1.0,0.5397282288968432,0.0,0.5,0.0,0.5
2020-06-01,direction,10,1.0,1.0,,,,,0.0,0.4958563535911602,1.0,0.6379395628200094,0.0,0.5,0.0,0.5
2020-06-02,direction,10,1.0,1.0,,,,,0.0,0.4958563535911602,1.0,0.6583221499806672,0.0,0.5,0.0,0.5
2020-06-03,direction,10,0.0,0.0,,,,,0.0,0.4958563535911602,1.0,0.7621779934697315,0.0,0.5,0.0,0.5
2020-06-04,direction,10,0.0,0.0,,,,,0.0,0.4958563535911602,1.0,0.6531823254105685,0.0,0.5,0.0,0.5
2020-06-05,direction,10,0.0,0.0,,,,,0.0,0.4958563535911602,0.0,0.4299007795391282,0.0,0.5,0.0,0.5
2020-06-08,direction,10,0.0,0.0,,,,,0.0,0.4958563535911602,1.0,0.554243415745278,0.0,0.5,0.0,0.5
2020-06-09,direction,10,0.0,0.0,,,,,0.0,0.4958563535911602,1.0,0.6041956816271342,0.0,0.5,0.0,0.5
2020-06-10,direction,10,0.0,0.0,,,,,0.0,0.4958563535911602,1.0,0.5987054455002031,0.0,0.5,0.0,0.5
2020-06-11,direction,10,0.0,0.0,,,,,0.0,0.4958563535911602,1.0,0.6164156282564635,0.0,0.5,0.0,0.5
2020-06-12,direction,10,0.0,0.0,,,,,0.0,0.4958563535911602,0.0,0.42139591445205055,0.0,0.5,0.0,0.5
2020-06-15,direction,10,0.0,0.0,,,,,0.0,0.4958563535911602,1.0,0.5925095618392323,0.0,0.5,0.0,0.5
2020-06-16,direction,10,0.0,0.0,,,,,0.0,0.4958563535911602,1.0,0.5908082560119516,0.0,0.5,0.0,0.5
2020-06-17,direction,10,1.0,1.0,,,,,0.0,0.4958563535911602,1.0,0.628969311008102,0.0,0.5,0.0,0.5
2020-06-18,direction,10,1.0,1.0,,,,,0.0,0.4958563535911602,0.0,0.4712796591174482,0.0,0.5,0.0,0.5
2020-06-19,direction,10,1.0,1.0,,,,,0.0,0.4958563535911602,0.0,0.34442116197470196,0.0,0.5,0.0,0.5
2020-06-22,direction,10,1.0,1.0,,,,,0.0,0.4958563535911602,0.0,0.4440275035704609,0.0,0.5,0.0,0.5
2020-06-23,direction,10,1.0,1.0,,,,,0.0,0.4958563535911602,0.0,0.45078475124529455,0.0,0.5,0.0,0.5
2020-06-24,direction,10,1.0,1.0,,,,,0.0,0.4958563535911602,0.0,0.4825028288355298,0.0,0.5,0.0,0.5
2020-06-25,direction,10,1.0,1.0,,,,,0.0,0.4958563535911602,1.0,0.5845035249800262,0.0,0.5,0.0,0.5
2020-06-26,direction,10,1.0,1.0,,,,,0.0,0.4958563535911602,1.0,0.5595736802289356,0.0,0.5,0.0,0.5
2020-06-29,direction,10,1.0,1.0,,,,,0.0,0.4958563535911602,1.0,0.6061434728404279,0.0,0.5,0.0,0.5
2020-06-30,direction,10,1.0,1.0,,,,,0.0,0.4958563535911602,0.0,0.45981525427960335,0.0,0.5,0.0,0.5
2020-07-01,direction,10,1.0,1.0,,,,,0.0,0.4958563535911602,0.0,0.41806914445046284,0.0,0.5,0.0,0.5
2020-07-02,direction,10,1.0,1.0,,,,,0.0,0.4958563535911602,0.0,0.404387802328227,0.0,0.5,0.0,0.5
2020-07-06,direction,10,1.0,1.0,,,,,0.0,0.4958563535911602,0.0,0.46416347966538773,0.0,0.5,0.0,0.5
2020-07-07,direction,10,1.0,1.0,,,,,0.0,0.4958563535911602,0.0,0.36395283873883555,0.0,0.5,0.0,0.5
2020-07-08,direction,10,1.0,1.0,,,,,0.0,0.4958563535911602,0.0,0.47187283317684736,0.0,0.5,0.0,0.5
2020-07-09,direction,10,1.0,1.0,,,,,0.0,0.4958563535911602,0.0,0.4620667288887652,0.0,0.5,0.0,0.5
2020-07-10,direction,10,1.0,1.0,,,,,0.0,0.4958563535911602,1.0,0.6932723995981744,0.0,0.5,0.0,0.5
2020-07-13,direction,10,1.0,1.0,,,,,0.0,0.4958563535911602,1.0,0.6381147661499117,0.0,0.5,0.0,0.5
2020-07-14,direction,10,1.0,1.0,,,,,0.0,0.4958563535911602,1.0,0.6056622955134072,0.0,0.5,0.0,0.5
2020-07-15,direction,10,1.0,1.0,,,,,0.0,0.4958563535911602,0.0,0.40662247762142356,0.0,0.5,0.0,0.5
2020-07-16,direction,10,1.0,1.0,,,,,0.0,0.4958563535911602,0.0,0.42883197568342774,0.0,0.5,0.0,0.5
2020-07-17,direction,10,1.0,1.0,,,,,0.0,0.4958563535911602,0.0,0.3443127201262983,0.0,0.5,0.0,0.5
2020-07-20,direction,10,1.0,1.0,,,,,0.0,0.4958563535911602,0.0,0.4316052432538182,0.0,0.5,0.0,0.5
2020-07-21,direction,10,1.0,1.0,,,,,0.0,0.4958563535911602,0.0,0.44731696712344554,0.0,0.5,0.0,0.5
2020-07-22,direction,10,1.0,1.0,,,,,0.0,0.4958563535911602,1.0,0.607594014811263,0.0,0.5,0.0,0.5
2020-07-23,direction,10,1.0,1.0,,,,,0.0,0.4958563535911602,1.0,0.7597482808162687,0.0,0.5,0.0,0.5
2020-07-24,direction,10,1.0,1.0,,,,,0.0,0.4958563535911602,1.0,0.6709076938132097,0.0,0.5,0.0,0.5
2020-07-27,direction,10,1.0,1.0,,,,,0.0,0.4958563535911602,1.0,0.6674753110430424,0.0,0.5,0.0,0.5
2020-07-28,direction,10,1.0,1.0,,,,,0.0,0.4958563535911602,1.0,0.522846840817259,0.0,0.5,0.0,0.5
2020-07-29,direction,10,1.0,1.0,,,,,0.0,0.4958563535911602,1.0,0.6533064537418756,0.0,0.5,0.0,0.5
2020-07-30,direction,10,1.0,1.0,,,,,0.0,0.4958563535911602,1.0,0.7239116118498667,0.0,0.5,0.0,0.5
2020-07-31,direction,10,1.0,1.0,,,,,0.0,0.4958563535911602,1.0,0.8173788987766373,0.0,0.5,0.0,0.5
2020-08-03,direction,10,1.0,1.0,,,,,0.0,0.4958563535911602,1.0,0.6728373760893134,0.0,0.5,0.0,0.5
2020-08-04,direction,10,1.0,1.0,,,,,0.0,0.4958563535911602,1.0,0.8115686758235011,0.0,0.5,0.0,0.5
2020-08-05,direction,10,0.0,0.0,,,,,0.0,0.4958563535911602,1.0,0.7708796269200731,0.0,0.5,0.0,0.5
2020-08-06,direction,10,1.0,1.0,,,,,0.0,0.4958563535911602,1.0,0.7633681712041931,0.0,0.5,0.0,0.5
2020-08-07,direction,10,0.0,0.0,,,,,0.0,0.4958563535911602,1.0,0.7262647351702094,0.0,0.5,0.0,0.5
2020-08-10,direction,10,1.0,1.0,,,,,0.0,0.4958563535911602,1.0,0.7674207510619765,0.0,0.5,0.0,0.5
2020-08-11,direction,10,1.0,1.0,,,,,0.0,0.4958563535911602,1.0,0.7523147075643398,0.0,0.5,0.0,0.5
2020-08-12,direction,10,1.0,1.0,,,,,0.0,0.4958563535911602,1.0,0.789576060175655,0.0,0.5,0.0,0.5
2020-08-13,direction,10,1.0,1.0,,,,,0.0,0.4958563535911602,1.0,0.7641237580583853,0.0,0.5,0.0,0.5
2020-08-14,direction,10,1.0,1.0,,,,,0.0,0.4958563535911602,1.0,0.7791840887118372,0.0,0.5,0.0,0.5
2020-08-17,direction,10,1.0,1.0,,,,,0.0,0.4958563535911602,1.0,0.6564033841651569,0.0,0.5,0.0,0.5
2020-08-18,direction,10,1.0,1.0,,,,,0.0,0.4958563535911602,1.0,0.5712334895866005,0.0,0.5,0.0,0.5
2020-08-19,direction,10,0.0,0.0,,,,,0.0,0.4958563535911602,1.0,0.6872602529869516,0.0,0.5,0.0,0.5
2020-08-20,direction,10,0.0,0.0,,,,,0.0,0.4958563535911602,1.0,0.8055698814876245,0.0,0.5,0.0,0.5
2020-08-21,direction,10,1.0,1.0,,,,,0.0,0.4958563535911602,1.0,0.8209587129923669,0.0,0.5,0.0,0.5
2020-08-24,direction,10,0.0,0.0,,,,,0.0,0.4958563535911602,1.0,0.8904193594066265,0.0,0.5,0.0,0.5
2020-08-25,direction,10,0.0,0.0,,,,,0.0,0.4958563535911602,1.0,0.803221757688862,0.0,0.5,0.0,0.5
2020-08-26,direction,10,1.0,1.0,,,,,0.0,0.4958563535911602,1.0,0.8356449291372432,0.0,0.5,0.0,0.5
2020-08-27,direction,10,1.0,1.0,,,,,0.0,0.4958563535911602,1.0,0.7450229694167996,0.0,0.5,0.0,0.5
2020-08-28,direction,10,0.0,0.0,,,,,0.0,0.4958563535911602,1.0,0.6421369510434807,0.0,0.5,0.0,0.5
2020-08-31,direction,10,0.0,0.0,,,,,0.0,0.4958563535911602,1.0,0.5706202615087241,0.0,0.5,0.0,0.5
2020-09-01,direction,10,0.0,0.0,,,,,0.0,0.4958563535911602,0.0,0.46927617798016646,0.0,0.5,0.0,0.5
2020-09-02,direction,10,0.0,0.0,,,,,0.0,0.4958563535911602,1.0,0.5435295446596438,0.0,0.5,0.0,0.5
2020-09-03,direction,10,1.0,1.0,,,,,0.0,0.4958563535911602,1.0,0.7395605196432791,0.0,0.5,0.0,0.5
2020-09-04,direction,10,0.0,0.0,,,,,0.0,0.4958563535911602,1.0,0.5619874705441348,0.0,0.5,0.0,0.5
2020-09-08,direction,10,0.0,0.0,,,,,0.0,0.4958563535911602,1.0,0.7160929212572175,0.0,0.5,0.0,0.5
2020-09-09,direction,10,0.0,0.0,,,,,0.0,0.4958563535911602,1.0,0.5981194369073192,0.0,0.5,0.0,0.5
2020-09-10,direction,10,0.0,0.0,,,,,0.0,0.4958563535911602,1.0,0.5709266414857075,0.0,0.5,0.0,0.5
2020-09-11,direction,10,0.0,0.0,,,,,0.0,0.4958563535911602,0.0,0.40803973366484175,0.0,0.5,0.0,0.5
2020-09-14,direction,10,0.0,0.0,,,,,0.0,0.4958563535911602,0.0,0.35323059400597917,0.0,0.5,0.0,0.5
2020-09-15,direction,10,0.0,0.0,,,,,0.0,0.4958563535911602,0.0,0.3415404617770736,0.0,0.5,0.0,0.5
2020-09-16,direction,10,0.0,0.0,,,,,0.0,0.4958563535911602,0.0,0.4960704433758022,0.0,0.5,0.0,0.5
2020-09-17,direction,10,0.0,0.0,,,,,0.0,0.4958563535911602,1.0,0.5076135320842048,0.0,0.5,0.0,0.5
2020-09-18,direction,10,0.0,0.0,,,,,0.0,0.4958563535911602,1.0,0.5731424143074815,0.0,0.5,0.0,0.5
2020-09-21,direction,10,1.0,1.0,,,,,0.0,0.4958563535911602,1.0,0.5839051813256502,0.0,0.5,0.0,0.5
2020-09-22,direction,10,1.0,1.0,,,,,0.0,0.4958563535911602,1.0,0.7559890553184562,0.0,0.5,0.0,0.5
2020-09-23,direction,10,1.0,1.0,,,,,0.0,0.4958563535911602,1.0,0.7593477541944517,0.0,0.5,0.0,0.5
2020-09-24,direction,10,1.0,1.0,,,,,0.0,0.4958563535911602,1.0,0.7482043557598503,0.0,0.5,0.0,0.5
2020-09-25,direction,10,1.0,1.0,,,,,0.0,0.4958563535911602,1.0,0.5423938935197706,0.0,0.5,0.0,0.5
2020-09-28,direction,10,1.0,1.0,,,,,0.0,0.4958563535911602,1.0,0.5308523700326718,0.0,0.5,0.0,0.5
2020-09-29,direction,10,1.0,1.0,,,,,0.0,0.4958563535911602,1.0,0.5230952647477729,0.0,0.5,0.0,0.5
2020-09-30,direction,10,0.0,0.0,,,,,0.0,0.4958563535911602,1.0,0.5135125401201031,0.0,0.5,0.0,0.5
2020-10-01,direction,10,0.0,0.0,,,,,0.0,0.4958563535911602,0.0,0.3927039339959904,0.0,0.5,0.0,0.5
2020-10-02,direction,10,1.0,1.0,,,,,0.0,0.4958563535911602,0.0,0.2924872323112868,0.0,0.5,0.0,0.5
2020-10-05,direction,10,1.0,1.0,,,,,0.0,0.4958563535911602,0.0,0.4337083512932608,0.0,0.5,0.0,0.5
2020-10-06,direction,10,1.0,1.0,,,,,0.0,0.4958563535911602,0.0,0.37976265980627116,0.0,0.5,0.0,0.5
2020-10-07,direction,10,1.0,1.0,,,,,0.0,0.4958563535911602,1.0,0.5029706292819577,0.0,0.5,0.0,0.5
2020-10-08,direction,10,1.0,1.0,,,,,0.0,0.4958563535911602,1.0,0.5427063124374363,0.0,0.5,0.0,0.5
2020-10-09,direction,10,0.0,0.0,,,,,0.0,0.4958563535911602,1.0,0.5647013859779088,0.0,0.5,0.0,0.5
2020-10-13,direction,10,1.0,1.0,,,,,0.0,0.4958563535911602,1.0,0.6805956721928865,0.0,0.5,0.0,0.5
2020-10-14,direction,10,0.0,0.0,,,,,0.0,0.4958563535911602,1.0,0.7672176915326213,0.0,0.5,0.0,0.5
2020-10-15,direction,10,0.0,0.0,,,,,0.0,0.4958563535911602,1.0,0.6561694571805281,0.0,0.5,0.0,0.5
2020-10-16,direction,10,0.0,0.0,,,,,0.0,0.4958563535911602,1.0,0.8185555586020821,0.0,0.5,0.0,0.5
2020-10-19,direction,10,0.0,0.0,,,,,0.0,0.4958563535911602,1.0,0.7076182287652478,0.0,0.5,0.0,0.5
2020-10-20,direction,10,0.0,0.0,,,,,0.0,0.4958563535911602,1.0,0.6709935134656608,0.0,0.5,0.0,0.5
2020-10-21,direction,10,0.0,0.0,,,,,0.0,0.4958563535911602,0.0,0.41605140013825703,0.0,0.5,0.0,0.5
2020-10-22,direction,10,0.0,0.0,,,,,0.0,0.4958563535911602,0.0,0.46752716432127783,0.0,0.5,0.0,0.5
2020-10-23,direction,10,1.0,1.0,,,,,0.0,0.4958563535911602,1.0,0.5902145609328695,0.0,0.5,0.0,0.5
2020-10-26,direction,10,0.0,0.0,,,,,0.0,0.4958563535911602,1.0,0.5019798289862536,0.0,0.5,0.0,0.5
2020-10-27,direction,10,0.0,0.0,,,,,0.0,0.4958563535911602,0.0,0.42739520003356296,0.0,0.5,0.0,0.5
2020-10-28,direction,10,1.0,1.0,,,,,0.0,0.4958563535911602,0.0,0.3657486610438833,0.0,0.5,0.0,0.5
2020-10-29,direction,10,1.0,1.0,,,,,0.0,0.4958563535911602,0.0,0.4460327201956195,0.0,0.5,0.0,0.5
2020-10-30,direction,10,1.0,1.0,,,,,0.0,0.4958563535911602,1.0,0.6008880285154211,0.0,0.5,0.0,0.5
2020-11-02,direction,10,1.0,1.0,,,,,0.0,0.4958563535911602,0.0,0.40548438496063083,0.0,0.5,0.0,0.5
2020-11-03,direction,10,1.0,1.0,,,,,0.0,0.4958563535911602,0.0,0.36515854192148284,0.0,0.5,0.0,0.5
2020-11-04,direction,10,1.0,1.0,,,,,0.0,0.4958563535911602,0.0,0.21456730914220074,0.0,0.5,0.0,0.5
2020-11-05,direction,10,1.0,1.0,,,,,0.0,0.4958563535911602,0.0,0.25413179638315253,0.0,0.5,0.0,0.5
2020-11-06,direction,10,0.0,0.0,,,,,0.0,0.4958563535911602,0.0,0.25539545219255355,0.0,0.5,0.0,0.5
2020-11-09,direction,10,1.0,1.0,,,,,0.0,0.4958563535911602,0.0,0.28576642662775836,0.0,0.5,0.0,0.5
2020-11-10,direction,10,1.0,1.0,,,,,0.0,0.4958563535911602,1.0,0.5083845764624777,0.0,0.5,0.0,0.5
2020-11-12,direction,10,1.0,1.0,,,,,0.0,0.4958563535911602,1.0,0.6399869588032995,0.0,0.5,0.0,0.5
2020-11-13,direction,10,1.0,1.0,,,,,0.0,0.4958563535911602,1.0,0.8185916404308423,0.0,0.5,0.0,0.5
2020-11-16,direction,10,1.0,1.0,,,,,0.0,0.4958563535911602,1.0,0.6574790983694008,0.0,0.5,0.0,0.5
2020-11-17,direction,10,1.0,1.0,,,,,0.0,0.4958563535911602,1.0,0.606269031832641,0.0,0.5,0.0,0.5
2020-11-18,direction,10,1.0,1.0,,,,,0.0,0.4958563535911602,1.0,0.5743019869679051,0.0,0.5,0.0,0.5
2020-11-19,direction,10,1.0,1.0,,,,,0.0,0.4958563535911602,1.0,0.5186821338682314,0.0,0.5,0.0,0.5
2020-11-20,direction,10,1.0,1.0,,,,,0.0,0.4958563535911602,1.0,0.6618972893492617,0.0,0.5,0.0,0.5
2020-11-23,direction,10,1.0,1.0,,,,,0.0,0.4958563535911602,0.0,0.4837867175764277,0.0,0.5,0.0,0.5
2020-11-24,direction,10,1.0,1.0,,,,,0.0,0.4958563535911602,1.0,0.5317566343560336,0.0,0.5,0.0,0.5
2020-11-25,direction,10,1.0,1.0,,,,,0.0,0.4958563535911602,1.0,0.5305043937367754,0.0,0.5,0.0,0.5
2020-11-30,direction,10,1.0,1.0,,,,,0.0,0.4958563535911602,1.0,0.6795555081922339,0.0,0.5,0.0,0.5
2020-12-01,direction,10,1.0,1.0,,,,,0.0,0.4958563535911602,1.0,0.7209687607369969,0.0,0.5,0.0,0.5
2020-12-02,direction,10,1.0,1.0,,,,,0.0,0.4958563535911602,1.0,0.5727519669969288,0.0,0.5,0.0,0.5
2020-12-03,direction,10,1.0,1.0,,,,,0.0,0.4958563535911602,1.0,0.6050896456859058,0.0,0.5,0.0,0.5
2020-12-04,direction,10,1.0,1.0,,,,,0.0,0.4958563535911602,1.0,0.5158656746342863,0.0,0.5,0.0,0.5
2020-12-07,direction,10,1.0,1.0,,,,,0.0,0.4958563535911602,1.0,0.6563802895150761,0.0,0.5,0.0,0.5
2020-12-08,direction,10,1.0,1.0,,,,,0.0,0.4958563535911602,1.0,0.5944835627994187,0.0,0.5,0.0,0.5
2020-12-09,direction,10,1.0,1.0,,,,,0.0,0.4958563535911602,1.0,0.7279122107417337,0.0,0.5,0.0,0.5
2020-12-10,direction,10,1.0,1.0,,,,,0.0,0.4958563535911602,1.0,0.7685340467575811,0.0,0.5,0.0,0.5
2020-12-11,direction,10,1.0,1.0,,,,,0.0,0.4958563535911602,1.0,0.7749353912151191,0.0,0.5,0.0,0.5
2020-12-14,direction,10,1.0,1.0,,,,,0.0,0.4958563535911602,1.0,0.728966088414163,0.0,0.5,0.0,0.5
2020-12-15,direction,10,1.0,1.0,,,,,0.0,0.4958563535911602,1.0,0.6269020020801643,0.0,0.5,0.0,0.5
2020-12-16,direction,10,1.0,1.0,,,,,0.0,0.4958563535911602,1.0,0.7210407265479106,0.0,0.5,0.0,0.5
2020-12-17,direction,10,1.0,1.0,,,,,0.0,0.4958563535911602,1.0,0.5477395776970768,0.0,0.5,0.0,0.5
2020-12-18,direction,10,1.0,1.0,,,,,0.0,0.4958563535911602,1.0,0.5206088761854779,0.0,0.5,0.0,0.5
2020-12-21,direction,10,1.0,1.0,,,,,0.0,0.4958563535911602,0.0,0.49472168743344125,0.0,0.5,0.0,0.5
2020-12-22,direction,10,1.0,1.0,,,,,0.0,0.4958563535911602,0.0,0.4500815811209289,0.0,0.5,0.0,0.5
2020-03-17,direction,21,0.0,0.0,,,,,0.0,0.46448863636363635,0.0,0.28101474564140233,1.0,0.528150542867086,1.0,0.5725354162818374
2020-03-18,direction,21,1.0,1.0,,,,,0.0,0.46448863636363635,1.0,0.7058590188597728,1.0,0.5271090644957507,1.0,0.5709995865766981
2020-03-19,direction,21,1.0,1.0,,,,,0.0,0.46448863636363635,1.0,0.8148754596191919,1.0,0.5287056164785833,1.0,0.5787006635684683
2020-03-20,direction,21,1.0,1.0,,,,,0.0,0.46448863636363635,0.0,0.054448058075827116,1.0,0.5321824865194177,1.0,0.582670158505286
2020-03-23,direction,21,1.0,1.0,,,,,0.0,0.46448863636363635,0.0,0.4545792933272379,1.0,0.5303073475778635,1.0,0.588415686312029
2020-03-24,direction,21,1.0,1.0,,,,,0.0,0.46448863636363635,0.0,0.004404270715935659,1.0,0.5254734613225283,1.0,0.5847855769914352
2020-03-25,direction,21,0.0,0.0,,,,,0.0,0.46448863636363635,0.0,0.0029550801767288487,1.0,0.5264552730609885,1.0,0.5896074293098035
2020-03-26,direction,21,0.0,0.0,,,,,0.0,0.46448863636363635,0.0,0.0016403593133268977,1.0,0.526484519517534,1.0,0.5908117751624887
2020-03-27,direction,21,0.0,0.0,,,,,0.0,0.46448863636363635,0.0,0.00041145116945844935,1.0,0.5280828321093806,1.0,0.5996231707939379
2020-03-30,direction,21,0.0,0.0,,,,,0.0,0.46448863636363635,0.0,0.0009349073187084542,1.0,0.5260404015256477,1.0,0.5986363038236242
2020-03-31,direction,21,0.0,0.0,,,,,0.0,0.46448863636363635,0.0,0.0023305991384569226,1.0,0.525659367482385,1.0,0.5996366379254007
2020-04-01,direction,21,1.0,1.0,,,,,0.0,0.46448863636363635,0.0,0.0012396055703699734,1.0,0.5287067660109828,1.0,0.5991999895773584
2020-04-02,direction,21,1.0,1.0,,,,,0.0,0.46448863636363635,0.0,0.001357831994169994,1.0,0.5269928529938842,1.0,0.6041689328419914
2020-04-03,direction,21,1.0,1.0,,,,,0.0,0.46448863636363635,0.0,0.004587719460156598,1.0,0.5266118955920401,1.0,0.6045647301938392
2020-04-06,direction,21,0.0,0.0,,,,,0.0,0.46448863636363635,0.0,0.0006327568909209788,1.0,0.5258206379163848,1.0,0.6030578126637929
2020-04-07,direction,21,0.0,0.0,,,,,0.0,0.46448863636363635,0.0,0.0009470928755955531,1.0,0.5258133253009993,1.0,0.6014160083310952
2020-04-08,direction,21,0.0,0.0,,,,,0.0,0.46448863636363635,0.0,0.0014579324001248405,1.0,0.5284871305552913,1.0,0.6091926247735459
2020-04-09,direction,21,0.0,0.0,,,,,0.0,0.46448863636363635,0.0,0.002144991304141474,1.0,0.5300393437689132,1.0,0.6117575591698226
2020-04-13,direction,21,0.0,0.0,,,,,0.0,0.46448863636363635,0.0,0.0023754988374528447,1.0,0.5225954220466953,1.0,0.6068261565166501
2020-04-14,direction,21,0.0,0.0,,,,,0.0,0.46448863636363635,0.0,0.0030155110277798915,1.0,0.5273737789672496,1.0,0.6121931248590664
2020-04-15,direction,21,0.0,0.0,,,,,0.0,0.46448863636363635,0.0,0.00383412463355132,1.0,0.5274338001428085,1.0,0.6155885663732165
2020-04-16,direction,21,0.0,0.0,,,,,0.0,0.46448863636363635,0.0,0.0043733599332807915,1.0,0.5289571602717986,1.0,0.6196714766084541
2020-04-17,direction,21,1.0,1.0,,,,,0.0,0.46448863636363635,0.0,0.009444719312157256,1.0,0.5293379171530818,1.0,0.6208837655301425
2020-04-20,direction,21,1.0,1.0,,,,,0.0,0.46448863636363635,0.0,0.010159292140880604,1.0,0.5293379171530818,1.0,0.6199513687079045
2020-04-21,direction,21,1.0,1.0,,,,,0.0,0.46448863636363635,0.0,0.01247499938916214,1.0,0.5293379171530818,1.0,0.6225288160300848
2020-04-22,direction,21,1.0,1.0,,,,,0.0,0.46448863636363635,0.0,0.02733618782889377,1.0,0.5274191799387242,1.0,0.6254196099121406
2020-04-23,direction,21,1.0,1.0,,,,,0.0,0.46448863636363635,0.0,0.029471073357720565,1.0,0.5295136696107303,1.0,0.6263466769134539
2020-04-24,direction,21,1.0,1.0,,,,,0.0,0.46448863636363635,0.0,0.021185441771707485,1.0,0.5314168515375431,1.0,0.6300424967328825
2020-04-27,direction,21,1.0,1.0,,,,,0.0,0.46448863636363635,0.0,0.03147693824041785,1.0,0.5340651629885695,1.0,0.6285380573305195
2020-04-28,direction,21,1.0,1.0,,,,,0.0,0.46448863636363635,0.0,0.014543833149767253,1.0,0.534094355389523,1.0,0.6300075909539112
2020-04-29,direction,21,1.0,1.0,,,,,0.0,0.46448863636363635,0.0,0.006346070031507829,1.0,0.5378950891169875,1.0,0.6324652314243591
2020-04-30,direction,21,1.0,1.0,,,,,0.0,0.46448863636363635,0.0,0.005843360588730228,1.0,0.5378950891169875,1.0,0.6324652314243591
2020-05-01,direction,21,1.0,1.0,,,,,0.0,0.46448863636363635,0.0,0.0029337063071149974,1.0,0.5361852772948215,1.0,0.6321583995610209
2020-05-04,direction,21,1.0,1.0,,,,,0.0,0.46448863636363635,0.0,0.007893212185658138,1.0,0.5274411102272072,1.0,0.6310508506624225
2020-05-05,direction,21,1.0,1.0,,,,,0.0,0.46448863636363635,0.0,0.026982472919910697,1.0,0.5282028546887771,1.0,0.6307435274025945
2020-05-06,direction,21,1.0,1.0,,,,,0.0,0.46448863636363635,0.0,0.019892302670060563,1.0,0.5282174723353459,1.0,0.6320908196660073
2020-05-07,direction,21,1.0,1.0,,,,,0.0,0.46448863636363635,0.0,0.05206673525586365,1.0,0.5297697834043117,1.0,0.634473193094644
2020-05-08,direction,21,1.0,1.0,,,,,0.0,0.46448863636363635,0.0,0.061467861105449544,1.0,0.5305092007530507,1.0,0.6330614965013547
2020-05-11,direction,21,1.0,1.0,,,,,0.0,0.46448863636363635,0.0,0.019398741216556534,1.0,0.527455730360702,1.0,0.6276514698396249
2020-05-12,direction,21,1.0,1.0,,,,,0.0,0.46448863636363635,0.0,0.02049314807434246,1.0,0.5263128787698115,1.0,0.6257654948078668
2020-05-13,direction,21,1.0,1.0,,,,,0.0,0.46448863636363635,0.0,0.02409610568122235,1.0,0.528643682751849,1.0,0.6266592615511622
2020-05-14,direction,21,1.0,1.0,,,,,0.0,0.46448863636363635,0.0,0.018728324332899022,1.0,0.528643682751849,1.0,0.6276635135853539
2020-05-15,direction,21,1.0,1.0,,,,,0.0,0.46448863636363635,0.0,0.02134736471234574,1.0,0.528643682751849,1.0,0.6279718882972605
2020-05-18,direction,21,1.0,1.0,,,,,0.0,0.46448863636363635,0.0,0.0307006867031934,1.0,0.5253910851211083,1.0,0.6264640208271255
2020-05-19,direction,21,1.0,1.0,,,,,0.0,0.46448863636363635,0.0,0.054094856271121455,1.0,0.5254365051648784,1.0,0.6268324623487675
2020-05-20,direction,21,1.0,1.0,,,,,0.0,0.46448863636363635,0.0,0.048700884898161476,1.0,0.5231569054705684,1.0,0.626274544380953
2020-05-21,direction,21,1.0,1.0,,,,,0.0,0.46448863636363635,0.0,0.039140269807085584,1.0,0.522577704533637,1.0,0.6238011593232619
2020-05-22,direction,21,1.0,1.0,,,,,0.0,0.46448863636363635,0.0,0.03301999167920592,1.0,0.5210523938492514,1.0,0.6234914002503544
2020-05-26,direction,21,1.0,1.0,,,,,0.0,0.46448863636363635,0.0,0.03723628733218256,1.0,0.5200915531660034,1.0,0.619737471480683
2020-05-27,direction,21,1.0,1.0,,,,,0.0,0.46448863636363635,0.0,0.03913886295363848,1.0,0.5227537054117851,1.0,0.6258922184970036
2020-05-28,direction,21,1.0,1.0,,,,,0.0,0.46448863636363635,0.0,0.053983398119972374,1.0,0.5268462445549585,1.0,0.6291578652442651
2020-05-29,direction,21,1.0,1.0,,,,,0.0,0.46448863636363635,0.0,0.06960885448499164,1.0,0.5268535555748479,1.0,0.6295252210049581
2020-06-01,direction,21,1.0,1.0,,,,,0.0,0.46448863636363635,0.0,0.06918092741484035,1.0,0.5236290004097635,1.0,0.6294902951216389
2020-06-02,direction,21,1.0,1.0,,,,,0.0,0.46448863636363635,0.0,0.11481847878246537,1.0,0.5213193523639831,1.0,0.627987012467595
2020-06-03,direction,21,0.0,0.0,,,,,0.0,0.46448863636363635,0.0,0.0991903644711329,1.0,0.5235924213412759,1.0,0.6272509069527292
2020-06-04,direction,21,0.0,0.0,,,,,0.0,0.46448863636363635,0.0,0.08711249496356471,1.0,0.5300685664592998,1.0,0.6268622211175823
2020-06-05,direction,21,1.0,1.0,,,,,0.0,0.46448863636363635,0.0,0.08248075556097492,1.0,0.5296659564894675,1.0,0.6247501716020365
2020-06-08,direction,21,1.0,1.0,,,,,0.0,0.46448863636363635,0.0,0.1249148455107381,1.0,0.5296659564894675,1.0,0.6252759994652088
2020-06-09,direction,21,0.0,0.0,,,,,0.0,0.46448863636363635,0.0,0.1081837562703471,1.0,0.5313934032129777,1.0,0.6272487714547405
2020-06-10,direction,21,0.0,0.0,,,,,0.0,0.46448863636363635,0.0,0.18588757478168397,1.0,0.5348387028504117,1.0,0.6265325564196907
2020-06-11,direction,21,0.0,0.0,,,,,0.0,0.46448863636363635,0.0,0.22169184405453726,1.0,0.5334931581514177,1.0,0.6259807003709973
2020-06-12,direction,21,1.0,1.0,,,,,0.0,0.46448863636363635,0.0,0.33327656282270784,1.0,0.5360025390899782,1.0,0.627092396975522
2020-06-15,direction,21,1.0,1.0,,,,,0.0,0.46448863636363635,1.0,0.6669717965474562,1.0,0.5329606429365571,1.0,0.6232266455316616
2020-06-16,direction,21,1.0,1.0,,,,,0.0,0.46448863636363635,1.0,0.5199337157256358,1.0,0.5333264195311354,1.0,0.6224867830787418
2020-06-17,direction,21,1.0,1.0,,,,,0.0,0.46448863636363635,0.0,0.4387131423962362,1.0,0.5356604552530279,1.0,0.6232266455316616
2020-06-18,direction,21,1.0,1.0,,,,,0.0,0.46448863636363635,1.0,0.6333037530857295,1.0,0.53964926166809,1.0,0.6215969841383163
2020-06-19,direction,21,1.0,1.0,,,,,0.0,0.46448863636363635,0.0,0.21950080063674415,1.0,0.5388898646645186,1.0,0.6182698070997745
2020-06-22,direction,21,1.0,1.0,,,,,0.0,0.46448863636363635,0.0,0.203780223037099,1.0,0.5371045771807308,1.0,0.615048523037067
2020-06-23,direction,21,1.0,1.0,,,,,0.0,0.46448863636363635,0.0,0.1361549158514769,1.0,0.5386313212817172,1.0,0.6154213121066872
2020-06-24,direction,21,1.0,1.0,,,,,0.0,0.46448863636363635,0.0,0.07714983614019222,1.0,0.5391556743318567,1.0,0.6153609430718205
2020-06-25,direction,21,1.0,1.0,,,,,0.0,0.46448863636363635,0.0,0.11720222098588332,1.0,0.5399295781589392,1.0,0.6156378335484619
2020-06-26,direction,21,1.0,1.0,,,,,0.0,0.46448863636363635,0.0,0.20998604610375043,1.0,0.5399295781589392,1.0,0.6190297502973545
2020-06-29,direction,21,1.0,1.0,,,,,0.0,0.46448863636363635,0.0,0.13372302562147803,1.0,0.5412652389405473,1.0,0.6183574688949494
2020-06-30,direction,21,1.0,1.0,,,,,0.0,0.46448863636363635,0.0,0.13732981470717495,1.0,0.5416446678983069,1.0,0.6183574688949494
2020-07-01,direction,21,1.0,1.0,,,,,0.0,0.46448863636363635,0.0,0.14595534641990826,1.0,0.5416373865900453,1.0,0.6179857592657512
2020-07-02,direction,21,1.0,1.0,,,,,0.0,0.46448863636363635,0.0,0.10773217919913634,1.0,0.5416446678983069,1.0,0.6196024810795467
2020-07-06,direction,21,1.0,1.0,,,,,0.0,0.46448863636363635,0.0,0.1931155031254218,1.0,0.5393673849619204,1.0,0.617360337592552
2020-07-07,direction,21,1.0,1.0,,,,,0.0,0.46448863636363635,0.0,0.10840592526551393,1.0,0.5386079205285536,1.0,0.6171732651556348
2020-07-08,direction,21,1.0,1.0,,,,,0.0,0.46448863636363635,0.0,0.14635037161965148,1.0,0.547140741974678,1.0,0.6237024240562615
2020-07-09,direction,21,1.0,1.0,,,,,0.0,0.46448863636363635,0.0,0.1581679340832475,1.0,0.547140741974678,1.0,0.6237024240562615
2020-07-10,direction,21,1.0,1.0,,,,,0.0,0.46448863636363635,0.0,0.14965487872548283,1.0,0.547140741974678,1.0,0.6237024240562615
2020-07-13,direction,21,1.0,1.0,,,,,0.0,0.46448863636363635,0.0,0.19484333250281463,1.0,0.5463833151198721,1.0,0.6229897532595393
2020-07-14,direction,21,1.0,1.0,,,,,0.0,0.46448863636363635,0.0,0.26343281567318594,1.0,0.5463978532111202,1.0,0.6237292258178615
2020-07-15,direction,21,1.0,1.0,,,,,0.0,0.46448863636363635,0.0,0.19285888675433513,1.0,0.5478979505965188,1.0,0.6242288370275126
2020-07-16,direction,21,1.0,1.0,,,,,0.0,0.46448863636363635,0.0,0.20860982805315137,1.0,0.5478979505965188,1.0,0.6242288370275126
2020-07-17,direction,21,1.0,1.0,,,,,0.0,0.46448863636363635,0.0,0.18599146590095134,1.0,0.5513171064959078,1.0,0.62496734227687
2020-07-20,direction,21,1.0,1.0,,,,,0.0,0.46448863636363635,0.0,0.19558506656234492,1.0,0.551302596596216,1.0,0.6242288370275126
2020-07-21,direction,21,1.0,1.0,,,,,0.0,0.46448863636363635,0.0,0.13936904068130346,1.0,0.5511280837141878,1.0,0.62496734227687
2020-07-22,direction,21,1.0,1.0,,,,,0.0,0.46448863636363635,0.0,0.16449362351968025,1.0,0.5516951075359672,1.0,0.6260493555060771
2020-07-23,direction,21,1.0,1.0,,,,,0.0,0.46448863636363635,0.0,0.10214798413674758,1.0,0.5501682326745931,1.0,0.6250024405280222
2020-07-24,direction,21,1.0,1.0,,,,,0.0,0.46448863636363635,0.0,0.12720363696015513,1.0,0.5501827493269711,1.0,0.6257403369541823
2020-07-27,direction,21,1.0,1.0,,,,,0.0,0.46448863636363635,0.0,0.12126115575426387,1.0,0.5469586730861282,1.0,0.6245640632160254
2020-07-28,direction,21,1.0,1.0,,,,,0.0,0.46448863636363635,0.0,0.09440220174929762,1.0,0.5486694629701412,1.0,0.6252425426228796
2020-07-29,direction,21,1.0,1.0,,,,,0.0,0.46448863636363635,0.0,0.13231499962712606,1.0,0.555486246712094,1.0,0.6256654355118209
2020-07-30,direction,21,1.0,1.0,,,,,0.0,0.46448863636363635,0.0,0.14526668329566556,1.0,0.5539835848880598,1.0,0.6261577751845597
2020-07-31,direction,21,1.0,1.0,,,,,0.0,0.46448863636363635,0.0,0.13409976273100319,1.0,0.5532282575268715,1.0,0.6252305199333688
2020-08-03,direction,21,1.0,1.0,,,,,0.0,0.46448863636363635,0.0,0.1960475705249544,1.0,0.5481235397156019,1.0,0.62380694383905
2020-08-04,direction,21,1.0,1.0,,,,,0.0,0.46448863636363635,0.0,0.2744994751499993,1.0,0.5481235397156019,1.0,0.6256633538924166
2020-08-05,direction,21,0.0,0.0,,,,,0.0,0.46448863636363635,0.0,0.1772730451639234,1.0,0.5503936185682301,1.0,0.6307185720777388
2020-08-06,direction,21,0.0,0.0,,,,,0.0,0.46448863636363635,0.0,0.13790975788475188,1.0,0.5522837530591577,1.0,0.6325942413397682
2020-08-07,direction,21,1.0,1.0,,,,,0.0,0.46448863636363635,0.0,0.1462235137968441,1.0,0.5515133688013758,1.0,0.6334567998986289
2020-08-10,direction,21,1.0,1.0,,,,,0.0,0.46448863636363635,0.0,0.19298197182978166,1.0,0.5515061144543101,1.0,0.6330910704494317
2020-08-11,direction,21,1.0,1.0,,,,,0.0,0.46448863636363635,0.0,0.18682175187561753,1.0,0.549979120964822,1.0,0.6311310352601669
2020-08-12,direction,21,1.0,1.0,,,,,0.0,0.46448863636363635,0.0,0.21901409678110878,1.0,0.5533808698739033,1.0,0.6340450091967675
2020-08-13,direction,21,1.0,1.0,,,,,0.0,0.46448863636363635,0.0,0.24233787974223545,1.0,0.5533808698739033,1.0,0.6328192541947337
2020-08-14,direction,21,1.0,1.0,,,,,0.0,0.46448863636363635,0.0,0.23873178996910718,1.0,0.5556604312868288,1.0,0.6326004384562858
2020-08-17,direction,21,0.0,0.0,,,,,0.0,0.46448863636363635,0.0,0.22498619869413036,1.0,0.5556604312868288,1.0,0.6343787105175009
2020-08-18,direction,21,0.0,0.0,,,,,0.0,0.46448863636363635,0.0,0.35060052984262724,1.0,0.5549056620946949,1.0,0.6346847606025986
2020-08-19,direction,21,0.0,0.0,,,,,0.0,0.46448863636363635,0.0,0.21320088937489176,1.0,0.5558490835981825,1.0,0.6377087539286419
2020-08-20,direction,21,0.0,0.0,,,,,0.0,0.46448863636363635,0.0,0.25847655902642735,1.0,0.5562335792975108,1.0,0.6404628634759059
2020-08-21,direction,21,0.0,0.0,,,,,0.0,0.46448863636363635,0.0,0.27675839381376643,1.0,0.5562118609303769,1.0,0.639374251726506
2020-08-24,direction,21,0.0,0.0,,,,,0.0,0.46448863636363635,0.0,0.3760565876714213,1.0,0.5539618447056591,1.0,0.6399177135165911
2020-08-25,direction,21,0.0,0.0,,,,,0.0,0.46448863636363635,0.0,0.41606211689447264,1.0,0.5556531899742112,1.0,0.6394026318754814
2020-08-26,direction,21,0.0,0.0,,,,,0.0,0.46448863636363635,0.0,0.31532505385761633,1.0,0.5556459486379546,1.0,0.6382171068727538
2020-08-27,direction,21,0.0,0.0,,,,,0.0,0.46448863636363635,0.0,0.29694739153348615,1.0,0.5541361471630664,1.0,0.6361424274517263
2020-08-28,direction,21,0.0,0.0,,,,,0.0,0.46448863636363635,0.0,0.40988088725767796,1.0,0.5541506395355923,1.0,0.6388403135143012
2020-08-31,direction,21,0.0,0.0,,,,,0.0,0.46448863636363635,0.0,0.3413130145625771,1.0,0.5513171064959078,1.0,0.6392221445970075
2020-09-01,direction,21,0.0,0.0,,,,,0.0,0.46448863636363635,0.0,0.43249894926118815,1.0,0.5513243614129978,1.0,0.6395852418428224
2020-09-02,direction,21,0.0,0.0,,,,,0.0,0.46448863636363635,1.0,0.520283853773254,1.0,0.5505609269636509,1.0,0.6389177331846561
2020-09-03,direction,21,0.0,0.0,,,,,0.0,0.46448863636363635,1.0,0.5199636001118396,1.0,0.5505681841403217,1.0,0.6410457518263497
2020-09-04,direction,21,0.0,0.0,,,,,0.0,0.46448863636363635,1.0,0.633656798777463,1.0,0.5518840856874688,1.0,0.6391628145049354
2020-09-08,direction,21,0.0,0.0,,,,,0.0,0.46448863636363635,1.0,0.7343362492824399,1.0,0.5441243097891515,1.0,0.6328078887252405
2020-09-09,direction,21,0.0,0.0,,,,,0.0,0.46448863636363635,1.0,0.581973975211931,1.0,0.5458296450003143,1.0,0.6348600760685985
2020-09-10,direction,21,0.0,0.0,,,,,0.0,0.46448863636363635,0.0,0.4925204860131403,1.0,0.5456402156580134,1.0,0.6334822764808076
2020-09-11,direction,21,0.0,0.0,,,,,0.0,0.46448863636363635,1.0,0.5530634103893292,1.0,0.5422355602695524,1.0,0.6307795427691025
2020-09-14,direction,21,0.0,0.0,,,,,0.0,0.46448863636363635,0.0,0.33069277161535365,1.0,0.5411659658602532,1.0,0.6290138413695039
2020-09-15,direction,21,0.0,0.0,,,,,0.0,0.46448863636363635,0.0,0.27061471439332,1.0,0.5411659658602532,1.0,0.6317287179837502
2020-09-16,direction,21,0.0,0.0,,,,,0.0,0.46448863636363635,0.0,0.20287800788631588,1.0,0.5429489186967611,1.0,0.6342812191116043
2020-09-17,direction,21,0.0,0.0,,,,,0.0,0.46448863636363635,0.0,0.24933606069752862,1.0,0.5427665728773046,1.0,0.6349524017943635
2020-09-18,direction,21,0.0,0.0,,,,,0.0,0.46448863636363635,0.0,0.22620879226081064,1.0,0.5345944439419111,1.0,0.6301182054617239
2020-09-21,direction,21,1.0,1.0,,,,,0.0,0.46448863636363635,0.0,0.2649087774281626,1.0,0.5353548155653148,1.0,0.6305794739142557
2020-09-22,direction,21,1.0,1.0,,,,,0.0,0.46448863636363635,0.0,0.40571785308501573,1.0,0.534221495429746,1.0,0.6284269457250192
2020-09-23,direction,21,1.0,1.0,,,,,0.0,0.46448863636363635,0.0,0.4150585609390707,1.0,0.5342141976061051,1.0,0.6268130986388168
2020-09-24,direction,21,1.0,1.0,,,,,0.0,0.46448863636363635,0.0,0.43113827183348874,1.0,0.5357349399780381,1.0,0.6271217592555471
2020-09-25,direction,21,1.0,1.0,,,,,0.0,0.46448863636363635,0.0,0.4389176281172294,1.0,0.5365096499903126,1.0,0.6278579684980329
2020-09-28,direction,21,1.0,1.0,,,,,0.0,0.46448863636363635,0.0,0.437326897317255,1.0,0.5344043257721,1.0,0.6233490906554326
2020-09-29,direction,21,0.0,0.0,,,,,0.0,0.46448863636363635,0.0,0.4045919801103874,1.0,0.5374668528237959,1.0,0.626992071529782
2020-09-30,direction,21,0.0,0.0,,,,,0.0,0.46448863636363635,0.0,0.34843233221948805,1.0,0.5347918487301572,1.0,0.6262551689820791
2020-10-01,direction,21,0.0,0.0,,,,,0.0,0.46448863636363635,0.0,0.3451435895624702,1.0,0.5318557996994541,1.0,0.6221709116524672
2020-10-02,direction,21,1.0,1.0,,,,,0.0,0.46448863636363635,0.0,0.3721533281239561,1.0,0.5318631020935669,1.0,0.6225410363135401
2020-10-05,direction,21,0.0,0.0,,,,,0.0,0.46448863636363635,0.0,0.35361274268072845,1.0,0.5318557996994541,1.0,0.6215502364272413
2020-10-06,direction,21,1.0,1.0,,,,,0.0,0.46448863636363635,0.0,0.33849916450726375,1.0,0.5333775163081501,1.0,0.6193125197453546
2020-10-07,direction,21,1.0,1.0,,,,,0.0,0.46448863636363635,0.0,0.33444116397549967,1.0,0.5327923426047128,1.0,0.6180713396765205
2020-10-08,direction,21,1.0,1.0,,,,,0.0,0.46448863636363635,0.0,0.3657965095933354,1.0,0.5324338157187807,1.0,0.6162014646323373
2020-10-09,direction,21,0.0,0.0,,,,,0.0,0.46448863636363635,0.0,0.3909358992318513,1.0,0.532411911723075,1.0,0.6150835425383484
2020-10-13,direction,21,1.0,1.0,,,,,0.0,0.46448863636363635,0.0,0.29212621483113416,1.0,0.5265106850638059,1.0,0.6120796167797362
2020-10-14,direction,21,1.0,1.0,,,,,0.0,0.46448863636363635,0.0,0.26407911403039186,1.0,0.5264872099881718,1.0,0.6115739037113169
2020-10-15,direction,21,1.0,1.0,,,,,0.0,0.46448863636363635,0.0,0.18210154880098436,1.0,0.5257251827163029,1.0,0.6093771079824684
2020-10-16,direction,21,1.0,1.0,,,,,0.0,0.46448863636363635,0.0,0.2085151009510282,1.0,0.5249630356024634,1.0,0.6093771079824684
2020-10-19,direction,21,1.0,1.0,,,,,0.0,0.46448863636363635,0.0,0.20063165785972312,1.0,0.5239955580319766,1.0,0.6019191456361696
2020-10-20,direction,21,1.0,1.0,,,,,0.0,0.46448863636363635,0.0,0.18202662268878123,1.0,0.5224852725318179,1.0,0.6026735883419777
2020-10-21,direction,21,0.0,0.0,,,,,0.0,0.46448863636363635,0.0,0.2736292596378958,1.0,0.5245819182086194,1.0,0.6029927884634779
2020-10-22,direction,21,1.0,1.0,,,,,0.0,0.46448863636363635,0.0,0.3316895547972131,1.0,0.5245672893055857,1.0,0.6018591213444118
2020-10-23,direction,21,1.0,1.0,,,,,0.0,0.46448863636363635,0.0,0.33463153035274695,1.0,0.5264579635483367,1.0,0.6026280181763981
2020-10-26,direction,21,1.0,1.0,,,,,0.0,0.46448863636363635,0.0,0.4009058477356978,1.0,0.5245672893055857,1.0,0.5971754705963775
2020-10-27,direction,21,1.0,1.0,,,,,0.0,0.46448863636363635,0.0,0.3874131912247705,1.0,0.5221656026197147,1.0,0.5965403612186302
2020-10-28,direction,21,1.0,1.0,,,,,0.0,0.46448863636363635,0.0,0.44390696977904787,1.0,0.5265487830279478,1.0,0.5976833236750172
2020-10-29,direction,21,1.0,1.0,,,,,0.0,0.46448863636363635,1.0,0.5552238880978794,1.0,0.5257867655945383,1.0,0.5965403612186302
2020-10-30,direction,21,1.0,1.0,,,,,0.0,0.46448863636363635,1.0,0.5721787310050269,1.0,0.5212268999405176,1.0,0.5928461138688647
2020-11-02,direction,21,1.0,1.0,,,,,0.0,0.46448863636363635,1.0,0.6540271847603266,1.0,0.5058279117169328,1.0,0.5785562329021388
2020-11-03,direction,21,1.0,1.0,,,,,0.0,0.46448863636363635,1.0,0.5388453864982609,1.0,0.5034520461320237,1.0,0.574659919213718
2020-11-04,direction,21,1.0,1.0,,,,,0.0,0.46448863636363635,1.0,0.5108512963171927,1.0,0.5034740415670883,1.0,0.5758142786894274
2020-11-05,direction,21,1.0,1.0,,,,,0.0,0.46448863636363635,0.0,0.1979624455903954,1.0,0.5050021515587556,1.0,0.577103160766542
2020-11-06,direction,21,1.0,1.0,,,,,0.0,0.46448863636363635,0.0,0.08076651835284082,1.0,0.504987488695316,1.0,0.576656509982716
2020-11-09,direction,21,1.0,1.0,,,,,0.0,0.46448863636363635,0.0,0.05560941860498926,1.0,0.5049801572603773,1.0,0.5775605281040078
2020-11-10,direction,21,1.0,1.0,,,,,0.0,0.46448863636363635,0.0,0.043840175215606875,1.0,0.504965494384078,1.0,0.5787557964004257
2020-11-12,direction,21,1.0,1.0,,,,,0.0,0.46448863636363635,0.0,0.04915804825294523,1.0,0.5057441797191465,1.0,0.5790164645983519
2020-11-13,direction,21,1.0,1.0,,,,,0.0,0.46448863636363635,0.0,0.05922699408184629,1.0,0.5080360718661535,1.0,0.5790164645983519
2020-11-16,direction,21,1.0,1.0,,,,,0.0,0.46448863636363635,0.0,0.06872271938769954,1.0,0.508403363478001,1.0,0.577926648433398
2020-11-17,direction,21,1.0,1.0,,,,,0.0,0.46448863636363635,0.0,0.14194925496713254,1.0,0.5084106935685249,1.0,0.578310739174515
2020-11-18,direction,21,1.0,1.0,,,,,0.0,0.46448863636363635,0.0,0.1596819496638843,1.0,0.5084253537387206,1.0,0.5790786360450813
2020-11-19,direction,21,1.0,1.0,,,,,0.0,0.46448863636363635,0.0,0.27012659775649256,1.0,0.5107021836237329,1.0,0.578503832650752
2020-11-20,direction,21,1.0,1.0,,,,,0.0,0.46448863636363635,0.0,0.2995957343787991,1.0,0.5122442553134992,1.0,0.5807183400632275
2020-11-23,direction,21,1.0,1.0,,,,,0.0,0.46448863636363635,0.0,0.391906415464155,1.0,0.5133896674011358,1.0,0.5813608770584449
2020-11-24,direction,21,1.0,1.0,,,,,0.0,0.46448863636363635,0.0,0.4755066616262448,1.0,0.5149166627029077,1.0,0.583222666696951
2020-11-25,direction,21,1.0,1.0,,,,,0.0,0.46448863636363635,0.0,0.4388788993184439,1.0,0.514527612900132,1.0,0.5825189084232791
2020-11-30,direction,21,1.0,1.0,,,,,0.0,0.46448863636363635,0.0,0.42824500970393437,1.0,0.5170158207835731,1.0,0.583222666696951
2020-12-01,direction,21,1.0,1.0,,,,,0.0,0.46448863636363635,0.0,0.33239529853589284,1.0,0.5170084971082648,1.0,0.5828398226611576
2020-12-02,direction,21,1.0,1.0,,,,,0.0,0.46448863636363635,0.0,0.34187048112090906,1.0,0.5185421083376045,1.0,0.5835434267162132
2020-12-03,direction,21,1.0,1.0,,,,,0.0,0.46448863636363635,0.0,0.32281898185402674,1.0,0.5185421083376045,1.0,0.5840869307797757
2020-12-04,direction,21,1.0,1.0,,,,,0.0,0.46448863636363635,0.0,0.3032822406701063,1.0,0.5187328705391359,1.0,0.5853687766459116
2020-12-07,direction,21,1.0,1.0,,,,,0.0,0.46448863636363635,0.0,0.30795268169475876,1.0,0.526563405988116,1.0,0.5927759073305392
