observation_date,DEXUSEU_logreturn,DGS2_diff,USEPUINDXD_diff,VIXCLS
2017-01-04,0.005743841179252036,0.020000000000000018,12.14,11.85
2017-01-05,0.011578377425104862,-0.07000000000000006,32.480000000000004,11.67
2017-01-06,-0.0035920257924549476,0.050000000000000044,-37.5,11.32
2017-01-09,0.001514004831215103,-0.010000000000000009,24.790000000000006,11.56
2017-01-10,-0.00037828636728787224,-0.020000000000000018,0.14000000000000057,11.49
2017-01-11,-0.0067385060181863465,0.010000000000000009,2.6599999999999966,11.26
2017-01-12,0.015590621454554122,-0.020000000000000018,-11.240000000000009,11.54
2017-01-13,-0.003851397367929943,0.030000000000000027,22.24000000000001,11.23
2017-01-17,0.00656662772388833,-0.040000000000000036,25.400000000000006,11.87
2017-01-18,-0.0012162606167902545,0.06000000000000005,-25.370000000000005,12.48
2017-01-19,-0.004879889563722088,0.020000000000000018,-40.03,12.78
2017-01-23,0.010294896726862172,-0.09000000000000008,59.21000000000001,11.77
2017-01-24,0.0008376379102077308,0.050000000000000044,-18.620000000000005,11.07
2017-01-25,-0.0005583473065210454,0.020000000000000018,38.98999999999998,10.81
2017-01-26,-0.006818314370743414,-0.020000000000000018,-85.88999999999999,10.63
2017-01-27,0.0018726597232918557,0.010000000000000009,45.80000000000001,10.58
2017-01-30,-0.0008422629293953626,0.0,-19.99000000000001,11.88
2017-01-31,0.01052396208889253,-0.030000000000000027,24.22999999999999,11.99
2017-02-01,-0.003340760345400068,0.030000000000000027,18.99000000000001,11.81
2017-02-02,0.0040816383196485145,-0.010000000000000009,-44.75,11.93
2017-02-03,-0.000926183265244726,0.0,17.75,10.97
2017-02-06,-0.005668369960464367,-0.050000000000000044,19.55000000000001,11.37
2017-02-07,-0.003828023908036521,0.0,-29.01000000000002,11.29
2017-02-08,0.0016824006211522413,-0.010000000000000009,-2.8299999999999983,11.45
2017-02-09,-0.004680341783515465,0.050000000000000044,-44.64999999999999,10.88
2017-02-10,-0.0007508917191565156,0.0,156.9,10.85
2017-02-13,-0.004422912211772892,0.0,-153.39000000000001,11.07
2017-02-14,-0.0024551475977452747,0.050000000000000044,42.35000000000001,10.74
2017-02-15,0.0018891098467831297,0.020000000000000018,9.959999999999994,11.97
2017-02-16,0.005927476544999505,-0.050000000000000044,-41.09,11.76
2017-02-17,-0.004324534331995408,-0.010000000000000009,54.22,11.49
2017-02-21,-0.005953242245748107,0.010000000000000009,-55.749999999999986,11.57
2017-02-22,0.00037903914032901,0.0,139.17000000000002,11.74
2017-02-23,0.002932692135511762,-0.040000000000000036,-141.97000000000003,11.71
2017-02-24,-0.0005669470056424222,-0.05999999999999983,14.260000000000005,11.47
2017-02-27,0.004150166303924674,0.07999999999999985,18.370000000000005,12.09
2017-02-28,-0.0005649185725982303,0.020000000000000018,-3.1200000000000045,12.92
2017-03-01,-0.00509867972659403,0.07000000000000006,-2.3499999999999943,12.54
2017-03-02,-0.004744292037629584,0.030000000000000027,13.36999999999999,11.81
2017-03-03,0.00360771301775719,0.0,-36.36,10.96
2017-03-06,0.0032169580207824025,-0.010000000000000009,15.38000000000001,11.24
2017-03-07,-0.0003779289538557856,0.010000000000000009,-33.120000000000005,11.45
2017-03-08,-0.003312985187462862,0.040000000000000036,53.34,11.86
2017-03-09,0.0036909141413186478,0.010000000000000009,-29.14,12.3
2017-03-10,0.007622490207549959,-0.010000000000000009,-13.719999999999999,11.66
2017-03-13,0.00028120167031620014,0.039999999999999813,-25.150000000000006,11.35
2017-03-14,-0.0023457669682191568,0.0,65.8,12.3
2017-03-15,-0.001410105991586287,-0.06999999999999984,37.17999999999999,11.63
2017-03-16,0.010108659646521322,0.020000000000000018,-68.03999999999999,11.21
2017-03-17,0.00037243948288981366,-0.020000000000000018,60.56999999999999,11.28
2017-03-20,0.0011164869042186165,-0.030000000000000027,9.680000000000007,11.34
2017-03-21,0.005193853263630616,-0.030000000000000027,22.78,12.47
2017-03-22,-0.0009254975209428001,0.0,-118.67,12.81
2017-03-23,-0.0012044287368820766,-0.010000000000000009,-17.129999999999995,13.12
2017-03-24,0.0017598300285820295,0.0,57.7,12.96
2017-03-27,0.0070085126418596155,0.010000000000000009,-23.25,12.5
2017-03-28,-0.002760653267048385,0.030000000000000027,6.609999999999999,11.53
2017-03-29,-0.008885656390067123,-0.040000000000000036,-23.090000000000003,11.42
2017-03-30,-0.002793037845884694,0.020000000000000018,24.909999999999997,11.54
2017-03-31,-0.0026138924516750095,-0.010000000000000009,129.82,12.37
2017-04-03,-0.004027542558478078,-0.030000000000000027,-105.61,12.38
2017-04-04,0.0008443173258271958,0.010000000000000009,-11.810000000000002,11.79
2017-04-05,-0.0002813599080694479,-0.010000000000000009,-28.67,12.89
2017-04-06,-0.0009384385073094997,0.0,7.099999999999994,12.39
2017-04-07,-0.0032914874311221268,0.050000000000000044,-14.449999999999989,12.87
2017-04-10,-0.0009424183149682394,0.0,50.129999999999995,14.05
2017-04-11,0.0007540056907648918,-0.050000000000000044,-76.2,15.07
2017-04-12,-0.00028268551424993904,0.0,37.629999999999995,15.77
2017-04-13,0.0017889934624033196,-0.030000000000000027,-19.759999999999998,15.96
2017-04-17,0.0028182263838420277,0.0,60.26,14.66
2017-04-18,0.004305913233490999,-0.030000000000000027,-48.599999999999994,14.42
2017-04-19,9.340120494343018e-05,0.010000000000000009,21.92,14.93
2017-04-20,0.004751930674917942,0.020000000000000018,-37.45,14.15
2017-04-21,-0.005966827324511176,-0.010000000000000009,68.65,14.63
2017-04-24,0.014113511892329178,0.050000000000000044,19.529999999999987,10.84
2017-04-25,0.008720852075784019,0.040000000000000036,-85.22,10.76
2017-04-26,-0.006326523645810392,-0.010000000000000009,11.580000000000005,10.85
2017-04-27,-0.0007361060325021956,-0.030000000000000027,-7.340000000000003,10.36
2017-04-28,0.002849397580242774,0.030000000000000027,-0.2700000000000031,10.82
2017-05-01,0.0015591327045231251,0.0,34.699999999999996,10.11
2017-05-02,-0.0001833012561268249,-0.010000000000000009,-7.909999999999997,10.59
2017-05-03,0.0009161704717796371,0.030000000000000027,-2.789999999999992,10.68
2017-05-04,0.004294793461312771,0.020000000000000018,97.67999999999999,10.46
2017-05-05,0.002640806524927375,0.0,-112.26,10.57
2017-05-08,-0.006203267474564955,0.010000000000000009,40.94000000000001,9.77
2017-05-09,-0.004861725853686535,0.040000000000000036,-28.200000000000003,9.96
2017-05-10,-0.00018392495913535645,-0.020000000000000018,-17.63000000000001,10.21
2017-05-11,-0.00036795143456250234,0.0,-17.539999999999992,10.6
2017-05-12,0.00523056939247607,-0.06000000000000005,79.62,10.4
2017-05-15,0.004839087279069523,0.020000000000000018,40.03999999999999,10.42
2017-05-16,0.00843504162271827,-0.020000000000000018,-51.44,10.65
2017-05-17,0.0055840908860022576,-0.030000000000000027,-55.21,15.59
2017-05-18,-0.00035932447386251287,0.010000000000000009,26.690000000000005,14.66
2017-05-19,0.005376357036380397,0.010000000000000009,-2.25,12.04
2017-05-22,0.004102386918163323,0.010000000000000009,-3.6099999999999994,10.93
2017-05-23,-0.003387718315295718,0.020000000000000018,-18.64,10.72
2017-05-24,-0.002056050427068981,-0.020000000000000018,11.11999999999999,10.02
2017-05-25,0.003840490586512618,0.010000000000000009,-24.449999999999996,9.99
2017-05-26,-0.004288018005035768,0.0,11.259999999999998,9.81
2017-05-30,0.0011631549649420148,-0.020000000000000018,-17.549999999999997,10.38
2017-05-31,0.004728141195945834,0.0,122.8,10.41
2017-06-01,-0.001959911540516432,0.0,-68.11999999999999,9.89
2017-06-02,0.004981330350204191,0.0,-38.68000000000001,9.75
2017-06-05,-0.0017761994012557986,0.040000000000000036,213.21999999999997,10.07
2017-06-06,0.0014212118220931214,-0.020000000000000018,-189.27999999999997,10.45
2017-06-07,-0.002666431230525082,0.020000000000000018,-39.23,10.39
2017-06-08,-0.0016924245789108894,0.010000000000000009,-12.910000000000004,10.16
2017-06-09,-0.0024099623392524333,0.020000000000000018,32.64,10.7
2017-06-12,0.0012503350740282887,0.0,32.83,11.46
2017-06-13,-0.0008929369286943545,0.029999999999999805,45.94,10.42
2017-06-14,0.007387332780982775,-0.029999999999999805,-95.85,10.64
2017-06-15,-0.011146399231982518,0.0,18.33,10.9
2017-06-16,0.003759066450999743,-0.030000000000000027,13.019999999999996,10.38
2017-06-19,-0.0030419635160028186,0.040000000000000036,-4.769999999999996,10.37
2017-06-20,-0.003231020581446517,0.0,17.939999999999998,10.86
2017-06-21,0.00170656169319848,0.0,-2.280000000000001,10.75
2017-06-22,0.0004486115547848585,-0.020000000000000018,2.8300000000000125,10.48
2017-06-23,0.004296462033505227,0.0,41.249999999999986,10.02
2017-06-26,0.0,0.020000000000000018,-90.11999999999999,9.9
2017-06-27,0.009246154065087775,0.019999999999999796,48.17999999999999,11.06
2017-06-28,0.005647738273646771,-0.039999999999999813,2.210000000000008,10.03
2017-06-29,0.0049157402359225055,0.039999999999999813,-29.86,11.44
2017-06-30,-0.0007884017753214401,0.0,46.44,11.18
2017-07-03,-0.003863381747969158,0.030000000000000027,-10.230000000000004,11.22
2017-07-05,-0.0027309183161942086,0.0,-44.62,11.07
2017-07-06,0.006419015225853059,-0.010000000000000009,19.410000000000004,12.54
2017-07-07,-0.0011401009785705074,0.0,83.96,11.19
2017-07-10,0.0,0.0,-67.47,11.11
2017-07-11,0.002979061171057479,-0.029999999999999805,-7.709999999999994,10.89
2017-07-12,-0.0016636753541766636,-0.020000000000000018,-15.189999999999998,10.3
2017-07-13,-0.0022811029368396407,0.020000000000000018,3.5,9.9
2017-07-14,0.005867687720165632,-0.020000000000000018,17.069999999999993,9.51
2017-07-17,0.0015705439054107262,0.010000000000000009,1.9899999999999949,9.82
2017-07-18,0.009371814515533483,0.0,-3.780000000000001,9.89
2017-07-19,-0.005195716572332254,0.010000000000000009,-37.39999999999999,9.79
2017-07-20,0.010020816404089167,0.0,48.980000000000004,9.58
2017-07-21,0.0018034269991507035,-0.010000000000000009,-27.040000000000006,9.36
2017-07-24,-0.0011160236381767552,0.010000000000000009,232.62,9.43
2017-07-25,0.0012018200433600024,0.029999999999999805,-143.3,9.43
2017-07-26,-0.002061148101740129,-0.039999999999999813,-82.41000000000001,9.6
2017-07-27,0.002061148101740129,0.0,-39.79,10.11
2017-07-28,0.008372539297554993,-0.020000000000000018,4.840000000000003,10.29
2017-07-31,0.006106889208179533,0.0,35.63999999999999,10.26
2017-08-01,-0.002285715280856082,0.0,-10.189999999999998,10.09
2017-08-02,0.005240924929356516,0.020000000000000018,-13.389999999999993,10.28
2017-08-03,0.001600606887360162,-0.020000000000000018,3.6199999999999974,10.44
2017-08-04,-0.01066270574404013,0.020000000000000018,2.8999999999999986,10.03
2017-08-07,0.00288845668498966,0.0,32.75000000000001,9.93
2017-08-08,-0.005444042026802265,0.0,-39.78000000000001,10.96
2017-08-09,0.002044990487727605,-0.030000000000000027,5.210000000000001,11.11
2017-08-10,0.000255330015430294,0.0,4.510000000000005,16.04
2017-08-11,0.005092957277906207,-0.030000000000000027,-24.660000000000004,15.51
2017-08-14,-0.002118914213988521,0.030000000000000027,47.01,12.33
2017-08-15,-0.004251345575041088,0.020000000000000018,-2.1099999999999994,12.04
2017-08-16,-0.0028158216480515252,-0.020000000000000018,-39.12,11.74
2017-08-17,0.0028158216480515252,-0.010000000000000009,9.11,15.55
2017-08-18,0.0010219724956931076,0.010000000000000009,3.520000000000003,14.26
2017-08-21,0.0056022555486698045,-0.010000000000000009,0.28999999999999915,13.19
2017-08-22,-0.004411272847279324,0.010000000000000009,13.649999999999999,11.35
2017-08-23,0.003395012597212782,-0.010000000000000009,-5.210000000000008,12.25
2017-08-24,-8.47349913653539e-05,0.010000000000000009,-26.169999999999995,12.23
2017-08-25,0.006166862204872087,0.020000000000000018,29.250000000000007,11.28
2017-08-28,0.008302978886222862,-0.020000000000000018,8.33999999999999,11.32
2017-08-29,0.004333701257118239,0.0,0.9699999999999989,11.7
2017-08-30,-0.008183078395292726,0.0,-39.43999999999999,11.22
2017-08-31,-0.0027706663121301045,0.0,1.3200000000000003,10.59
2017-09-01,-0.0013461216907335316,0.020000000000000018,14.189999999999998,10.13
2017-09-05,0.0027743933050954905,-0.050000000000000044,84.80000000000001,12.23
2017-09-06,0.002682989787525847,0.0,55.849999999999994,11.63
2017-09-07,0.007091932439992954,-0.030000000000000027,-109.74000000000001,11.55
2017-09-08,0.0010802277837992091,0.0,-19.459999999999994,12.12
2017-09-11,-0.006415352142380398,0.050000000000000044,25.14999999999999,10.73
2017-09-12,0.00033428046441996706,0.010000000000000009,-35.10999999999999,10.58
2017-09-13,-0.005866102466407591,0.020000000000000018,12.29,10.5
2017-09-14,-0.0010090818212449282,0.020000000000000018,49.019999999999996,10.44
2017-09-15,0.006122896042201398,0.019999999999999796,-47.97,10.17
2017-09-18,-0.001757543240212267,0.010000000000000009,-3.8100000000000023,10.15
2017-09-19,0.003512002940845138,0.0,-10.299999999999997,10.18
2017-09-20,0.001501376543598082,0.050000000000000044,-5.880000000000003,9.78
2017-09-21,-0.004343474920786988,0.0,2.980000000000004,9.67
2017-09-22,0.0019234795811191308,0.010000000000000009,7.740000000000002,9.59
2017-09-25,-0.009823344179914623,-0.020000000000000018,42.33,10.21
2017-09-26,-0.006772799340092478,0.010000000000000009,-47.28,10.17
2017-09-27,-0.002125941529477371,0.020000000000000018,5.399999999999999,9.87
2017-09-28,0.0024656731447714186,-0.020000000000000018,39.51,9.55
2017-09-29,0.0031370579798624676,0.020000000000000018,4.560000000000002,9.51
2017-10-02,-0.005773001855506693,0.020000000000000018,-32.3,9.45
2017-10-03,0.0011912867304024743,-0.020000000000000018,-22.840000000000003,9.51
2017-10-04,8.503762920214486e-05,0.0,-4.409999999999997,9.63
2017-10-05,-0.004602411601451584,0.020000000000000018,-7.07,9.19
2017-10-06,0.00221862024617539,0.050000000000000044,44.690000000000005,9.65
2017-10-10,0.006118305965488263,-0.030000000000000027,-11.220000000000013,10.08
2017-10-11,0.003636213891929252,0.0,-14.019999999999996,9.85
2017-10-12,-0.0005910415167625638,0.0,-22.83,9.91
2017-10-13,-0.0002534104841030449,0.0,26.270000000000003,9.61
2017-10-16,-0.00228358876248555,0.030000000000000027,34.54,9.91
2017-10-17,-0.004753022018812281,0.0,-49.04,10.31
2017-10-18,0.0017850317120227388,0.050000000000000044,50.73,10.07
2017-10-19,0.005673894207102875,-0.010000000000000009,-17.629999999999995,10.05
2017-10-20,-0.0060986128373989035,0.020000000000000018,-20.160000000000004,9.97
2017-10-23,-0.0006799252344212303,-0.020000000000000018,73.88,11.07
2017-10-24,0.0003400204045001243,0.020000000000000018,-98.94999999999999,11.16
2017-10-25,0.0030549921927126578,0.010000000000000009,22.86,11.23
2017-10-26,-0.008680166831266573,0.019999999999999796,54.260000000000005,11.3
2017-10-27,-0.010309369658861256,-0.039999999999999813,-26.980000000000004,9.8
2017-10-30,0.003964497134309769,-0.010000000000000009,-22.769999999999996,10.5
2017-10-31,0.0018905221751712997,0.020000000000000018,-14.230000000000004,10.18
2017-11-01,-0.0025788718839894753,0.010000000000000009,16.310000000000002,10.2
2017-11-02,0.004637191650143813,0.0,18.61,9.93
2017-11-03,-0.004809353138044287,0.019999999999999796,18.58,9.14
2017-11-06,-0.00137835997012134,-0.019999999999999796,-11.540000000000006,9.4
2017-11-07,-0.001984726888727556,0.019999999999999796,8.580000000000013,9.89
2017-11-08,0.0012085636830166113,0.020000000000000018,-33.45,9.78
2017-11-09,0.004905556547722234,-0.020000000000000018,-2.3700000000000045,10.5
2017-11-13,0.0006865774385735046,0.07000000000000006,69.86,11.5
2017-11-14,0.009222951798844803,-0.020000000000000018,-27.090000000000003,11.59
2017-11-15,0.0025469068865638933,0.0,-49.779999999999994,13.13
2017-11-16,-0.001867097207086027,0.040000000000000036,25.690000000000005,11.76
2017-11-17,0.002290951746555775,0.010000000000000009,14.829999999999998,11.43
2017-11-20,-0.004927792469707426,0.040000000000000036,-19.120000000000005,10.65
2017-11-21,0.0,0.0,119.99000000000001,9.73
2017-11-22,0.00407990366191574,-0.030000000000000027,-146.56,9.88
2017-11-24,0.012392150151414566,0.010000000000000009,-18.049999999999997,9.67
2017-11-27,-0.0020967005626411073,-0.010000000000000009,-3.770000000000003,9.87
2017-11-28,-0.0027743933050954905,0.010000000000000009,175.51999999999998,10.03
2017-11-29,-0.001685204308492505,0.030000000000000027,-102.64999999999999,10.7
2017-11-30,0.003367573480537983,0.0,-2.5,11.28
2017-12-01,0.0010080646014948846,0.0,-14.530000000000001,11.43
2017-12-04,-0.00521930640171106,0.020000000000000018,14.11999999999999,11.68
2017-12-05,-0.0023660649875456297,0.030000000000000027,-5.6299999999999955,11.33
2017-12-06,-0.002710947102503747,-0.050000000000000044,-37.65,11.02
2017-12-07,0.0001696496738312625,0.020000000000000018,-17.1,10.16
2017-12-08,-0.0024627416803801594,0.0,22.830000000000005,9.58
2017-12-11,0.0034800357660774994,0.020000000000000018,17.93999999999999,9.34
2017-12-12,-0.006545694302633798,0.010000000000000009,-15.029999999999987,9.92
2017-12-13,0.0031506817054210157,-0.040000000000000036,-14.420000000000009,10.18
2017-12-14,0.0013593884846148097,0.030000000000000027,-19.419999999999995,10.49
2017-12-15,0.0,0.020000000000000018,72.25,9.42
2017-12-18,0.0022050725583138975,0.0,-10.070000000000007,9.53
2017-12-19,0.001523745321484804,0.030000000000000027,-12.36999999999999,10.03
2017-12-20,0.004978283073972606,0.0,-25.200000000000003,9.72
2017-12-21,-0.000757799051125635,0.019999999999999796,35.739999999999995,9.62
2017-12-22,-0.0027835199955255074,0.020000000000000018,-20.25,9.9
2017-12-26,0.002362272253502967,0.010000000000000009,33.620000000000005,10.25
2017-12-27,0.0029450145396581473,-0.030000000000000027,-47.870000000000005,10.47
2017-12-28,0.004192175167801265,0.020000000000000018,4.800000000000004,10.18
2017-12-29,0.0058396762265087165,-0.020000000000000018,83.19,11.04
2018-01-02,0.002326355319693829,0.030000000000000027,-35.230000000000004,9.77
2018-01-03,-0.0016611299500765009,0.020000000000000018,-58.75,9.15
2018-01-04,0.0028222812790126284,0.020000000000000018,191.02999999999997,9.22
2018-01-05,-0.002074431312710845,0.0,-134.79999999999998,9.22
2018-01-08,-0.005497265218182806,0.0,-31.400000000000006,9.52
2018-01-09,-0.004268681936971802,0.020000000000000018,80.30000000000001,10.08
2018-01-10,0.0030150776609778884,0.0,-68.4,9.82
2018-01-11,0.006418560776322663,0.0,22.539999999999992,9.88
2018-01-12,0.007862651720923541,0.010000000000000009,-4.030000000000001,10.16
2018-01-16,0.009354298127207172,0.039999999999999813,-46.12,11.66
2018-01-17,-0.0012258408759331096,0.020000000000000018,0.259999999999998,11.91
2018-01-18,0.0007356848331158683,0.0,54.03,12.22
2018-01-19,0.0,0.010000000000000231,-27.519999999999996,11.27
2018-01-22,-0.0006539153412677134,0.020000000000000018,22.379999999999995,11.03
2018-01-23,0.003835643499621816,-0.020000000000000018,-36.2,11.1
2018-01-24,0.009162102442348302,0.020000000000000018,18.75,11.47
2018-01-25,0.007878487572079707,0.0,-15.299999999999997,11.58
2018-01-26,-0.00529908907601967,0.04999999999999982,32.03,11.08
2018-01-29,-0.005651100854690783,-0.020000000000000018,-24.769999999999996,13.84
2018-01-30,0.0030717023586307457,0.020000000000000018,-16.78,14.79
2018-01-31,0.003062295889749711,0.010000000000000231,3.3900000000000006,13.54
2018-02-01,0.00433561498105034,0.020000000000000018,-22.060000000000002,13.47
2018-02-02,-0.002888320364825142,-0.010000000000000231,11.420000000000002,17.31
2018-02-05,-0.002252253204325011,-0.06999999999999984,84.58999999999999,37.32
2018-02-06,-0.0029839935041466314,0.020000000000000018,-53.19999999999999,29.98
2018-02-07,-0.00810968681030741,0.04999999999999982,-34.300000000000004,27.73
2018-02-08,-0.0035074875878982614,-0.020000000000000018,31.000000000000007,33.46
2018-02-09,-0.0009810334338151705,-0.08000000000000007,-6.609999999999999,29.06
2018-02-12,0.00334789844408126,0.040000000000000036,-1.7900000000000063,25.61
2018-02-13,0.007795410974175104,0.010000000000000231,23.659999999999997,24.97
2018-02-14,0.0026656989007118603,0.06999999999999984,2.460000000000008,19.26
2018-02-15,0.006913766586349401,0.020000000000000018,-18.38000000000001,19.13
2018-02-16,-0.003209760419023211,0.020000000000000018,-8.11,19.46
2018-02-20,-0.007583739452915239,0.040000000000000036,-0.36999999999999034,20.6
2018-02-21,-0.0027572801508943534,0.009999999999999787,15.659999999999997,20.02
2018-02-22,0.0009740260510329168,-0.009999999999999787,-45.56,18.72
2018-02-23,-0.0022742050087733723,0.0,5.469999999999999,16.49
2018-02-26,-0.00016264129498319568,-0.029999999999999805,12.879999999999995,15.8
2018-02-27,-0.004646431836093368,0.04999999999999982,-15.959999999999994,18.59
2018-02-28,-0.0022903895493165405,-0.020000000000000018,-5.960000000000001,19.85
2018-03-01,0.00040938306544646696,-0.029999999999999805,22.619999999999997,22.47
2018-03-02,0.007990258572687092,0.029999999999999805,-29.669999999999995,19.59
2018-03-05,0.001298490687234588,-0.009999999999999787,108.74000000000001,18.73
2018-03-06,0.006870101783876953,0.009999999999999787,-14.5,18.36
2018-03-07,-0.0014509111041201561,0.0,-46.540000000000006,17.76
2018-03-08,-0.006717681366991385,0.0,-30.33,16.54
2018-03-09,0.0009740260510329168,0.020000000000000018,75.57,14.64
2018-03-12,-0.0006492452751998001,0.0,-25.169999999999987,15.78
2018-03-13,0.006473562014876116,-0.010000000000000231,-52.550000000000004,16.35
2018-03-14,-0.0029079180426460904,0.0,24.759999999999998,17.23
2018-03-15,-0.0033221275945503614,0.03000000000000025,-35.63,16.59
2018-03-16,-0.0033332009235348126,0.020000000000000018,66.97999999999999,15.8
2018-03-19,0.003982288167419384,0.0,-36.31999999999999,19.02
2018-03-20,-0.004715455892004949,0.029999999999999805,4.679999999999993,18.2
2018-03-21,-0.0002445087424058079,-0.029999999999999805,-23.489999999999995,17.86
2018-03-22,0.003417693944357203,-0.020000000000000018,1.5300000000000011,23.34
2018-03-23,0.004053511833182477,-0.010000000000000231,9.280000000000001,24.87
2018-03-26,0.006451635281488677,0.050000000000000266,23.129999999999995,21.03
2018-03-27,-0.002414488094517442,-0.07000000000000028,-67.28999999999999,22.5
2018-03-28,-0.004765567760638523,0.020000000000000018,4.0,22.87
2018-03-29,-0.004381701265567195,-0.009999999999999787,-9.73,19.97
2018-04-02,-0.0007321537849939441,-0.020000000000000018,150.96,23.62
2018-04-03,-0.0021996831550663565,0.029999999999999805,-78.98,21.1
2018-04-04,0.002525151017988364,0.0,-35.830000000000005,20.06
2018-04-05,-0.005056694569157222,0.020000000000000018,56.18,18.94
2018-04-06,0.003591254267824251,-0.029999999999999805,-38.459999999999994,21.49
2018-04-09,0.0037407541384683884,0.020000000000000018,204.51999999999998,21.77
2018-04-10,0.0014599726820732073,0.029999999999999805,-218.96999999999997,20.47
2018-04-11,0.0037213860599243642,0.0,23.709999999999994,20.24
2018-04-12,-0.0051813587419975715,0.020000000000000018,110.23000000000002,18.49
2018-04-13,0.00016232448700523316,0.03000000000000025,-48.77000000000001,17.41
2018-04-16,0.004130396639459827,0.020000000000000018,-76.08,16.56
2018-04-17,-0.0022655564346959756,0.020000000000000018,0.28999999999999204,15.25
2018-04-18,0.0028311444593072665,0.009999999999999787,5.890000000000001,15.6
2018-04-19,-0.003560450435476342,0.020000000000000018,-24.83,15.96
2018-04-20,-0.004387040913766266,0.020000000000000018,0.9299999999999997,16.88
2018-04-23,-0.005388207990876109,0.03000000000000025,19.369999999999997,16.34
2018-04-24,0.00081826369020227,-0.010000000000000231,-31.819999999999993,18.02
2018-04-25,-0.0039337864201512696,0.010000000000000231,73.6,17.84
2018-04-26,-0.005351789151717162,0.0,-40.269999999999996,16.24
2018-04-27,-0.0004128648751928754,0.0,-42.6,15.41
2018-04-30,-0.0028120107852378506,0.0,60.85,15.93
2018-05-01,-0.0061477305862341625,0.009999999999999787,15.200000000000003,15.49
2018-05-02,-0.002670228555878784,-0.009999999999999787,-5.950000000000003,15.97
2018-05-03,0.00016709833776035188,0.0,-38.760000000000005,15.9
2018-05-04,-0.0020070252597675087,0.019999999999999574,-18.65,14.77
2018-05-07,-0.0015917567135822763,-0.019999999999999574,58.23,14.75
2018-05-08,-0.005380424917565907,0.019999999999999574,3.280000000000001,14.71
2018-05-09,-0.0009276829676473086,0.03000000000000025,-37.81999999999999,13.42
2018-05-10,0.003705579446535101,0.0,11.819999999999993,13.23
2018-05-11,0.004612747726890021,0.0,4.25,12.65
2018-05-14,0.0020896902325832634,0.009999999999999787,48.94,12.93
2018-05-15,-0.009396042281696354,0.03000000000000025,-84.47999999999999,14.63
2018-05-16,-0.006426539960182526,0.0,7.330000000000005,13.42
2018-05-17,0.0008479607054351357,-0.010000000000000231,24.429999999999993,13.43
2018-05-18,-0.0019513856784020567,-0.020000000000000018,54.83,13.42
2018-05-21,-0.000594656603344984,0.03000000000000025,-41.47999999999999,13.08
2018-05-22,0.0012738314320671351,0.009999999999999787,4.329999999999998,13.22
2018-05-23,-0.007667442573022154,-0.06000000000000005,79.05999999999999,12.58
2018-05-24,0.0030740353811866405,-0.029999999999999805,-122.32999999999998,12.53
2018-05-25,-0.005385779207922131,-0.020000000000000018,53.199999999999996,13.22
2018-05-29,-0.00990661502490267,-0.16000000000000014,-51.66,17.02
2018-05-30,0.009735161959759153,0.10000000000000009,84.77000000000001,14.94
2018-05-31,0.0005142710321622279,-0.020000000000000018,-57.890000000000015,15.43
2018-06-01,0.0007709109979636697,0.07000000000000028,32.30000000000001,13.46
2018-06-04,0.0014545457109943483,0.04999999999999982,-28.83,12.74
2018-06-05,-0.0020540917869381337,-0.029999999999999805,-44.480000000000004,12.4
2018-06-06,0.00904057330189445,0.029999999999999805,1.6699999999999946,11.64
2018-06-07,0.0031365261164921776,-0.020000000000000018,18.010000000000005,12.13
2018-06-08,-0.0035611365428113995,0.0,56.52,12.18
2018-06-11,0.0024602345389171942,0.020000000000000018,25.85000000000001,12.35
2018-06-12,-0.0008476731879961397,0.020000000000000018,97.22999999999999,12.34
2018-06-13,-0.0006786562866517576,0.04999999999999982,-98.52000000000001,12.94
2018-06-14,-0.012810833671759309,0.0,-40.349999999999994,12.12
2018-06-15,-0.0015483874061295033,-0.040000000000000036,-28.010000000000005,11.98
2018-06-18,-0.0008612523140236472,0.010000000000000231,10.61,12.31
2018-06-19,-0.002501834544825249,-0.020000000000000018,86.54000000000002,13.35
2018-06-20,0.0012948337947899236,0.020000000000000018,56.19,12.79
2018-06-21,0.0006898930939376324,0.0,-150.38,14.64
2018-06-22,0.0025828684182541972,0.0,8.679999999999993,13.77
2018-06-25,0.005487923222905644,-0.020000000000000018,-16.819999999999993,17.33
2018-06-26,-0.0016260861985177566,-0.010000000000000231,155.38,15.92
2018-06-27,-0.007479723647856984,-0.009999999999999787,-179.32999999999998,17.91
2018-06-28,-0.0005179111035060469,0.0,49.7,16.85
2018-06-29,0.008168926289979839,0.0,-35.26,16.09
2018-07-02,-0.006271228834420134,0.04999999999999982,26.240000000000002,15.6
2018-07-03,0.004213791331968614,-0.040000000000000036,39.47,16.14
2018-07-05,0.0037687410774436547,0.020000000000000018,-39.66000000000001,14.97
2018-07-06,0.0034990434675727933,-0.020000000000000018,104.42000000000002,13.37
2018-07-09,0.0005110297360171323,0.040000000000000036,-74.01,12.69
2018-07-10,-0.0013633267278641281,0.020000000000000018,-28.5,12.64
2018-07-11,-0.0005117270900583115,-0.009999999999999787,-41.220000000000006,13.63
2018-07-12,-0.0025625708052378904,0.020000000000000018,44.160000000000004,12.58
2018-07-13,-0.0021405034072795315,-0.010000000000000231,-10.170000000000002,12.18
2018-07-16,0.003678833767906009,0.0,14.560000000000002,12.83
2018-07-17,-0.003936002343323586,0.03000000000000025,-30.760000000000005,12.06
2018-07-18,-0.0016302719299980117,-0.020000000000000018,16.570000000000007,12.1
2018-07-19,-0.003527037077146744,0.0,-19.790000000000006,12.87
2018-07-20,0.0089225025704818,0.0,76.78000000000002,12.86
2018-07-23,-0.0005126014635951914,0.040000000000000036,-53.52000000000001,12.62
2018-07-24,-0.0015393828405496357,-0.010000000000000231,-1.2199999999999989,12.41
2018-07-25,-0.0005992894319168385,0.03000000000000025,-19.450000000000003,12.29
2018-07-26,-0.001971626372695351,0.029999999999999805,46.730000000000004,12.14
2018-07-27,0.0005147122014638184,-0.020000000000000018,-43.18000000000001,13.03
2018-07-30,0.004961940200250592,-0.009999999999999787,91.91,14.26
2018-07-31,-0.001024590253567631,0.009999999999999787,-62.03,12.83
2018-08-01,-0.003422902537583289,0.0,-33.63999999999999,13.15
2018-08-02,-0.004639582169062462,-0.009999999999999787,60.220000000000006,12.19
2018-08-03,-0.001292602187817321,-0.03000000000000025,-30.200000000000003,11.64
2018-08-06,-0.0028496198204664425,0.010000000000000231,25.179999999999993,11.27
2018-08-07,0.0028496198204664425,0.040000000000000036,-40.67,10.93
2018-08-08,8.622547968265004e-05,0.0,-15.259999999999998,10.85
2018-08-09,-0.0027629097182222118,-0.040000000000000036,12.979999999999997,11.27
2018-08-10,-0.014544127481385144,-0.03000000000000025,7.010000000000005,13.16
2018-08-13,-0.00026321561897962864,0.0,11.549999999999997,14.78
2018-08-14,-0.003956570862459485,0.020000000000000018,-33.339999999999996,13.31
2018-08-15,-0.0016752638049322144,-0.020000000000000018,-35.1,14.64
2018-08-16,0.004929587447521033,0.020000000000000018,10.810000000000002,13.45
2018-08-17,0.0019299944581931405,-0.020000000000000018,31.47,12.64
2018-08-20,0.0024509816191400913,-0.009999999999999787,-17.18,12.49
2018-08-21,0.008358049700096487,0.009999999999999787,36.74,12.86
2018-08-22,0.005274775514274077,-0.009999999999999787,-43.4,12.25
2018-08-23,-0.0024177543942304203,0.009999999999999787,51.23,12.41
2018-08-24,0.005001735160155563,0.020000000000000018,-9.420000000000002,11.99
2018-08-27,0.004377501518448207,0.040000000000000036,28.11,12.16
2018-08-28,0.003761331156998199,0.0,57.21000000000001,12.5
2018-08-29,-0.001793416083402083,0.0,-72.69000000000001,12.25
2018-08-30,-0.004540594650536134,-0.029999999999999805,-2.5,13.53
2018-08-31,-0.004302562355519235,-0.020000000000000018,31.0,12.86
2018-09-04,-0.0025904513233824533,0.040000000000000036,-47.099999999999994,13.16
2018-09-05,0.004657991687738505,0.0,-36.7,13.91
2018-09-06,0.00034417484421678246,-0.020000000000000018,30.840000000000003,14.65
2018-09-07,-0.004483539154093219,0.06999999999999984,-0.5999999999999943,14.88
2018-09-10,0.0027614791452690024,0.020000000000000018,-20.650000000000006,14.16
2018-09-11,-0.0011209313525497033,0.029999999999999805,2.1199999999999974,13.22
2018-09-12,0.0030150343725509343,-0.019999999999999574,-9.059999999999995,13.14
2018-09-13,0.003948841941325637,0.019999999999999574,-10.580000000000002,12.37
2018-09-14,-0.0013717423275808327,0.020000000000000018,6.370000000000001,12.07
2018-09-17,0.0026560440581163136,0.0,64.60999999999999,13.68
2018-09-18,0.000513259207161415,0.03000000000000025,-28.989999999999995,12.79
2018-09-19,-0.0006844041673600698,0.0,2.3400000000000034,11.75
2018-09-20,0.0050365038813385,0.0,-19.82,11.8
2018-09-21,-0.0004258399757748055,0.0,33.93,11.68
2018-09-24,0.0028921421996747076,0.020000000000000018,0.9599999999999937,12.2
2018-09-25,-0.0002548528238743575,0.0,-33.48,12.42
2018-09-26,-0.0010200612921222318,0.0,-18.490000000000002,12.89
2018-09-27,-0.007512413681598523,0.0,-14.209999999999997,12.41
2018-09-28,-0.004121592645550898,-0.020000000000000018,29.430000000000003,12.12
2018-10-01,-0.00474363733964922,0.009999999999999787,114.31,12.0
2018-10-02,-0.0006053530690331987,0.0,-35.75999999999999,12.05
2018-10-03,-0.0030322743615190384,0.03000000000000025,-23.440000000000012,11.61
2018-10-04,-0.0014761431934107727,0.020000000000000018,11.870000000000005,14.22
2018-10-05,-0.0005215123977391767,0.009999999999999787,-52.72,14.82
2018-10-09,-0.0017403415461171856,0.0,-35.25,15.95
2018-10-10,0.00512532069282251,0.0,27.6,22.96
2018-10-11,0.0020773832451349006,-0.029999999999999805,9.389999999999993,24.98
2018-10-12,-0.0005189413712723967,0.0,34.730000000000004,21.31
2018-10-15,0.003023368605410942,0.0,-17.310000000000002,21.3
2018-10-16,-8.625522927674378e-05,0.020000000000000018,23.909999999999997,17.62
2018-10-17,-0.004582206608310935,0.020000000000000018,-31.769999999999996,17.4
2018-10-18,-0.003994100994403671,-0.020000000000000018,22.189999999999998,20.06
2018-10-19,0.0016516716059776226,0.04999999999999982,-29.83,19.89
2018-10-22,-0.004003486635360015,0.0,19.189999999999998,19.64
2018-10-23,0.0011330458352529216,-0.029999999999999805,-37.449999999999996,20.71
2018-10-24,-0.00795841359920621,-0.050000000000000266,21.559999999999995,25.23
2018-10-25,-0.001317928407606167,0.020000000000000018,15.930000000000007,24.22
2018-10-26,0.0012301205311832375,-0.04999999999999982,-24.0,24.16
2018-10-29,0.00017560804329963542,0.0,-1.2999999999999972,24.7
2018-10-30,-0.0022853134671492192,0.029999999999999805,-12.950000000000003,23.35
2018-10-31,-0.0028198820236714495,0.03000000000000025,27.789999999999992,21.23
2018-11-01,0.0056318346673917,-0.03000000000000025,5.1000000000000085,19.34
2018-11-02,-0.0015807503072062246,0.07000000000000028,-1.1800000000000068,19.51
2018-11-05,0.0014052347297482115,0.0,7.480000000000004,19.96
2018-11-06,0.0015785322930497447,0.020000000000000018,58.47999999999999,19.91
2018-11-07,0.004110014093057529,0.029999999999999805,-87.77999999999999,16.36
2018-11-08,-0.003759567269775832,0.020000000000000018,-9.54,16.72
2018-11-09,-0.008003208805437478,-0.040000000000000036,-10.620000000000005,17.36
2018-11-13,-0.0032724568185848596,-0.04999999999999982,23.860000000000007,20.02
2018-11-14,0.0021238946037040185,-0.03000000000000025,-10.930000000000007,21.25
2018-11-15,0.0010602580954363061,0.0,1.1000000000000014,19.98
2018-11-16,0.006864411359736991,-0.04999999999999982,-24.57,18.14
2018-11-19,0.004026263644759609,-0.020000000000000018,-19.549999999999997,20.1
2018-11-20,-0.004991472336374869,0.0,18.340000000000003,22.48
2018-11-21,0.0001755617982037161,0.020000000000000018,17.599999999999998,20.8
2018-11-23,-0.005368549747708562,0.0,-22.689999999999998,21.52
2018-11-26,0.0003529204201091485,0.029999999999999805,144.26999999999998,18.9
2018-11-27,-0.004863607765595912,-0.009999999999999787,-75.36,19.02
2018-11-28,0.00044312492416502536,-0.020000000000000018,7.840000000000003,18.49
2018-11-29,0.008470140633983866,0.0,82.29,18.79
2018-11-30,-0.005197104849029688,-0.010000000000000231,-46.78,18.07
2018-12-03,0.0029101832788221427,0.03000000000000025,22.060000000000002,16.44
2018-12-04,-0.0009691203789196079,-0.03000000000000025,-49.2,20.74
2018-12-06,0.0025529306528028206,-0.04999999999999982,0.8999999999999915,21.19
2018-12-07,0.001405728574482873,-0.029999999999999805,-8.739999999999995,23.23
2018-12-10,-0.0019333866642912423,0.0,-30.370000000000005,22.64
2018-12-11,-0.0047614938738356205,0.05999999999999961,17.36,21.76
2018-12-12,0.004233557213971312,-0.009999999999999787,-30.47,21.46
2018-12-13,-0.00035211267969451066,-0.020000000000000018,63.7,20.65
2018-12-14,-0.005119615736945929,-0.020000000000000018,-35.11,21.63
2018-12-17,0.0034453852714078775,-0.029999999999999805,15.189999999999998,24.52
2018-12-18,0.0022023530022388937,-0.050000000000000266,1.4899999999999949,25.58
2018-12-19,0.005090856250729692,-0.020000000000000018,10.930000000000007,25.58
2018-12-20,0.0008751203848950118,0.040000000000000036,-34.790000000000006,28.38
2018-12-21,-0.002627662018176047,-0.040000000000000036,65.53,30.11
2018-12-26,0.0005260850625499192,-0.020000000000000018,53.28,30.41
2018-12-27,0.0003505696793134061,-0.04999999999999982,-37.09,29.96
2018-12-28,0.0028875200532765266,-0.040000000000000036,-4.449999999999989,28.34
2018-12-31,0.0009606568137596749,-0.040000000000000036,-6.8300000000000125,25.42
2019-01-02,-0.00867931630878055,0.020000000000000018,-2.8499999999999943,23.22
2019-01-03,0.0036913383451322446,-0.10999999999999988,65.61000000000001,25.45
2019-01-04,0.0009645316193428455,0.10999999999999988,-59.43000000000001,21.38
2019-01-07,0.005070384147139145,0.029999999999999805,-4.539999999999992,21.4
2019-01-08,-0.002094972833259545,0.050000000000000266,110.63999999999999,20.47
2019-01-09,0.00696624203441823,-0.020000000000000018,-138.82999999999998,19.98
2019-01-10,-0.0006076125355118089,0.0,28.42,19.5
2019-01-11,-0.0033049256034106966,-0.010000000000000231,21.840000000000003,18.19
2019-01-15,-0.0076079244137396695,-0.020000000000000018,-66.29,18.6
2019-01-16,0.0014035090023201968,0.020000000000000018,69.07000000000001,19.04
2019-01-17,-0.001930333143049967,0.010000000000000231,-4.5400000000000205,18.06
2019-01-18,-0.0021100763939549405,0.06000000000000005,-14.75,17.8
2019-01-22,-0.000264072885650779,-0.040000000000000036,-46.219999999999985,20.8
2019-01-23,0.00272539620980633,0.0,-19.689999999999998,19.52
2019-01-24,-0.005988041844622538,-0.020000000000000018,17.799999999999997,18.89
2019-01-25,0.007479466431292603,0.040000000000000036,-0.8900000000000006,17.42
2019-01-28,0.0027139434473635315,0.0,-31.460000000000008,18.87
2019-01-29,-0.001224739895895749,-0.040000000000000036,-11.179999999999993,19.13
2019-01-30,-0.0005253480551612455,-0.040000000000000036,61.17999999999999,17.66
2019-01-31,0.003147956429598142,-0.06999999999999984,2.530000000000001,16.57
2019-02-01,0.0017445922080137621,0.06999999999999984,-30.429999999999993,16.14
2019-02-04,-0.00314246068655491,0.009999999999999787,120.5,15.73
2019-02-05,-0.0028016127587772166,0.0,-128.56,15.57
2019-02-06,-0.0022821040361623857,-0.009999999999999787,57.5,15.38
2019-02-07,-0.002023134788675579,-0.040000000000000036,-51.459999999999994,16.37
2019-02-08,-0.002733326217895904,-0.029999999999999805,-16.980000000000004,15.72
2019-02-11,-0.004335714441462732,0.029999999999999805,-17.28,15.97
2019-02-12,0.0034524001891701322,0.020000000000000018,-13.620000000000005,15.43
2019-02-13,-0.0024774388888077897,0.029999999999999805,47.10000000000001,15.65
2019-02-14,-0.0003544214107629867,-0.029999999999999805,-57.02,16.22
2019-02-15,-0.0014189431256237395,0.020000000000000018,19.549999999999997,14.91
2019-02-19,0.005310686937237796,-0.020000000000000018,24.250000000000007,14.88
2019-02-21,0.0008823789507479141,0.029999999999999805,7.6499999999999915,14.46
2019-02-22,0.00035273368972446595,-0.04999999999999982,27.900000000000006,13.51
2019-02-25,0.0002644686399687346,0.029999999999999805,-31.310000000000002,14.85
2019-02-26,0.0025529306528028206,-0.029999999999999805,-15.489999999999995,15.17
2019-02-27,-0.0003517411221632405,0.020000000000000018,60.269999999999996,14.7
2019-02-28,0.0007912436124268285,0.020000000000000018,-3.5700000000000074,14.78
2019-03-01,-0.0002636783139864929,0.029999999999999805,-14.47999999999999,13.57
2019-03-04,-0.00422833610952103,0.0,-39.75,14.63
2019-03-05,-0.0024748112330691824,0.0,67.36999999999999,14.74
2019-03-06,0.0017683470567419896,-0.029999999999999805,-59.739999999999995,15.74
2019-03-07,-0.009408075073556038,-0.04999999999999982,60.22000000000001,16.59
2019-03-08,0.002582715066141883,-0.020000000000000018,-57.05000000000001,16.05
2019-03-11,-0.001513196247615034,0.020000000000000018,79.53999999999999,14.33
2019-03-12,0.0044440567318584645,-0.020000000000000018,-68.11999999999999,13.77
2019-03-13,0.0030107168761630276,0.0,-11.850000000000009,13.41
2019-03-14,-0.000530644745802708,0.009999999999999787,-25.049999999999997,13.5
2019-03-15,0.0019443223093869172,-0.029999999999999805,10.150000000000006,12.88
2019-03-18,0.0009707453438482505,0.020000000000000018,10.75,13.1
2019-03-19,0.0007935458689139474,0.009999999999999787,5.599999999999994,13.56
2019-03-20,0.0005286809533660286,-0.06000000000000005,-6.939999999999998,13.91
2019-03-21,0.0007924977300260427,0.010000000000000231,15.280000000000001,13.63
2019-03-22,-0.006977902269983127,-0.10000000000000009,-7.180000000000007,16.48
2019-03-25,0.0037158319318687932,-0.050000000000000266,-14.719999999999999,16.33
2019-03-26,-0.0038931211797404858,-0.019999999999999574,9.010000000000005,14.68
2019-03-27,-0.002663117419483607,-0.020000000000000018,14.379999999999995,15.15
2019-03-28,-0.0012452194084319607,0.009999999999999787,-38.919999999999995,14.43
2019-03-29,-0.0007122507423611008,0.040000000000000036,37.51,13.71
2019-04-01,-0.0016044214155675335,0.06000000000000005,26.090000000000003,13.4
2019-04-02,-0.002143240684672282,-0.03000000000000025,13.219999999999999,13.36
2019-04-03,0.0049937681804870515,0.03000000000000025,-48.61,13.74
2019-04-04,-0.002315434287649104,0.0,0.8299999999999983,13.58
2019-04-05,8.915437085207922e-05,0.020000000000000018,-32.63,12.82
2019-04-08,0.00400374216934056,0.009999999999999787,7.920000000000002,13.18
2019-04-09,0.0014196985525634503,-0.009999999999999787,2.1199999999999974,14.28
2019-04-10,-0.001064584912468039,-0.040000000000000036,11.590000000000003,13.3
2019-04-11,-0.00035511364009541135,0.040000000000000036,-17.21,13.02
2019-04-12,0.0037224185497995305,0.04999999999999982,21.220000000000006,12.01
2019-04-15,0.0,0.0,0.45999999999999375,12.32
2019-04-16,-0.0009735806406931946,0.010000000000000231,-18.15,12.18
2019-04-17,0.00035413900325846626,-0.010000000000000231,5.140000000000001,12.6
2019-04-18,-0.004969395265131557,-0.020000000000000018,-6.280000000000001,12.09
2019-04-22,0.0015111785621746698,0.0,21.720000000000006,12.42
2019-04-23,-0.004005167563091133,-0.020000000000000018,-21.720000000000006,12.28
2019-04-24,-0.0018745821155636,-0.040000000000000036,3.1799999999999997,13.14
2019-04-25,-0.004657002864041984,0.010000000000000231,16.17,13.25
2019-04-26,0.0012559434682238718,-0.050000000000000266,-8.420000000000002,12.73
2019-04-29,0.001075268920806824,0.020000000000000018,29.64,13.11
2019-04-30,0.003129613141433771,-0.029999999999999805,-22.189999999999998,13.12
2019-05-01,0.004009449840407492,0.040000000000000036,37.41,14.8
2019-05-02,-0.0055283243785555075,0.040000000000000036,-82.55,14.42
2019-05-03,0.0001788109079417649,-0.020000000000000018,27.45,12.87
2019-05-06,0.0009828888786635737,-0.020000000000000018,36.13,15.44
2019-05-07,-0.0016983244305535106,-0.03000000000000025,17.310000000000002,19.32
2019-05-08,0.0025017882955864906,0.020000000000000018,-9.280000000000001,19.4
2019-05-09,0.0019613093565432616,-0.040000000000000036,-34.35000000000001,19.1
2019-05-10,0.0011571499800240165,0.0,40.66000000000001,16.04
2019-05-13,-0.0008009611962048052,-0.07999999999999963,-13.469999999999999,20.55
2019-05-14,-0.0022282642135643266,0.020000000000000018,32.0,18.06
2019-05-15,8.922596481493461e-05,-0.040000000000000036,5.650000000000006,16.44
2019-05-16,-0.0026802481871995715,0.040000000000000036,-37.58000000000001,15.29
2019-05-17,-0.0010741139593375831,0.0,23.17,15.96
2019-05-20,0.00035816619294058716,0.009999999999999787,-22.810000000000002,16.31
2019-05-21,-0.001074883657772821,0.04999999999999982,-21.28,14.95
2019-05-22,-0.00017925965809405253,-0.029999999999999805,-4.0,14.75
2019-05-23,0.0014331783176878415,-0.10999999999999988,1.240000000000009,16.92
2019-05-24,0.0022352371951295386,0.040000000000000036,73.2,15.85
2019-05-28,-0.0017877898745854437,-0.040000000000000036,-74.76,17.5
2019-05-29,-0.0036749918114106356,-0.03000000000000025,-13.860000000000007,17.9
2019-05-30,0.00035913090707428985,-0.029999999999999805,-4.779999999999994,17.3
2019-05-31,0.0008075732862963814,-0.1100000000000001,43.50999999999999,18.71
2019-06-03,0.005099541357658388,-0.1299999999999999,-21.489999999999995,18.86
2019-06-04,0.0026735600989043623,0.05999999999999983,47.2,16.97
2019-06-05,0.0005338553378861355,-0.04999999999999982,97.44999999999999,16.09
2019-06-06,0.004614846670761605,0.04999999999999982,-80.07999999999998,15.93
2019-06-07,0.0026527559990083133,-0.029999999999999805,104.82,16.3
2019-06-10,-0.0011486637004092248,0.04999999999999982,-80.15,15.94
2019-06-11,0.00044194989007668994,0.030000000000000027,-31.859999999999985,15.99
2019-06-12,-0.0005303633112916095,-0.050000000000000044,-14.210000000000008,15.91
2019-06-13,-0.00309940473928709,-0.04999999999999982,27.840000000000003,15.82
2019-06-14,-0.005157400725655709,0.010000000000000009,1.1999999999999886,15.28
2019-06-17,0.0016034209742061545,0.020000000000000018,-62.91,15.35
2019-06-18,-0.0034773339840854234,0.0,64.19,15.15
2019-06-19,0.0016064260482737264,-0.1200000000000001,-68.46,14.33
2019-06-20,0.006222795438269174,-0.020000000000000018,38.78,14.75
2019-06-21,0.003891743811614057,0.050000000000000044,62.249999999999986,15.4
2019-06-24,0.005721594764614701,-0.050000000000000044,-86.16999999999999,15.26
2019-06-25,-0.0006146011870885038,-0.010000000000000009,-18.560000000000002,16.28
2019-06-26,0.0003512469302006105,0.06000000000000005,68.32,16.21
2019-06-27,-0.0015815836703374497,-0.030000000000000027,-78.42999999999999,15.82
2019-06-28,0.00017585509585457682,0.010000000000000009,65.39999999999999,15.08
2019-07-01,-0.0059080459314998085,0.030000000000000027,45.140000000000015,14.06
2019-07-02,-0.0005307855750942975,-0.010000000000000009,-30.5,12.93
2019-07-03,-0.002303331989271809,0.0,-17.85000000000001,12.57
2019-07-05,-0.005246555096507788,0.10000000000000009,-53.44,13.28
2019-07-08,-0.0007135212575283129,0.009999999999999787,-0.769999999999996,13.96
2019-07-09,0.00017842804936264722,0.040000000000000036,-31.92,14.09
2019-07-10,0.004450385627475684,-0.09999999999999987,5.479999999999997,13.03
2019-07-11,8.880600334437716e-05,0.030000000000000027,58.220000000000006,12.93
2019-07-12,-0.000621807703801408,-0.010000000000000009,-31.35000000000001,12.39
2019-07-15,0.0005330017004570309,-0.010000000000000009,-0.29999999999999716,12.68
2019-07-16,-0.004271989409002405,0.040000000000000036,-18.78,12.86
2019-07-17,0.0017822139809134663,-0.040000000000000036,23.650000000000006,13.97
2019-07-18,-0.00035618878381921126,-0.06000000000000005,-15.43,13.53
2019-07-19,-0.0007127584050857227,0.030000000000000027,0.21000000000000085,14.45
2019-07-22,-0.0005349023930696084,0.0,13.47999999999999,13.53
2019-07-23,-0.0051855279362382906,0.030000000000000027,38.92,12.61
2019-07-24,-0.0013454726880628987,0.0,-34.519999999999996,12.07
2019-07-25,0.0013454726880628987,0.030000000000000027,-39.04,12.74
2019-07-26,-0.003142256928537465,0.0,75.43,12.16
2019-07-29,0.0018865387619188267,-0.010000000000000009,-29.14,12.83
2019-07-30,0.0005383580210779754,0.0,52.27000000000001,13.94
2019-07-31,-0.0016159443322483341,0.039999999999999813,-36.230000000000004,16.12
2019-08-01,-0.006128353714967116,-0.15999999999999992,47.18999999999998,17.87
2019-08-02,0.004509793879556273,-0.010000000000000009,-32.78999999999999,17.61
2019-08-05,0.0076202798260172205,-0.1299999999999999,-34.379999999999995,24.59
2019-08-06,-8.931362485281591e-05,0.010000000000000009,1.019999999999996,20.17
2019-08-07,0.0035663375887901583,-0.010000000000000009,8.170000000000002,19.49
2019-08-08,-0.0023166721579286342,0.030000000000000027,1.2600000000000051,16.91
2019-08-09,0.0010699002447117772,0.009999999999999787,-1.1300000000000097,17.97
2019-08-12,-0.0008915040262384988,-0.04999999999999982,17.24000000000001,21.09
2019-08-13,-0.0026792906980881853,0.07999999999999985,-39.49000000000001,17.52
2019-08-14,-0.003404106126949011,-0.07999999999999985,63.610000000000014,22.1
2019-08-15,-0.003415733658089143,-0.10000000000000009,10.539999999999992,21.18
2019-08-16,-0.0013515341968109579,0.0,-38.540000000000006,18.47
2019-08-19,0.0004507143899258603,0.050000000000000044,39.13000000000001,16.88
2019-08-20,-0.0003605552589988209,-0.030000000000000027,84.44999999999999,17.5
2019-08-21,0.0005407841501778449,0.06000000000000005,49.00000000000003,15.8
2019-08-22,-0.0008112859326306066,0.050000000000000044,-92.23000000000002,16.68
2019-08-23,0.005306483648622989,-0.10000000000000009,82.76999999999998,19.87
2019-08-26,-0.0032345041676591774,0.030000000000000027,-0.8499999999999659,19.32
2019-08-27,-0.0016211838189998662,-0.010000000000000009,-94.48000000000002,20.31
2019-08-28,-0.0009017946323107151,-0.030000000000000027,-40.75,19.35
2019-08-29,-0.00225805090750901,0.030000000000000027,-32.5,17.88
2019-08-30,-0.0063498036284360265,-0.030000000000000027,16.180000000000007,18.98
2019-09-03,-0.00191283020477373,-0.030000000000000027,-20.820000000000007,19.66
2019-09-04,0.0051834790728964575,-0.040000000000000036,-3.5900000000000034,17.33
2019-09-05,0.0011784436843997187,0.1200000000000001,14.549999999999997,16.27
2019-09-06,0.00036231884454349106,-0.020000000000000018,23.939999999999998,15.0
2019-09-09,0.0012670831634610663,0.050000000000000044,-64.66999999999999,15.27
2019-09-10,-0.0012670831634610663,0.08999999999999986,-1.210000000000008,15.2
2019-09-11,-0.0037200061045542104,0.010000000000000009,-6.109999999999992,14.61
2019-09-12,0.006613840643476657,0.040000000000000036,41.809999999999995,14.22
2019-09-13,0.0,0.07000000000000006,2.7900000000000063,13.74
2019-09-16,-0.006159439763208305,-0.050000000000000044,-35.88000000000001,14.67
2019-09-17,0.005165628415206791,-0.020000000000000018,11.940000000000012,14.44
2019-09-18,-0.00018079913265664493,0.050000000000000044,-6.540000000000006,13.95
2019-09-19,-0.0013570364411213953,-0.030000000000000027,112.17999999999999,14.05
2019-09-20,-0.003809528416667679,-0.050000000000000044,-86.47999999999999,15.32
2019-09-23,-0.00118208697556485,-0.010000000000000009,36.18000000000001,14.91
2019-09-24,0.0007276034882163912,-0.07999999999999985,-13.710000000000008,17.05
2019-09-25,-0.004556231683691861,0.07999999999999985,24.02000000000001,15.96
2019-09-26,-0.0010051629667067463,-0.020000000000000018,-84.76000000000002,16.07
2019-09-27,0.00036563071705315864,-0.030000000000000027,41.190000000000005,17.22
2019-09-30,-0.0033871959880418384,0.0,11.739999999999995,16.24
2019-10-01,0.002472868412229129,-0.06999999999999984,-47.92,18.56
2019-10-02,0.00173650822780054,-0.08000000000000007,27.739999999999995,20.56
2019-10-03,0.003645979793141227,-0.09000000000000008,-46.22999999999999,19.12
2019-10-04,-0.001547917449979716,0.010000000000000009,59.16,17.04
2019-10-07,0.0009108298288863781,0.06000000000000005,31.810000000000002,17.86
2019-10-08,-0.003191540574382132,-0.040000000000000036,27.789999999999992,20.28
2019-10-09,0.002645142236409742,0.050000000000000044,-102.77,18.64
2019-10-10,0.0036370289228271208,0.06000000000000005,57.35000000000001,17.57
2019-10-11,0.0019041579856900331,0.09999999999999987,-24.85000000000001,15.58
2019-10-15,-0.00027180068117514666,-0.019999999999999796,-27.03,13.54
2019-10-16,0.003527659576159692,-0.030000000000000027,46.60000000000001,13.68
2019-10-17,0.004863998060088803,0.020000000000000018,42.150000000000006,13.79
2019-10-18,0.0023335138932076976,-0.020000000000000018,-92.75000000000001,14.25
2019-10-21,-0.0008968610466635468,0.040000000000000036,-6.309999999999995,14.0
2019-10-22,-0.0006282816703554461,-0.020000000000000018,-15.490000000000002,14.46
2019-10-23,-0.0017972686361991397,-0.020000000000000018,37.769999999999996,14.01
2019-10-24,-0.001800504627568228,0.0,-23.749999999999993,13.71
2019-10-25,-0.0015329819495209368,0.04999999999999982,11.609999999999992,12.65
2019-10-28,0.001172491678854276,0.010000000000000009,-38.94,13.11
2019-10-29,0.0020710466184351017,0.0,105.19,13.2
2019-10-30,0.0005395683584144412,-0.029999999999999805,-23.00999999999999,12.33
2019-10-31,0.0028727912746034784,-0.09000000000000008,22.169999999999987,13.22
2019-11-01,0.001254255674193766,0.040000000000000036,-98.14999999999999,12.3
2019-11-04,-0.00224084708118491,0.040000000000000036,40.519999999999996,12.83
2019-11-05,-0.006662489756959128,0.029999999999999805,53.74000000000001,13.1
2019-11-06,0.0005418585881698385,-0.019999999999999796,-80.63,12.62
2019-11-07,-0.002802768436634809,0.06999999999999984,19.07,12.73
2019-11-08,-0.0023567813664404913,0.0,59.59,12.07
2019-11-12,-0.00018152114771224914,-0.020000000000000018,-37.860000000000014,12.68
2019-11-13,-0.0011806912955996396,-0.030000000000000027,17.310000000000002,13.0
2019-11-14,0.0010899183640254995,-0.04999999999999982,-53.129999999999995,13.05
2019-11-15,0.0027196100526421796,0.030000000000000027,3.020000000000003,12.05
2019-11-18,0.0029830530595401084,-0.010000000000000009,-36.92,12.46
2019-11-19,-0.00036110860733666594,0.0,13.29,12.86
2019-11-20,-0.0010841088784254022,-0.040000000000000036,13.130000000000003,12.78
2019-11-21,0.0003615002298744119,0.040000000000000036,18.9,13.13
2019-11-22,-0.003439539958638424,0.010000000000000009,18.689999999999998,12.34
2019-11-25,-0.001815047235743772,0.0,-42.69,11.87
2019-11-26,0.00027246719209475523,-0.030000000000000027,-3.6799999999999997,11.54
2019-11-27,-0.0009085128270944348,0.04999999999999982,-0.3100000000000023,11.75
2019-11-29,0.001543981052373633,-0.019999999999999796,85.00999999999999,12.62
2019-12-02,0.005069260425559233,0.0,-36.11,14.91
2019-12-03,0.0012633100398795338,-0.08000000000000007,-16.799999999999997,15.96
2019-12-04,-0.0011730206623634665,0.050000000000000044,-5.099999999999994,14.8
2019-12-05,0.002524798455733404,0.0,-27.320000000000007,14.52
2019-12-06,-0.004693996703278677,0.030000000000000027,97.99,13.62
2019-12-09,0.0013563002214782155,0.019999999999999796,-4.699999999999989,15.86
2019-12-10,0.0020760940796273747,0.020000000000000018,58.97999999999999,15.68
2019-12-11,0.0001803263912559111,-0.039999999999999813,-77.3,14.99
2019-12-12,0.0020714196626282766,0.04999999999999982,-12.039999999999992,13.94
2019-12-13,0.0011689072049819588,-0.04999999999999982,64.61,12.63
2019-12-16,0.0009880092419108227,0.039999999999999813,-84.74000000000001,12.14
2019-12-17,0.0008076457566491696,-0.020000000000000018,61.129999999999995,12.29
2019-12-18,-0.0031445154161923866,0.0,-50.91999999999999,12.58
2019-12-19,0.0013488604176323943,-0.009999999999999787,-19.35000000000001,12.5
2019-12-20,-0.0046838493124264635,0.009999999999999787,70.96,12.51
2019-12-23,0.0013533633138891887,0.010000000000000009,-30.569999999999993,12.61
2019-12-24,-0.0006313416218724915,-0.019999999999999796,-13.829999999999998,12.67
2019-12-26,0.0016226452672375852,0.019999999999999796,9.840000000000003,12.65
2019-12-27,0.006464378768987367,-0.04999999999999982,21.0,13.43
2019-12-30,0.003840833626129303,-0.010000000000000009,-26.61,14.82
2019-12-31,0.0008911068135561556,0.0,4.439999999999998,13.78
2020-01-02,-0.005448144588473702,0.0,33.379999999999995,12.47
2020-01-03,0.0006267066770320878,-0.050000000000000044,-31.03,14.02
2020-01-06,0.0012522362995926323,0.010000000000000009,39.860000000000014,13.85
2020-01-07,-0.004389704697316685,0.0,-43.980000000000004,13.79
2020-01-08,-0.0018872169159989266,0.040000000000000036,-12.829999999999998,13.45
2020-01-09,-0.0009899654320623674,0.0,-19.230000000000004,12.54
2020-01-10,0.0011698539016967713,-0.020000000000000018,2.6599999999999966,12.56
2020-01-13,0.0017073284463645227,0.020000000000000018,50.239999999999995,12.32
2020-01-14,-0.0007185198800233189,0.0,-15.549999999999997,12.39
2020-01-15,0.0026917916657115126,-0.020000000000000018,-10.5,12.42
2020-01-16,-0.0026019484420762296,0.020000000000000018,-10.719999999999999,12.32
2020-01-17,-0.0034197297545662114,0.0,-10.289999999999992,12.1
2020-01-21,0.00027040425600785567,-0.050000000000000044,9.799999999999997,12.85
2020-01-22,-0.000991839944255557,0.0,-10.370000000000005,12.91
2020-01-23,-0.003977226611274809,-0.020000000000000018,-6.519999999999996,12.98
2020-01-24,-0.0013594962895081553,-0.020000000000000018,-22.190000000000005,14.56
2020-01-27,-0.000635064661851828,-0.050000000000000044,-26.229999999999997,18.23
2020-01-28,-0.0009987743146521871,0.010000000000000009,72.43,16.28
2020-01-29,-0.0003634381286597016,-0.030000000000000027,-6.060000000000002,16.39
2020-01-30,0.002541297428672498,-0.010000000000000009,53.43000000000001,15.49
2020-01-31,0.004522029954157333,-0.07999999999999985,-19.85000000000001,18.84
2020-02-03,-0.0018063588726716373,0.030000000000000027,1.9500000000000028,17.97
2020-02-04,-0.0017190685074925244,0.04999999999999982,-12.190000000000012,16.05
2020-02-05,-0.0033561644274267416,0.030000000000000027,-27.019999999999996,15.15
2020-02-06,-0.0024562213849716324,0.0,-3.1899999999999977,14.96
2020-02-07,-0.002644900990085644,-0.030000000000000027,48.52000000000001,15.47
2020-02-10,-0.0031098534164178543,-0.039999999999999813,-18.88000000000001,15.04
2020-02-11,9.160445204041412e-05,0.039999999999999813,41.32000000000001,15.18
2020-02-12,-0.0022008261978239962,0.030000000000000027,-73.45,13.74
2020-02-13,-0.004139649902268616,0.0,2.969999999999999,14.15
2020-02-14,-0.0008299903644268108,-0.020000000000000018,-10.25,13.68
2020-02-18,-0.0022166814285909386,-0.010000000000000009,5.3999999999999915,14.83
2020-02-19,-0.0019436352085710207,0.010000000000000009,-20.909999999999997,14.38
2020-02-20,0.0002778935685524564,-0.030000000000000027,47.230000000000004,15.56
2020-02-21,0.005357485565251646,-0.04999999999999982,2.8900000000000006,17.08
2020-02-24,0.00018422991946009937,-0.08000000000000007,-17.86,25.03
2020-02-25,0.001012658314386114,-0.06000000000000005,59.11,27.85
2020-02-26,0.0017467253349416761,-0.040000000000000036,-50.35000000000001,27.56
2020-02-27,0.008232757806136387,-0.04999999999999982,9.060000000000002,39.16
2020-02-28,0.002184003052119368,-0.2500000000000001,65.89999999999999,40.11
2020-03-02,0.014708137916777067,-0.020000000000000018,-18.919999999999987,33.42
2020-03-03,0.0009848248255566877,-0.13,-20.97999999999999,36.82
2020-03-04,-0.0040349752121790206,-0.039999999999999925,64.64999999999998,31.99
2020-03-05,0.006448168500187174,-0.08000000000000007,-79.17999999999999,39.62
2020-03-06,0.010390395862642385,-0.09999999999999998,14.480000000000004,41.94
2020-03-09,0.008883474577581055,-0.10999999999999999,143.74,54.46
2020-03-10,-0.006853554636027714,0.12,19.879999999999995,47.3
2020-03-11,-0.005481403521923611,0.0,-61.390000000000015,53.9
2020-03-12,-0.017799316115724273,0.0,-47.64999999999998,75.47
2020-03-13,-0.0013545854782704425,-0.010000000000000009,143.77,57.83
2020-03-16,0.0065751193871345925,-0.13,-7.140000000000043,82.69
2020-03-17,-0.015197036027698799,0.10999999999999999,55.210000000000036,75.91
2020-03-18,-0.012658396871923508,0.07000000000000006,76.52999999999997,76.45
2020-03-19,-0.012446751806960754,-0.10000000000000003,59.21999999999997,72.0
2020-03-20,-0.001590197238890964,-0.07,118.84000000000003,66.04
2020-03-23,0.007275472816059822,-0.08999999999999997,-60.569999999999936,61.59
2020-03-24,0.0031548694628125568,0.09999999999999998,23.839999999999918,61.67
2020-03-25,0.003791210791871308,-0.03999999999999998,-146.91999999999996,63.95
2020-03-26,0.01738378634458744,-0.040000000000000036,220.43999999999994,61.0
2020-03-27,0.003079154760313299,-0.04999999999999999,-113.12,65.54
2020-03-30,-0.003714277042698333,-0.01999999999999999,-195.71999999999997,57.08
2020-03-31,-0.0001815376241710437,0.0,155.08999999999997,53.54
2020-04-01,-0.0074715609535461885,0.0,-41.73999999999995,57.06
2020-04-02,-0.0066067408601538785,0.0,263.21,50.91
2020-04-03,-0.006002141847650147,0.0,-197.51999999999998,46.8
2020-04-06,0.0010182828928942816,0.04000000000000001,64.88,45.24
2020-04-07,0.007190959354110585,0.010000000000000009,-137.3,46.7
2020-04-08,-0.002022989195667957,-0.010000000000000009,56.05000000000001,43.35
2020-04-09,0.006148218495358029,-0.04000000000000001,-106.58999999999997,41.67
2020-04-13,-0.002289692807828536,0.01999999999999999,221.26999999999992,41.17
2020-04-14,0.005942331331483988,-0.01999999999999999,-197.48999999999995,37.76
2020-04-15,-0.0056672912197341385,-0.03,14.360000000000014,40.84
2020-04-16,-0.006345140604119462,0.0,49.839999999999975,40.11
2020-04-17,0.003958942702424417,0.0,68.18000000000006,38.15
2020-04-20,-0.0008273199901957934,0.0,44.95999999999992,43.83
2020-04-21,-0.001840943082515839,0.0,-19.529999999999973,45.41
2020-04-22,-0.0023059549949706604,0.01999999999999999,-87.70999999999998,41.98
2020-04-23,-0.0012936612412203508,0.0,-5.8799999999999955,41.38
2020-04-24,-0.0015731276089266805,0.0,56.95999999999998,35.93
2020-04-27,0.0028667888501470312,0.01999999999999999,80.15999999999997,33.29
2020-04-28,0.000646203576606233,-0.03999999999999998,-162.76999999999998,33.57
2020-04-29,0.0015676152410292465,0.0,-40.77999999999997,31.23
2020-04-30,0.007435661008929631,0.0,0.9599999999999795,34.15
2020-05-01,0.005836237612815598,0.0,76.65000000000003,37.19
2020-05-04,-0.007941983412661419,-0.010000000000000009,-67.34000000000003,35.97
2020-05-05,-0.006159523036542519,0.0,358.28,33.61
2020-05-06,-0.003510396214545089,-0.01999999999999999,-308.95,34.12
2020-05-07,0.0008325239831479675,-0.04000000000000001,5.53000000000003,31.44
2020-05-08,0.003599616236191011,0.03,-15.710000000000036,27.98
2020-05-11,-0.003322262191977704,0.010000000000000009,38.83000000000004,27.57
2020-05-12,0.004243157367105038,0.0,-85.21000000000004,33.04
2020-05-13,-0.002488365875482096,-0.010000000000000009,111.06000000000006,35.28
2020-05-14,-0.00342007081068417,0.0,-45.190000000000055,32.61
2020-05-15,0.0014803851704340981,0.0,-133.79999999999995,31.89
2020-05-18,0.00810317509362335,0.01999999999999999,137.39999999999998,29.3
2020-05-19,0.003021841958857102,-0.009999999999999981,-147.95999999999998,30.53
2020-05-20,0.003923899728296029,-0.010000000000000009,57.01999999999998,27.99
2020-05-21,-0.00246204473977521,0.010000000000000009,-59.56999999999999,29.53
2020-05-22,-0.005401212380126794,0.0,57.849999999999966,28.16
2020-05-26,0.006952095325656202,0.009999999999999981,-29.75,28.01
2020-05-27,-9.116185794179332e-05,0.010000000000000009,-34.10999999999996,27.62
2020-05-28,0.009075295974289854,-0.01999999999999999,66.88999999999999,28.59
2020-05-29,0.0034271317814960622,-0.010000000000000009,4.289999999999964,27.51
2020-06-01,0.0014394964249093145,-0.01999999999999999,-199.47999999999996,28.23
2020-06-02,0.00385841027827645,0.03,30.689999999999998,26.84
2020-06-03,0.007139062981841263,0.01999999999999999,29.680000000000007,25.66
2020-06-04,0.0067352257444582425,0.0,-55.93000000000001,25.81
2020-06-05,-0.0022105318696765963,0.03,3.829999999999984,24.52
2020-06-08,-0.00035413900325846626,0.0,83.57,25.81
2020-06-09,0.004858452205071764,-0.01999999999999999,-127.32,27.57
2020-06-10,0.0006166586109168093,-0.03,46.56,27.57
2020-06-11,0.0020234907709338334,0.01999999999999999,79.98000000000002,40.79
2020-06-12,-0.011046906560595648,0.0,-24.74000000000001,36.09
2020-06-15,0.001509568283824994,0.0,7.21999999999997,34.4
2020-06-16,-0.0009765192306915582,0.01999999999999999,19.350000000000023,33.67
2020-06-17,-0.003559039258165836,-0.01999999999999999,28.70999999999998,33.47
2020-06-18,-0.0002674392705933337,0.0,-25.439999999999998,32.94
2020-06-19,-0.002410177466650093,0.0,127.68,35.12
2020-06-22,0.006325469885960111,0.0,-191.08999999999997,31.77
2020-06-23,0.00549111290292402,-0.010000000000000009,49.599999999999966,31.37
2020-06-24,-0.004425961018089175,0.010000000000000009,-84.74999999999997,33.84
2020-06-25,-0.004534751913649784,-0.01999999999999999,1.3199999999999932,32.22
2020-06-26,-0.0005348547105576973,0.0,34.609999999999985,34.73
2020-06-29,0.001959736953593652,-0.010000000000000009,41.25,31.78
2020-06-30,0.0,0.0,-9.20999999999998,30.43
2020-07-01,0.0019559038952281366,0.010000000000000009,37.25,28.62
2020-07-02,-0.0019559038952281366,-0.010000000000000009,-79.92000000000002,27.68
2020-07-06,0.006210098027342861,0.0,139.5,27.94
2020-07-07,-0.0007077767259989903,0.0,-110.58999999999997,29.43
2020-07-08,0.002651583664242438,0.0,40.71999999999997,28.08
2020-07-09,-0.002740090988281263,0.0,-51.839999999999975,29.26
2020-07-10,0.0017686598172617224,0.0,-8.220000000000027,27.29
2020-07-13,0.004056085271609555,0.0,-46.72999999999999,32.19
2020-07-14,0.003689068742405599,-0.01999999999999999,95.73999999999998,29.52
2020-07-15,0.0,0.01999999999999999,44.460000000000036,27.76
2020-07-16,0.0023643778254856807,0.0,-39.03000000000003,28.0
2020-07-17,0.00043723493329153595,-0.01999999999999999,241.34999999999997,25.68
2020-07-20,0.000349650353212716,0.01999999999999999,-124.91999999999996,24.46
2020-07-21,0.004621362368807752,-0.01999999999999999,-6.6200000000000045,24.84
2020-07-22,0.007971621799780476,0.0,-126.5,24.32
2020-07-23,0.003102113646645671,0.01999999999999999,-14.919999999999959,26.08
2020-07-24,0.0010319030926840278,-0.01999999999999999,8.149999999999977,25.84
2020-07-27,0.009835443835912977,0.009999999999999981,231.71000000000004,24.74
2020-07-28,-0.0014478561486812314,-0.009999999999999981,-206.23000000000002,25.44
2020-07-29,0.0031485368306986283,-0.020000000000000018,54.539999999999964,24.1
2020-07-30,0.0017826073223509153,-0.009999999999999995,-62.5,24.76
2020-07-31,0.0026256738076413655,0.0,76.31,24.46
2020-08-03,-0.006108961812009678,0.0,-113.03999999999996,24.28
2020-08-04,0.001360775852096291,0.0,120.28999999999996,23.76
2020-08-05,0.011156302323449607,0.0,-137.33999999999997,22.99
2020-08-06,-0.0035362502119828387,0.0,31.639999999999986,22.65
2020-08-07,-0.006770506567210649,0.020000000000000004,-8.930000000000007,22.21
2020-08-10,-0.0016998134298495116,0.010000000000000009,111.92000000000002,22.13
2020-08-11,0.0006802721350775975,0.01999999999999999,-29.480000000000018,24.03
2020-08-12,0.0027164702612813008,0.0,-156.94,22.28
2020-08-13,0.0018633019704530074,0.0,80.52000000000004,22.13
2020-08-14,0.0012684454789390065,-0.01999999999999999,63.079999999999984,22.05
2020-08-17,0.003037720671946381,0.0,4.75,21.35
2020-08-18,0.004958618388069158,0.0,-8.870000000000005,21.51
2020-08-19,-0.002518258696723452,0.0,-125.5,22.54
2020-08-20,-0.003030305349179113,-0.010000000000000009,34.06999999999999,22.72
2020-08-21,-0.00736137351405336,0.03,35.77999999999997,22.54
2020-08-24,0.00237509654445045,-0.01999999999999999,-99.12999999999997,22.37
2020-08-25,0.0012700564765509292,0.009999999999999981,26.78,22.03
2020-08-26,-0.00042317295709992653,0.010000000000000009,-59.41,23.27
2020-08-27,0.0009307442394629883,0.0,26.340000000000003,24.47
2020-08-28,0.006491065994456868,-0.01999999999999999,115.66999999999996,22.96
2020-08-31,0.004108848177216989,0.0,-127.17999999999998,26.41
2020-09-01,-8.368550990278667e-05,-0.010000000000000009,35.59,26.12
2020-09-02,-0.009163963411757375,0.010000000000000009,33.140000000000015,26.57
2020-09-03,-0.0006759040473608702,-0.010000000000000009,5.689999999999998,33.6
2020-09-04,-0.0010147134305465988,0.010000000000000009,-19.51000000000002,30.75
2020-09-08,-0.002626118667961641,0.0,-15.22999999999999,31.46
2020-09-09,0.0017797368992805151,0.0,0.7599999999999909,28.81
2020-09-10,0.005909683725227849,0.0,8.560000000000002,29.71
2020-09-11,-0.004133108662973034,-0.010000000000000009,18.930000000000007,26.87
2020-09-14,0.0036279305769578996,0.010000000000000009,33.59,25.85
2020-09-15,-0.002360877993710181,0.0,-25.349999999999994,25.59
2020-09-16,-0.0009290148888262406,0.0,-0.6300000000000239,26.04
2020-09-17,-0.0010144560849710271,-0.010000000000000009,4.27000000000001,26.46
2020-09-18,0.002871623594957212,0.010000000000000009,-4.5,25.83
2020-09-21,-0.010172165357946628,0.0,-66.85,27.78
2020-09-22,-0.002901025925357764,-0.010000000000000009,-51.46000000000001,26.86
2020-09-23,-0.002224124099051261,0.010000000000000009,35.360000000000014,28.58
2020-09-24,-0.0009424667621318605,0.0,84.78999999999999,28.51
2020-09-25,-0.004123008761105218,-0.020000000000000018,6.069999999999993,26.38
2020-09-28,0.003608561352005546,0.020000000000000018,-62.53,26.19
2020-09-29,0.004876597763672219,-0.030000000000000013,-4.189999999999998,26.27
2020-09-30,0.0005119454036726645,0.020000000000000004,22.170000000000016,26.37
2020-10-01,0.0024707147818850417,0.010000000000000009,51.72999999999999,26.7
2020-10-02,-0.003921908002546964,-0.010000000000000009,130.79000000000002,27.63
2020-10-05,0.006641148291299831,0.010000000000000009,-116.45000000000005,27.96
2020-10-06,-0.0005092946379500751,0.0,60.44,29.48
2020-10-07,-0.0010193680801146854,0.01999999999999999,92.60000000000002,28.06
2020-10-08,-0.001105489291547218,-0.03,-131.96999999999997,26.36
2020-10-09,0.005599878879386427,0.03,11.789999999999964,25.0
2020-10-13,-0.006962160912116683,0.0,-85.82999999999998,26.07
2020-10-14,0.0015324368740460004,-0.01999999999999999,120.94,26.4
2020-10-15,-0.004604373755212027,0.0,-200.62,26.97
2020-10-16,0.0013664704491976876,0.0,59.28999999999999,27.41
2020-10-19,0.0060412861894298675,0.01999999999999999,48.870000000000005,29.18
2020-10-20,0.00304929933039752,-0.01999999999999999,-15.340000000000003,29.35
2020-10-21,0.003882844415730835,0.0,-75.95999999999998,28.65
2020-10-22,-0.003882844415730835,0.01999999999999999,9.719999999999999,28.11
2020-10-23,0.0016900460334988987,0.01999999999999999,-29.430000000000007,27.55
2020-10-26,-0.002366865010266117,-0.01999999999999999,156.28,32.46
2020-10-27,0.0015221990254236928,0.0,-107.55000000000001,33.35
2020-10-28,-0.007038400902698361,0.0,47.06999999999999,40.28
2020-10-29,-0.007945703728445996,0.0,64.22000000000003,37.59
2020-10-30,-0.0009440035028431271,-0.01999999999999999,-20.930000000000007,38.02
2020-11-02,-0.0011167906319451137,0.01999999999999999,141.5,37.13
2020-11-03,0.007706177360076338,0.010000000000000009,-83.63,35.55
2020-11-04,0.0005116398167380465,-0.03,35.39999999999998,29.57
2020-11-05,0.00671228995376047,0.0,-67.63,27.58
2020-11-06,0.006499284325324373,0.01999999999999999,87.22000000000003,24.86
2020-11-09,-0.006329936314758783,0.010000000000000009,-135.95000000000002,25.75
2020-11-10,-8.467042043922013e-05,0.01999999999999999,-62.31,24.8
2020-11-12,0.0003386386757725235,-0.01999999999999999,-7.780000000000001,25.35
2020-11-13,0.0008460953208023758,0.0,-60.459999999999994,23.1
2020-11-16,0.0016900460334988987,0.01999999999999999,130.45,22.45
2020-11-17,0.00151860317719002,-0.010000000000000009,-57.43000000000001,22.71
2020-11-18,0.0005899456578334072,-0.01999999999999999,-42.0,23.84
2020-11-19,-0.002192983335010279,0.01999999999999999,69.84,23.11
2020-11-20,0.0011814347365755318,-0.01999999999999999,5.549999999999983,23.7
2020-11-23,-0.0026179130772952253,0.0,185.39,22.66
2020-11-24,0.004050638449845462,0.0,-153.07999999999998,21.64
2020-11-25,0.002859307305046327,0.010000000000000009,14.310000000000002,21.25
2020-11-30,0.0033534572003334207,-0.010000000000000009,-120.66999999999999,20.57
2020-12-01,0.00758747959902592,0.010000000000000009,92.04999999999998,20.77
2020-12-02,0.004475392850249116,-0.010000000000000009,-91.5,21.17
2020-12-03,0.004866992490333316,0.0,33.21000000000001,21.28
2020-12-04,-0.0008232485852295301,0.0,25.22,20.79
2020-12-07,-0.0003294892945788497,-0.01999999999999999,54.75999999999999,21.3
2020-12-08,-0.0022268968747498896,0.0,-10.25,20.68
2020-12-09,-0.002562938032244666,0.01999999999999999,-114.86999999999998,22.27
2020-12-10,0.003140758016128453,-0.01999999999999999,111.27000000000001,22.52
2020-12-11,-0.000495253827704295,-0.030000000000000013,-133.74,23.31
2020-12-14,0.0027208657590427343,0.020000000000000004,64.61,24.72
2020-12-15,0.0010698268723950133,-0.020000000000000004,-47.620000000000005,22.89
2020-12-16,0.0013972796421227451,0.020000000000000004,-3.1699999999999875,22.5
2020-12-17,0.006794116094886504,0.0,59.75,21.93
2020-12-18,-0.0017963587748829613,0.0,-49.20000000000002,21.57
2020-12-21,-0.0004904765895759888,0.0,100.12,25.16
2020-12-22,-0.004753717664356366,0.0,-99.23999999999998,24.23
2020-12-23,0.0018057954508997054,0.0,143.51999999999998,23.31
2020-12-28,0.0015569307033271307,0.0,-73.6,21.7
2020-12-29,0.0031882307815773447,-0.010000000000000009,68.89000000000001,23.08
2020-12-30,0.002282733748467519,0.0,82.09999999999997,22.77
2020-12-31,-0.004079973019915334,0.010000000000000009,-61.339999999999975,22.75
2021-01-04,0.0019604646043818175,-0.020000000000000004,-73.82,26.97
2021-01-05,0.003340261364693037,0.020000000000000004,-24.689999999999998,25.34
2021-01-06,-0.00040675209021237557,0.010000000000000009,-68.80000000000001,25.07
2021-01-07,-0.00203624586749096,0.0,-15.519999999999996,22.37
2021-01-08,-0.001060488739923704,0.0,-19.49000000000001,21.56
2021-01-11,-0.006797454615865783,0.0,203.89999999999998,24.08
2021-01-12,-8.217939767127258e-05,0.0,-79.54999999999998,23.33
2021-01-13,-0.0007399186427106408,0.0,-5.5800000000000125,22.21
2021-01-14,-0.0002467612597345237,0.01999999999999999,-65.63,23.25
2021-01-15,-0.004700070495205877,-0.03,-8.009999999999991,24.34
2021-01-19,0.002229103090198109,0.010000000000000009,20.25,23.24
2021-01-21,0.001400964422142964,-0.010000000000000009,110.76999999999998,21.32
2021-01-22,0.0029602850332915986,0.0,-88.94999999999999,21.91
2021-01-25,-0.0033721296913100385,0.0,49.849999999999994,23.19
2021-01-26,0.0007411983044702808,-0.020000000000000004,13.080000000000013,23.02
2021-01-27,-0.0037941319022182785,0.009999999999999995,-3.8000000000000114,37.21
2021-01-28,0.0017338897131778386,0.0,-101.13,30.21
2021-01-29,0.001071855649471487,-0.009999999999999995,98.96000000000001,33.09
2021-02-01,-0.005370804069124546,0.0,-104.92000000000002,30.24
2021-02-02,-0.004151106002378696,0.0,138.71,25.56
2021-02-03,0.0004158868847632946,0.0,-137.1,22.91
2021-02-04,-0.004250183488664461,0.0,-16.289999999999992,21.77
2021-02-05,0.005081438731874971,-0.020000000000000004,-18.16000000000001,20.87
2021-02-08,0.000830564831799302,0.020000000000000004,121.41000000000001,21.24
2021-02-09,0.0050515614026608036,0.0,-148.16000000000003,21.63
2021-02-10,0.002145392356839332,0.0,28.560000000000002,21.99
2021-02-11,-0.00041221815168007714,0.0,8.920000000000002,21.25
2021-02-12,-8.246402511577489e-05,0.0,89.35999999999999,19.97
2021-02-16,-0.0015681099239355512,0.020000000000000004,-61.0,21.46
2021-02-17,-0.005383258683347297,-0.020000000000000004,-65.41,21.5
2021-02-18,0.0029850768434533936,0.0,63.140000000000015,22.49
2021-02-19,0.004790626160521699,0.0,-41.510000000000005,22.05
2021-02-22,0.0015643657218555873,0.0,25.790000000000006,23.45
2021-02-23,-0.001070091059844458,0.0,12.949999999999989,23.11
2021-02-24,8.235536343959016e-05,0.009999999999999995,41.69,21.34
2021-02-25,0.007057308135551055,0.05000000000000002,-62.2,28.89
2021-02-26,-0.011183407404094431,-0.03,98.51,27.95
2021-03-01,-0.0032302177422860734,-0.010000000000000009,34.54000000000002,23.35
2021-03-02,0.002071852562288923,0.0,-135.79000000000002,24.1
2021-03-03,-0.0004968532728909514,0.010000000000000009,-18.560000000000002,26.67
2021-03-04,-0.0023219182834157692,0.0,-26.959999999999994,28.57
2021-03-05,-0.010935456860338894,0.0,154.55,24.66
2021-03-08,-0.005470703371892732,0.03,97.45000000000002,25.47
2021-03-09,0.003033624977554189,0.0,-160.70000000000002,24.03
2021-03-10,0.0012612993053265076,-0.010000000000000009,27.55000000000001,22.56
2021-03-11,0.00653323372478698,-0.01999999999999999,79.91,21.91
2021-03-12,-0.0021730054518091235,0.0,-168.53000000000003,20.69
2021-03-15,-0.002932676281792418,0.0,100.14,20.03
2021-03-16,-0.0018478083537480927,0.009999999999999981,-119.39,19.79
2021-03-17,0.0008403361839049994,-0.01999999999999999,100.42999999999999,19.23
2021-03-18,0.001762410762088218,0.03,-7.869999999999976,21.58
2021-03-19,-0.001426473915055404,0.0,31.639999999999986,20.95
2021-03-22,0.0019294498666432847,-0.010000000000000009,63.70000000000002,18.88
2021-03-23,-0.00504118022747746,0.0,-81.83000000000001,20.3
2021-03-24,-0.0034594811534988668,-0.009999999999999981,-67.29,21.2
2021-03-25,-0.004574728412114398,0.0,15.810000000000016,19.81
2021-03-26,0.0017815487214720982,0.0,-33.06000000000002,18.86
2021-03-29,-0.0016117406042360782,0.0,68.67,20.74
2021-03-30,-0.004680262128001322,0.01999999999999999,-56.5,19.61
2021-03-31,0.001619295534297932,0.0,14.870000000000005,19.4
2021-04-01,0.0024665119882823494,0.010000000000000009,-59.94,17.33
2021-04-05,0.0032227998380446043,0.0,105.50999999999999,17.91
2021-04-06,0.0035499995020478736,-0.010000000000000009,-56.14,18.12
2021-04-07,0.0032010809913716742,0.0,79.98,17.16
2021-04-08,0.0011767673880454521,-0.01999999999999999,-90.37,16.95
2021-04-09,-0.000588210596347033,0.01999999999999999,-0.029999999999986926,16.69
2021-04-12,0.0008401949746491555,0.01999999999999999,-45.44000000000001,16.91
2021-04-13,0.002683889894213115,-0.01999999999999999,43.22,16.65
2021-04-14,0.0029272801399091164,0.0,-47.69,16.99
2021-04-15,-0.0008354917354587987,0.0,46.80000000000001,16.57
2021-04-16,0.0013364519196017166,0.0,-25.080000000000013,16.25
2021-04-19,0.0039986724389794726,0.0,5.150000000000006,17.29
2021-04-20,0.0014123709405518825,-0.010000000000000009,-2.010000000000005,18.68
2021-04-21,-0.0009967606108090554,0.0,10.719999999999999,17.5
2021-04-22,-0.0017467253349416623,0.010000000000000009,-29.89,18.71
2021-04-23,0.004734031514677051,0.0,32.02000000000001,17.33
2021-04-26,0.0011593244094101618,0.01999999999999999,-17.85000000000001,17.64
2021-04-27,-0.00033109842202977413,-0.009999999999999981,80.42999999999999,17.56
2021-04-28,0.0015717420615811717,0.0,-63.11999999999999,17.28
2021-04-29,0.000991407880278461,-0.010000000000000009,51.019999999999996,17.61
2021-04-30,-0.006628027578413381,0.0,-27.489999999999995,18.61
2021-05-03,0.0024077391348678867,0.0,171.44,18.31
2021-05-04,-0.0037386326934857605,0.0,-178.06,19.48
2021-05-05,-0.0009160178847620881,0.0,57.67999999999999,19.15
2021-05-06,0.0038250503979318506,0.0,-34.5,18.39
2021-05-07,0.00958130729434642,-0.01999999999999999,28.02000000000001,16.69
2021-05-10,0.0004109307639499904,0.01999999999999999,-1.6099999999999852,19.66
2021-05-11,-8.217264477278219e-05,0.0,7.089999999999975,21.84
2021-05-12,-0.007837353980428646,0.0,-97.18999999999998,27.59
2021-05-13,-0.00033134526479425275,0.0,15.950000000000003,23.13
2021-05-14,0.005865119452397982,0.0,5.459999999999994,18.81
2021-05-17,0.0011524532062485437,0.0,28.83,19.72
2021-05-18,0.003941215381615709,0.0,-32.53,21.34
2021-05-19,0.0010647447666289056,0.0,51.28,22.18
2021-05-20,0.000736467444604344,-0.010000000000000009,41.53,20.67
2021-05-21,-0.0038519901745533436,0.020000000000000018,-80.28,20.15
2021-05-24,0.0026242429362310637,-0.020000000000000018,74.49000000000001,18.4
2021-05-25,0.0018819299421659608,0.0,-37.83000000000001,18.84
2021-05-26,-0.0023734512103562033,-0.009999999999999981,-73.94,17.36
2021-05-27,-0.0008197393687987553,0.0,-1.4099999999999966,16.74
2021-05-28,0.0,0.0,101.61000000000001,16.76
2021-06-01,0.0038469456077510067,0.01999999999999999,4.569999999999993,17.9
2021-06-02,-0.002290014904423876,-0.03,-93.12,17.48
2021-06-03,-0.0074789746598582785,0.03,26.129999999999995,18.04
2021-06-04,0.004198400898366067,-0.01999999999999999,-41.44,16.42
2021-06-07,0.002215567311751543,0.01999999999999999,43.43000000000001,16.42
2021-06-08,-0.001640689457459904,-0.01999999999999999,-1.6200000000000045,17.07
2021-06-09,0.00032835331110966925,0.01999999999999999,22.039999999999992,17.89
2021-06-10,-0.0009032311654013081,-0.01999999999999999,-8.969999999999999,16.1
2021-06-11,-0.005932290611543906,0.01999999999999999,-25.14,15.65
2021-06-14,0.0020638138336234735,0.0,19.49000000000001,16.39
2021-06-15,-0.0004949270083705049,0.0,-7.859999999999999,17.02
2021-06-16,-8.251165481804046e-05,0.04999999999999999,-4.540000000000006,18.15
2021-06-17,-0.01731212608758642,0.020000000000000018,-10.39,17.75
2021-06-18,-0.003279656473739262,0.03,47.879999999999995,20.7
2021-06-21,0.003111730360834175,0.010000000000000009,31.79000000000002,17.89
2021-06-22,8.396658134995905e-05,-0.020000000000000018,-74.11000000000001,16.66
2021-06-23,0.003352895010310941,0.010000000000000009,-39.72,16.32
2021-06-24,-0.0019265407809876678,0.0,52.760000000000005,15.97
2021-06-25,0.0010893703679239197,0.020000000000000018,-20.16000000000001,15.62
2021-06-28,-0.00016751821799787514,-0.030000000000000027,75.59,15.76
2021-06-29,-0.002768109807632091,0.020000000000000018,-93.96,16.02
2021-06-30,-0.004799402973328287,-0.020000000000000018,59.14,15.83
2021-07-01,0.0007593335104357224,0.0,-50.99000000000001,15.48
2021-07-02,-0.0007593335104357224,-0.010000000000000009,50.43000000000001,15.07
2021-07-06,-0.0027045317364190746,-0.01999999999999999,66.49000000000001,16.44
2021-07-07,-0.0011008087821467727,0.0,-142.35000000000002,16.2
2021-07-08,0.0031298930089276866,-0.03,10.46,19.0
2021-07-09,0.001772077591279092,0.04000000000000001,16.61,16.18
2021-07-12,-0.0002529617619627389,0.0,59.81000000000002,16.17
2021-07-13,-0.003802125318793037,0.03,48.23999999999998,17.12
2021-07-14,0.0010998774322553417,-0.03,-93.66999999999999,16.33
2021-07-15,-0.0016926205801405247,0.0,55.139999999999986,17.01
2021-07-16,0.00033875339077327205,0.01999999999999999,-13.109999999999985,18.45
2021-07-19,-0.0005081731285780933,-0.04000000000000001,-36.72000000000001,22.5
2021-07-20,-0.0023748950941724634,-0.009999999999999981,26.38000000000001,19.73
2021-07-21,0.0019512201312617272,0.01999999999999999,54.81999999999999,17.91
2021-07-22,-0.002375902687438536,-0.01999999999999999,-94.09,17.69
2021-07-23,-0.0008499065614441526,0.01999999999999999,47.56,17.2
2021-07-26,0.004157657340371518,0.0,-13.209999999999994,17.58
2021-07-27,0.0017765750622548149,-0.01999999999999999,7.1000000000000085,19.36
2021-07-28,-0.0018612526523811845,0.0,20.109999999999985,18.31
2021-07-29,0.006499284325324373,0.0,-8.259999999999991,17.7
2021-07-30,-0.0018526321088380981,-0.010000000000000009,-10.960000000000008,18.24
2021-08-02,0.00075830984802433,-0.01999999999999999,-8.86,19.46
2021-08-03,-0.0011798417009970807,0.0,-46.769999999999996,18.04
2021-08-04,-0.0015189876338384256,0.0,-10.420000000000002,17.97
2021-08-05,-0.0002533890802864369,0.03999999999999998,111.61999999999999,17.28
2021-08-06,-0.006525723399633809,0.0,-71.88999999999999,16.15
2021-08-09,-0.0010208422834638575,0.020000000000000018,27.840000000000003,16.72
2021-08-10,-0.002300712531198179,0.009999999999999981,264.90999999999997,16.79
2021-08-11,0.0012788270637494048,-0.009999999999999981,-303.8,16.06
2021-08-12,-8.520427730623892e-05,0.0,-5.679999999999993,15.59
2021-08-13,0.005099450112349219,0.0,11.010000000000005,15.45
2021-08-16,-0.0016969289665093867,-0.020000000000000018,29.78,16.12
2021-08-17,-0.005278854318929882,0.020000000000000018,-17.460000000000008,17.91
2021-08-18,-0.0010249403015462621,0.0,-0.4899999999999949,21.57
2021-08-19,-0.0007693952078628441,-0.010000000000000009,-34.650000000000006,21.67
2021-08-20,-0.00025659667420435683,0.010000000000000009,6.769999999999996,18.56
2021-08-23,0.003586375631227545,0.0,92.61000000000001,17.15
2021-08-24,0.0011926059851231907,0.009999999999999981,-91.19000000000001,17.22
2021-08-25,0.0010211028797353638,-0.009999999999999981,-12.58999999999999,16.79
2021-08-26,0.00025511288883628414,0.01999999999999999,-19.28000000000001,18.84
2021-08-27,0.0028019547094129404,-0.03,14.619999999999997,16.39
2021-08-30,8.478528132596641e-05,-0.01999999999999999,8.230000000000004,16.19
2021-08-31,0.00042381861198065307,0.0,89.02000000000001,16.48
2021-09-01,0.004228336109521225,0.0,-78.03000000000002,16.11
2021-09-02,0.0006748777040356813,0.0,-15.989999999999995,16.41
2021-09-03,0.002190212315185208,0.009999999999999981,15.569999999999993,16.41
2021-09-07,-0.002949481765758155,0.010000000000000009,77.54000000000002,18.14
2021-09-08,-0.0026196829111201636,0.0,-47.20000000000002,17.96
2021-09-09,0.000761260345497089,0.010000000000000009,-61.769999999999996,18.8
2021-09-10,-0.0005074425007400574,0.0,15.329999999999998,20.95
2021-09-13,-0.0010156581490952388,-0.020000000000000018,136.8,19.37
2021-09-14,0.001269411586701269,0.0,-73.26000000000002,19.46
2021-09-15,-0.0011000635761356792,0.0,-28.829999999999984,18.18
2021-09-16,-0.003987279937961691,0.020000000000000018,-62.17000000000001,18.69
2021-09-17,-0.002553410188080363,0.0,38.690000000000005,20.81
2021-09-20,-0.0004262029643000709,0.0,75.86,25.71
2021-09-21,-0.0004263846907219815,-0.010000000000000009,36.77000000000001,24.36
2021-09-22,0.0012786090477389656,0.03,-97.44000000000001,20.87
2021-09-23,-0.0003408025933982206,0.020000000000000018,-19.540000000000006,18.63
2021-09-24,-0.001705757343227865,0.019999999999999962,7.760000000000005,17.75
2021-09-27,-0.001110304593714695,0.020000000000000018,156.64999999999998,18.76
2021-09-28,-0.0017961771924852599,0.0,-117.21,23.25
2021-09-29,-0.0059245440111755365,-0.010000000000000009,-21.67,22.56
2021-09-30,-0.0030186749387921263,-0.019999999999999962,37.900000000000006,23.14
2021-10-01,0.0018122982306574553,-0.010000000000000009,-53.7,21.15
2021-10-04,0.0020671841986649453,0.0,59.2,22.96
2021-10-05,-0.001119194297014986,0.010000000000000009,-50.89,21.3
2021-10-06,-0.0054416027171568515,0.019999999999999962,48.39,21.0
2021-10-07,0.001298308054442615,0.020000000000000018,-44.599999999999994,19.54
2021-10-08,0.000951022420704134,0.0,-4.240000000000009,18.77
2021-10-12,-0.002682474675620994,0.02999999999999997,-6.170000000000002,19.85
2021-10-13,0.00233675297814126,0.020000000000000018,20.60000000000001,18.64
2021-10-14,0.001986269490199033,-0.010000000000000009,-16.78,16.86
2021-10-15,0.00025878801093315307,0.04999999999999999,-29.150000000000006,16.3
2021-10-18,0.0012929364383576503,0.030000000000000027,94.58000000000001,16.31
2021-10-19,0.0019792614352648064,-0.030000000000000027,-85.82000000000001,15.7
2021-10-20,0.0009452202637152962,-0.009999999999999953,-14.100000000000001,15.49
2021-10-21,0.0,0.04999999999999999,9.880000000000003,15.01
2021-10-22,-0.0009452202637152962,0.02999999999999997,32.0,15.43
2021-10-25,-0.0019792614352648064,-0.010000000000000009,0.8900000000000006,15.24
2021-10-26,-0.001638002004238387,0.0,-3.1700000000000017,15.98
2021-10-27,0.0008624407606585283,0.030000000000000027,-35.720000000000006,16.98
2021-10-28,0.007300869878502453,0.0,26.759999999999998,16.53
2021-10-29,-0.011447385840350932,-0.020000000000000018,-13.14,16.26
2021-11-01,0.0033703527561375346,0.020000000000000018,58.81999999999999,16.41
2021-11-02,-0.0008631107043674258,-0.03999999999999998,-25.419999999999987,16.03
2021-11-03,0.0002590114411201161,0.009999999999999953,77.82,15.1
2021-11-04,-0.0032857790046187385,-0.06,-31.769999999999982,15.44
2021-11-05,0.0006926407203318719,-0.019999999999999962,54.72999999999999,16.48
2021-11-08,0.0031109599925865927,0.06,151.85,17.22
2021-11-09,-8.628499940638301e-05,-0.040000000000000036,-213.54,17.78
2021-11-10,-0.006232167665483679,0.10000000000000003,-110.84,18.73
2021-11-12,-0.006446015351192547,0.020000000000000018,163.74,16.29
2021-11-15,-0.001924423267107872,0.0,-94.84,16.49
2021-11-16,-0.007734942317658533,0.010000000000000009,4.4199999999999875,16.37
2021-11-17,-0.0009710881363431123,-0.020000000000000018,2.5600000000000023,17.11
2021-11-18,0.0031746058407724764,0.0,26.920000000000016,17.59
2021-11-19,-0.003527962734908713,0.0,-21.430000000000007,17.91
2021-11-22,-0.005137756008787783,0.10999999999999999,-28.25,19.17
2021-11-23,0.00044395117266357587,-0.030000000000000027,6.519999999999996,19.38
2021-11-24,-0.006144002231000784,0.040000000000000036,32.480000000000004,18.58
2021-11-26,0.009423129554444645,-0.14,-73.15,28.62
2021-11-29,-0.0036342724927630604,0.010000000000000009,45.83,22.96
2021-11-30,0.002306192258600695,0.010000000000000009,13.439999999999998,27.19
2021-12-01,0.0031844343584132573,0.040000000000000036,-8.819999999999993,31.12
2021-12-02,-0.0015024970788034553,0.06999999999999995,-18.019999999999996,27.95
2021-12-03,0.00017688157824483075,-0.030000000000000027,129.17,30.67
2021-12-06,-0.002301904513559494,0.050000000000000044,-129.51999999999998,27.18
2021-12-07,-0.0031071088958997406,0.04999999999999993,31.730000000000004,21.89
2021-12-08,0.007352648618030255,-0.019999999999999907,-27.549999999999997,19.9
2021-12-09,-0.003979664770415892,0.019999999999999907,-34.760000000000005,21.58
2021-12-10,0.002389698884717864,-0.029999999999999916,19.460000000000008,18.69
2021-12-13,-0.0012383902511466371,-0.010000000000000009,135.54,20.31
2021-12-14,-0.0027476197210414,0.010000000000000009,-138.31,21.89
2021-12-15,-0.0005326704671402838,0.019999999999999907,27.64,19.29
2021-12-16,0.0042534401743013345,-0.04999999999999993,48.35000000000001,20.57
2021-12-17,-0.0028336156390393746,0.020000000000000018,-21.22,21.57
2021-12-20,0.0018604656529197239,-0.010000000000000009,-12.210000000000008,22.87
2021-12-21,-0.0023039443066912163,0.04999999999999993,45.44999999999999,21.01
2021-12-22,0.0046025926532741596,-0.019999999999999907,-33.379999999999995,18.63
2021-12-23,-0.00035329447461644736,0.029999999999999916,40.75,17.96
2021-12-27,0.0007947371163147671,0.050000000000000044,7.8700000000000045,17.68
2021-12-28,-0.001324912970387629,-0.020000000000000018,-65.57,17.54
2021-12-29,0.0020308161144976244,0.010000000000000009,-29.659999999999997,16.95
2021-12-30,-0.0016773343151295361,-0.020000000000000018,47.47999999999999,17.33
2022-01-03,-0.0024770005587613636,0.050000000000000044,14.939999999999998,16.6
2022-01-04,0.0005313025893155521,-0.010000000000000009,45.48000000000002,16.91
2022-01-05,0.0034466032086060833,0.05999999999999994,-81.00000000000001,19.73
2022-01-06,-0.0024732810063841787,0.050000000000000044,124.02,19.61
2022-01-07,0.00450033850213262,-0.010000000000000009,-177.69,18.76
2022-01-10,-0.0026448045038767465,0.050000000000000044,62.84,19.4
2022-01-11,0.00308492598450813,-0.020000000000000018,-42.7,18.41
2022-01-12,0.0059665001077692514,0.020000000000000018,14.420000000000002,17.62
2022-01-13,0.0028827274822294524,-0.010000000000000009,-34.69,20.31
2022-01-14,-0.0043710184113544825,0.07999999999999996,16.349999999999994,19.19
2022-01-18,-0.0068571697261370634,0.07000000000000006,3.3700000000000045,22.79
2022-01-19,0.0008817565159962293,-0.020000000000000018,-5.75,23.85
2022-01-20,-0.0008817565159962293,0.040000000000000036,1.6800000000000068,25.59
2022-01-21,0.0008817565159962293,-0.07000000000000006,53.11,28.85
2022-01-24,-0.003177968776346407,-0.020000000000000018,147.44,29.9
2022-01-25,-0.002390121971719991,0.030000000000000027,-82.60000000000002,31.16
2022-01-26,-0.00035457849852942036,0.10999999999999988,-44.099999999999994,31.96
2022-01-27,-0.012310592580600119,0.050000000000000044,18.109999999999985,30.49
2022-01-28,0.001703959875985414,-0.030000000000000027,-35.54999999999998,27.66
2022-01-31,0.004648676349376851,0.030000000000000027,55.47,24.83
2022-02-01,0.0024052392335881245,0.0,-41.28,21.96
2022-02-02,0.005324353690979167,-0.020000000000000018,-42.519999999999996,22.09
2022-02-03,0.011089710553159354,0.030000000000000027,-7.450000000000003,24.35
2022-02-04,0.0026223791251903383,0.1200000000000001,78.00999999999999,23.22
2022-02-07,-0.0018349430636792896,-0.010000000000000009,-74.3,22.86
2022-02-08,-0.0015754926672442715,0.050000000000000044,18.549999999999997,21.44
2022-02-09,0.0016629473002091888,0.010000000000000009,-32.33999999999999,19.96
2022-02-10,0.004537133688522765,0.25,0.8999999999999915,23.91
2022-02-11,-0.007251790112841577,-0.1100000000000001,-16.69999999999999,27.36
2022-02-14,-0.00863061279732652,0.08000000000000007,134.13,28.33
2022-02-15,0.0050289046827730055,0.0,-92.35000000000001,25.7
2022-02-16,0.0015828353638805415,-0.06000000000000005,-35.55,24.29
2022-02-17,-0.0014948343078110826,-0.030000000000000027,33.19,28.11
2022-02-18,-0.003261207773364999,-0.020000000000000018,73.15,27.75
2022-02-22,0.0013233933732597902,0.09000000000000008,0.020000000000010232,28.81
2022-02-23,-0.0022949961525156604,0.020000000000000018,-90.63000000000001,31.02
2022-02-24,-0.014419475471958779,-0.040000000000000036,67.04,30.32
2022-02-25,0.009547250747526687,0.010000000000000009,4.909999999999997,27.59
2022-02-28,-0.0032910859147287364,-0.1100000000000001,5.469999999999999,30.15
2022-03-01,-0.010839000728031192,-0.1299999999999999,20.99000000000001,33.32
2022-03-02,-9.006980415905697e-05,0.18999999999999995,-53.170000000000016,30.74
2022-03-03,-0.004423387939151327,0.030000000000000027,69.94,30.48
2022-03-04,-0.01283878322771205,-0.030000000000000027,14.27000000000001,31.98
2022-03-07,-0.004776786595316787,0.050000000000000044,-54.390000000000015,36.45
2022-03-08,0.001931834463085605,0.07999999999999985,0.36000000000001364,35.13
2022-03-09,0.017130259434611855,0.050000000000000044,-22.47,32.45
2022-03-10,-0.005616974362232213,0.040000000000000036,7.939999999999998,30.23
2022-03-11,-0.006379897688166075,0.030000000000000027,82.43,30.75
2022-03-14,0.003832820899506817,0.1200000000000001,-10.420000000000016,31.77
2022-03-15,-0.0004555186158118618,-0.020000000000000018,-68.20999999999998,29.83
2022-03-16,0.002002731666215618,0.09999999999999987,62.329999999999984,26.67
2022-03-17,0.01031403334853942,-0.010000000000000009,-78.84,25.67
2022-03-18,-0.005958309583630583,0.030000000000000027,33.45000000000002,23.87
2022-03-21,0.0003621220390829655,0.17000000000000015,68.56,23.53
2022-03-22,-0.002356140645947344,0.040000000000000036,-102.30000000000001,22.94
2022-03-23,-0.0019070977037449338,-0.050000000000000266,-20.97,23.57
2022-03-24,0.0004544008802683519,0.0,11.669999999999987,21.67
2022-03-25,-0.0019098728009935145,0.16999999999999993,80.78,20.81
2022-03-28,-0.0007285311313942056,0.050000000000000266,113.09000000000003,19.63
2022-03-29,0.011503229059269385,0.0,-128.17000000000002,18.9
2022-03-30,0.005299334268146452,-0.040000000000000036,-88.74000000000001,19.33
2022-03-31,-0.006290459276072663,-0.03000000000000025,-23.340000000000003,20.56
2022-04-01,-0.004517535691528712,0.16000000000000014,32.44000000000001,19.63
2022-04-04,-0.00462900758500033,-0.009999999999999787,1.3799999999999955,18.57
2022-04-05,-0.006480194264402078,0.07999999999999963,11.219999999999999,21.03
2022-04-06,-0.0007328020846386896,-0.009999999999999787,41.32000000000001,22.1
2022-04-07,-0.0011919498958546243,-0.029999999999999805,2.829999999999984,21.55
2022-04-08,-0.0023881705113692475,0.05999999999999961,-46.3,21.16
2022-04-11,9.195825101886157e-05,-0.029999999999999805,116.51,24.37
2022-04-12,-0.002117182178062449,-0.10999999999999988,-138.13,24.26
2022-04-13,0.0020252239270435873,-0.020000000000000018,-12.689999999999998,21.82
2022-04-14,-0.007198923567970722,0.10000000000000009,51.859999999999985,22.7
2022-04-18,-0.0010194153146384083,-0.010000000000000231,-49.25999999999999,22.17
2022-04-19,0.000370816728083298,0.1499999999999999,183.04999999999998,21.37
2022-04-20,0.006282936680512163,-0.009999999999999787,-181.01,20.32
2022-04-21,-0.0016592924161022427,0.08000000000000007,-6.019999999999996,22.68
2022-04-22,-0.004530961563569677,0.040000000000000036,59.510000000000005,28.21
2022-04-25,-0.008095703267804677,-0.0900000000000003,-21.659999999999997,27.02
2022-04-26,-0.003931853033900479,-0.08999999999999986,3.1599999999999966,33.52
2022-04-27,-0.01056115426866644,0.040000000000000036,-60.67,31.6
2022-04-28,-0.004655811536193939,0.04999999999999982,10.819999999999993,29.99
2022-04-29,0.003517615453912902,0.07000000000000028,45.91000000000001,33.4
2022-05-02,-0.001519612791239848,0.029999999999999805,-26.790000000000006,32.34
2022-05-03,0.0010449818079121057,0.04999999999999982,4.310000000000002,29.25
2022-05-04,0.0006644203177368427,-0.11999999999999966,20.14,25.42
2022-05-05,-0.003040960245161553,0.04999999999999982,-35.86,31.2
2022-05-06,0.006167295035404516,0.010000000000000231,124.58,30.19
2022-05-09,-0.0012304199176653083,-0.11000000000000032,-114.69,34.75
2022-05-10,-0.002655288425917328,0.010000000000000231,37.94,32.99
2022-05-11,0.000569584218930573,0.040000000000000036,-33.730000000000004,32.56
2022-05-12,-0.015397425603247791,-0.10000000000000009,42.709999999999994,31.77
2022-05-13,0.003271435612734609,0.04999999999999982,-4.72999999999999,28.87
2022-05-16,0.0009601536983434508,-0.029999999999999805,-15.629999999999995,27.47
2022-05-17,0.010691205308841989,0.1299999999999999,-23.14,26.1
2022-05-18,-0.003614576369542759,-0.029999999999999805,-3.4000000000000057,30.96
2022-05-19,0.008823168096722553,-0.050000000000000266,59.760000000000005,29.35
2022-05-20,-0.002648256536865297,-0.029999999999999805,27.53,29.43
2022-05-23,0.010270029495390423,0.04999999999999982,-49.349999999999994,28.48
2022-05-24,0.00709885290116867,-0.1499999999999999,0.01999999999998181,29.45
2022-05-25,-0.00803667534634589,-0.020000000000000018,-34.89999999999999,28.37
2022-05-26,0.0062666809394900935,-0.020000000000000018,31.67,27.5
2022-05-27,-0.001492955395342735,0.010000000000000231,12.460000000000008,25.72
2022-05-31,0.0020522395262523863,0.05999999999999961,-72.12,26.19
2022-06-01,-0.007952514194424692,0.13000000000000034,88.75999999999999,25.69
2022-06-02,0.008138872748821635,-0.010000000000000231,-17.53,24.72
2022-06-03,-0.0011186726252845336,0.010000000000000231,19.72,24.79
2022-06-06,-0.002054155717633177,0.06999999999999984,-36.58,25.07
2022-06-07,-0.00018695083247569078,0.020000000000000018,40.38000000000001,24.02
2022-06-08,0.004011760756724811,0.029999999999999805,-57.52000000000001,23.96
2022-06-09,-0.007851975282685261,0.050000000000000266,1.980000000000004,26.09
2022-06-10,-0.012749853971882642,0.22999999999999998,-18.459999999999994,27.75
2022-06-13,-0.0081118925516687,0.33999999999999986,1.7199999999999989,34.02
2022-06-14,-0.001918281808268571,0.050000000000000266,25.25,32.69
2022-06-15,-0.0026917916657115473,-0.25,20.19999999999999,29.62
2022-06-16,0.013671994597958093,-0.06000000000000005,48.72,32.95
2022-06-17,-0.005522771607451481,0.029999999999999805,-81.24999999999999,31.13
2022-06-21,0.0071357517000316464,0.040000000000000036,31.820000000000007,30.19
2022-06-22,0.003312671620547228,-0.1499999999999999,-43.140000000000015,28.95
2022-06-23,-0.00758800947094912,-0.050000000000000266,-0.010000000000005116,29.05
2022-06-24,0.0034217313111613995,0.03000000000000025,14.900000000000006,27.23
2022-06-27,0.005865674339160937,0.040000000000000036,29.08,26.95
2022-06-28,-0.00634021522976317,0.020000000000000018,-10.97999999999999,28.36
2022-06-29,-0.0054257426903695505,-0.040000000000000036,5.3700000000000045,28.16
2022-06-30,-0.0007638690336101081,-0.14000000000000012,23.039999999999992,28.71
2022-07-01,-0.005747692803886574,-0.08000000000000007,19.359999999999985,26.7
2022-07-05,-0.015002943171822335,-0.020000000000000018,-61.139999999999986,27.54
2022-07-06,-0.007930721549897584,0.15000000000000036,-25.070000000000007,26.73
2022-07-07,-0.0013771397022034199,0.05999999999999961,2.1500000000000057,26.08
2022-07-08,0.0018685160572330418,0.0900000000000003,10.659999999999997,24.64
2022-07-11,-0.00888192950402261,-0.050000000000000266,95.97000000000001,26.17
2022-07-12,-0.0018852017291406068,-0.040000000000000036,-73.63000000000001,27.29
2022-07-13,0.001191067138326729,0.10000000000000009,-73.85,26.82
2022-07-14,-0.005271283775757605,0.020000000000000018,150.21,26.4
2022-07-15,0.006064541130195279,-0.020000000000000018,7.740000000000009,24.23
2022-07-18,0.0070127207240936965,0.020000000000000018,-27.830000000000013,25.3
2022-07-19,0.007647845885055703,0.08000000000000007,-5.759999999999991,24.5
2022-07-20,-0.0020532884261048913,0.020000000000000018,-63.85000000000001,23.88
2022-07-21,-0.0019594402271979616,-0.1499999999999999,19.429999999999993,23.11
2022-07-22,0.00274214254677671,-0.1200000000000001,6.060000000000002,23.03
2022-07-25,-0.001370131355464592,0.020000000000000018,-18.19999999999999,23.36
2022-07-26,-0.009347241765682046,0.020000000000000018,-25.939999999999998,24.69
2022-07-27,-0.0007911392817710559,-0.06000000000000005,87.31,23.24
2022-07-28,0.00542648462968166,-0.10999999999999988,-70.99000000000001,22.33
2022-07-29,0.003830105345105434,0.040000000000000036,19.22999999999999,21.33
2022-08-01,0.006643244439731969,0.009999999999999787,11.090000000000003,22.84
2022-08-02,-0.0074277120226167205,0.16000000000000014,-44.66,23.93
2022-08-03,-0.0047197727733518605,0.040000000000000036,19.03,21.95
2022-08-04,0.007364888202441017,-0.07000000000000028,-37.25999999999999,21.44
2022-08-05,-0.005002217286470722,0.2100000000000004,29.0,21.15
2022-08-08,0.003631549360892796,-0.03000000000000025,120.44999999999999,21.29
2022-08-09,0.001859737236446165,0.06999999999999984,-38.829999999999984,21.77
2022-08-10,0.01079619492854032,-0.04999999999999982,-104.75000000000001,19.74
2022-08-11,9.673518749984955e-05,0.0,15.060000000000002,20.2
2022-08-12,-0.007866027448573638,0.020000000000000018,-50.81,19.53
2022-08-15,-0.0069461708628611556,-0.04999999999999982,97.08,19.95
2022-08-16,-0.0011787820618394708,0.04999999999999982,-41.69,19.69
2022-08-17,-0.0009833809426557337,0.029999999999999805,-28.17,19.9
2022-08-18,-0.00493146280012626,-0.05999999999999961,16.900000000000006,19.56
2022-08-19,-0.007443094948401825,0.029999999999999805,5.819999999999993,20.6
2022-08-22,-0.010312982518266548,0.06999999999999984,70.53000000000002,23.8
2022-08-23,0.004017683186612379,-0.029999999999999805,-75.71000000000001,24.11
2022-08-24,-0.0009025723924161663,0.06999999999999984,43.97999999999999,22.82
2022-08-25,-0.0008029710358167098,-0.009999999999999787,-70.91999999999999,21.78
2022-08-26,0.003908408041876146,0.020000000000000018,55.50999999999999,25.56
2022-08-29,0.0002000200026670447,0.04999999999999982,-24.36,26.21
2022-08-30,0.0017983819413793973,0.040000000000000036,-14.289999999999992,26.21
2022-08-31,0.004680584156329676,-0.009999999999999787,43.22999999999999,25.87
2022-09-01,-0.01149150792125336,0.05999999999999961,-50.52999999999999,25.56
2022-09-02,0.008008050803342657,-0.10999999999999988,-10.700000000000003,25.47
2022-09-06,-0.011632702375461958,0.10000000000000009,26.319999999999993,26.91
2022-09-07,0.0028203080740987372,-0.04999999999999982,-3.8900000000000006,24.64
2022-09-08,0.0014071768328647784,0.029999999999999805,-40.04,23.61
2022-09-09,0.008999160822507297,0.08000000000000007,18.410000000000004,22.79
2022-09-12,0.008228051376807119,0.020000000000000018,96.34,23.87
2022-09-13,-0.013117548719616335,0.16999999999999993,-67.02000000000001,27.27
2022-09-14,-0.00040020010539143345,0.029999999999999805,21.38000000000001,26.16
2022-09-15,-0.00020016012877072922,0.0900000000000003,1.8499999999999943,26.27
2022-09-16,0.002199560974784284,-0.020000000000000018,4.719999999999999,26.3
2022-09-19,-0.0009992007226221865,0.10000000000000009,-58.209999999999994,25.76
2022-09-20,-0.000900135081030403,0.009999999999999787,13.519999999999996,27.16
2022-09-21,-0.011472401162236788,0.05999999999999961,-7.730000000000004,27.99
2022-09-22,-0.003955179842928001,0.09000000000000075,68.32,27.35
2022-09-23,-0.012474599395514901,0.08999999999999986,-5.329999999999984,29.92
2022-09-26,-0.009926666147069704,0.0699999999999994,-47.91000000000001,32.26
2022-09-27,-0.0007276885814120546,0.03000000000000025,109.02,32.6
2022-09-28,0.006736823945082647,-0.22999999999999954,-39.19,30.18
2022-09-29,0.009560597110028705,0.08999999999999986,-62.66999999999999,31.84
2022-09-30,0.000920386627328594,0.05999999999999961,99.72,31.62
2022-10-03,0.0026541461068868635,-0.09999999999999964,-46.81,30.1
2022-10-04,0.016982112349191544,-0.020000000000000462,2.759999999999991,29.07
2022-10-05,-0.011187941119823587,0.05000000000000071,4.450000000000017,28.55
2022-10-06,-0.006100059582505004,0.08000000000000007,15.72999999999999,30.52
2022-10-07,-0.0021438423810019452,0.0699999999999994,-29.150000000000006,31.36
2022-10-11,-0.002865624722226595,0.0,16.03,33.63
2022-10-12,-0.006684173171533751,-0.019999999999999574,31.0,33.57
2022-10-13,0.009038681092446703,0.1899999999999995,-17.829999999999984,31.94
2022-10-14,-0.004201041067663766,0.010000000000000675,11.909999999999997,32.02
2022-10-17,0.010622099668012041,-0.03000000000000025,-51.77000000000001,31.37
2022-10-18,-0.00010160020328779315,-0.020000000000000462,-55.81,30.5
2022-10-19,-0.006319458397060482,0.1200000000000001,-2.6899999999999977,30.76
2022-10-20,0.004387090646006543,0.07000000000000028,7.689999999999998,29.98
2022-10-21,0.003252365911951079,-0.1299999999999999,28.99000000000001,29.69
2022-10-24,0.001926099231987631,0.009999999999999787,60.94999999999999,29.85
2022-10-25,0.008571625112831292,-0.08000000000000007,-63.33999999999999,28.46
2022-10-26,0.010885412323566861,-0.03000000000000025,-20.14,27.28
2022-10-27,-0.008278110405290761,-0.08999999999999986,65.97999999999999,27.39
2022-10-28,-0.005120750182619878,0.11000000000000032,53.5,25.75
2022-10-31,-0.004944760062578436,0.09999999999999964,-43.16,25.88
2022-11-01,-0.0014172911868293812,0.03000000000000025,-33.64999999999999,25.81
2022-11-02,0.0004051453514347138,0.07000000000000028,-29.28,25.86
2022-11-03,-0.011816374627861526,0.09999999999999964,42.52999999999999,25.3
2022-11-04,0.013839642895205012,-0.04999999999999982,-18.659999999999997,24.55
2022-11-07,0.010255468930514594,0.05999999999999961,123.45000000000002,24.35
2022-11-08,0.009160673441198459,-0.04999999999999982,-121.92000000000002,25.54
2022-11-09,-0.00516745659457886,-0.05999999999999961,23.0,26.09
2022-11-10,0.013753741766103098,-0.27000000000000046,-27.03,23.53
2022-11-14,0.015697684988581383,0.0600000000000005,95.95000000000002,23.73
2022-11-15,0.003380176090070082,-0.03000000000000025,-120.43,24.54
2022-11-16,0.002215053633558478,-0.020000000000000462,12.739999999999995,24.11
2022-11-17,-0.005208345107138301,0.08000000000000007,-16.61,23.93
2022-11-18,0.0007733204831978924,0.08000000000000007,42.16999999999999,23.12
2022-11-21,-0.010783608650644372,-0.02999999999999936,-11.159999999999982,22.36
2022-11-22,0.003704791212245661,-0.010000000000000675,3.280000000000001,21.29
2022-11-23,0.008527183452226316,-0.009999999999999787,57.86999999999999,20.35
2022-11-25,0.003659832651017214,-0.040000000000000036,5.8799999999999955,20.5
2022-11-28,-0.0015393499287535695,0.040000000000000036,-6.2099999999999795,22.21
2022-11-29,-0.0028926835328358935,0.020000000000000462,-92.53000000000002,21.89
2022-11-30,-0.003191646405838258,-0.10000000000000053,-0.6199999999999903,20.58
2022-12-01,0.016810347346655076,-0.1299999999999999,87.21000000000001,19.84
2022-12-02,0.002188496996042684,0.03000000000000025,-129.08,19.06
2022-12-05,-0.002569594561630653,0.1299999999999999,139.10999999999999,20.75
2022-12-06,0.0002858367891406116,-0.07000000000000028,-81.45999999999998,22.17
2022-12-07,0.0007618322433029928,-0.08000000000000007,45.69,22.68
2022-12-08,0.004464081118049662,0.04999999999999982,-69.56,22.29
2022-12-09,-0.00018955549293794838,0.020000000000000462,32.5,22.83
2022-12-12,-0.0004740459913375322,0.05999999999999961,55.389999999999986,25.0
2022-12-13,0.008028378423118598,-0.16999999999999993,-47.349999999999994,22.55
2022-12-14,0.0023490731967238457,0.010000000000000675,-1.4499999999999886,21.14
2022-12-15,-0.001596769230454445,0.0,-5.950000000000003,22.83
2022-12-16,-0.002635543694234195,-0.0600000000000005,-15.88000000000001,22.62
2022-12-19,0.0013186401081863308,0.08000000000000007,-11.799999999999997,22.42
2022-12-20,0.001034855918122364,0.0,-14.429999999999993,21.48
2022-12-21,-0.0033907916070824926,-0.040000000000000036,74.78999999999999,20.07
2022-12-22,-0.0010383726802631194,0.03000000000000025,-48.94,21.97
2022-12-23,0.0031118889745478107,0.0699999999999994,-14.549999999999997,20.87
2022-12-27,0.003102235155404691,0.010000000000000675,-14.510000000000005,21.65
2022-12-28,-0.0030080864945998542,-0.010000000000000675,16.27000000000001,22.14
2022-12-29,0.004321284319560359,0.03000000000000025,37.78999999999999,21.44
2022-12-30,0.002808201789290629,0.07000000000000028,75.61000000000001,21.67
2023-01-03,-0.013078231284681052,-0.009999999999999787,-81.79,22.9
2023-01-04,0.005760438989415445,-0.040000000000000036,-3.3100000000000023,22.01
2023-01-05,-0.009270712505177324,0.08999999999999986,61.80999999999999,22.46
2023-01-06,0.009176546113093063,-0.20999999999999996,-17.129999999999995,21.13
2023-01-09,0.013097764190063615,-0.04999999999999982,-6.4199999999999875,21.97
2023-01-10,-0.0020468931597736467,0.04999999999999982,233.93999999999997,20.58
2023-01-11,0.00027936862872014745,-0.040000000000000036,-22.859999999999957,21.09
2023-01-12,0.007698410232290717,-0.08000000000000007,-174.42000000000002,18.83
2023-01-13,-0.001109365002375115,0.09999999999999964,-47.22,18.35
2023-01-17,-0.0016663584674250914,-0.040000000000000036,-68.42,19.36
2023-01-18,0.00314523848555201,-0.1200000000000001,236.74,20.34
2023-01-19,-0.0015713826776443257,0.03000000000000025,-204.13000000000002,20.52
2023-01-20,0.0019407612024831544,0.04999999999999982,13.799999999999997,19.85
2023-01-23,0.0031342208547929518,0.07000000000000028,206.27000000000004,19.81
2023-01-24,0.0007360383072193694,-0.08999999999999986,-202.88000000000002,19.2
2023-01-25,0.002571876130609191,-0.009999999999999787,-9.900000000000006,19.08
2023-01-26,-0.003215880016890202,0.05999999999999961,-40.849999999999994,18.73
2023-01-27,-0.000828614879616163,0.020000000000000462,38.36,18.51
2023-01-30,0.0009206408309993669,0.05999999999999961,80.08999999999999,19.94
2023-01-31,-0.0008285385974551168,-0.040000000000000036,-32.78999999999999,19.4
2023-02-01,0.0054190718148729305,-0.1200000000000001,-20.97999999999999,17.87
2023-02-02,9.159606143359367e-05,0.0,-20.220000000000013,18.73
2023-02-03,-0.008554529471012387,0.20999999999999996,-1.1799999999999926,18.33
2023-02-06,-0.009560568483207535,0.14000000000000057,103.22,19.43
2023-02-07,-0.0015867833636999118,0.02999999999999936,-28.689999999999998,18.66
2023-02-08,0.002705351712990897,-0.019999999999999574,-50.71000000000001,19.63
2023-02-09,0.002512213463618254,0.03000000000000025,-10.569999999999993,20.71
2023-02-10,-0.008492421904593317,0.019999999999999574,-29.24000000000001,20.53
2023-02-13,0.004488505758996633,0.019999999999999574,-29.769999999999996,20.34
2023-02-14,0.0003731343326874442,0.08000000000000007,35.68000000000001,18.91
2023-02-15,-0.003644012441595637,0.020000000000000462,94.86999999999999,18.23
2023-02-16,9.360228396405879e-05,0.0,22.569999999999993,20.17
2023-02-17,-0.0005617451697198933,-0.020000000000000462,-125.35,20.02
2023-02-21,-0.001968596839175357,0.07000000000000028,-28.919999999999987,22.87
2023-02-22,-0.0031954914409428117,-0.009999999999999787,71.43,22.29
2023-02-23,-0.0037725216862889432,0.0,48.0,21.14
2023-02-24,-0.003597126180849536,0.1200000000000001,-105.98000000000002,21.67
2023-02-27,0.004824757479085451,0.0,48.27000000000001,20.95
2023-02-28,0.0005660911557910098,0.02999999999999936,-42.24000000000001,20.7
2023-03-01,0.006768215346138633,0.08000000000000007,-9.049999999999997,20.58
2023-03-02,-0.007428686191490508,0.0,79.50000000000001,19.59
2023-03-03,0.00198010530964398,-0.02999999999999936,-68.78000000000002,18.49
2023-03-06,0.007320539496633256,0.02999999999999936,-1.3100000000000023,18.61
2023-03-07,-0.01137925477615035,0.11000000000000032,8.540000000000006,19.59
2023-03-08,-0.0022725130507177185,0.04999999999999982,-25.599999999999994,19.11
2023-03-09,0.002650763646244239,-0.14999999999999947,27.33,22.61
2023-03-10,0.007722773361083887,-0.3000000000000007,68.32000000000001,24.8
2023-03-13,0.0069185017923874825,-0.5699999999999994,59.099999999999994,26.52
2023-03-14,-0.0010254020940412417,0.16999999999999993,19.94999999999999,23.73
2023-03-15,-0.01759465814919358,-0.27,-80.85,26.14
2023-03-16,0.008224274744054995,0.20999999999999952,26.139999999999986,22.99
2023-03-17,0.0023508403322616417,-0.3299999999999996,44.860000000000014,25.51
2023-03-20,0.007019543072876944,0.10999999999999988,-77.85,24.15
2023-03-21,0.004373930941397819,0.25,-55.99000000000001,21.38
2023-03-22,0.0021334825587108475,-0.20999999999999996,112.61000000000001,22.26
2023-03-23,0.00903981803941438,-0.20000000000000018,-25.30000000000001,22.61
2023-03-24,-0.011823525877641128,0.0,-26.28,21.74
2023-03-27,0.0025056855019750662,0.18000000000000016,-21.909999999999997,20.6
2023-03-28,0.0050848350672161036,0.07999999999999963,-24.040000000000006,19.97
2023-03-29,-0.0016612832616329648,0.0600000000000005,9.240000000000009,19.12
2023-03-30,0.006720393532388513,0.019999999999999574,-44.230000000000004,19.02
2023-03-31,-0.002480365058332129,-0.040000000000000036,62.21000000000001,18.7
2023-04-03,0.0017460832447068059,-0.08999999999999941,5.389999999999986,18.55
2023-04-04,0.005494016200072727,-0.13000000000000034,4.150000000000006,19.0
2023-04-05,-0.003017972934056118,-0.04999999999999982,-46.019999999999996,19.08
2023-04-06,0.0008239872290423667,0.029999999999999805,-68.11000000000001,18.4
2023-04-10,-0.007993794577108096,0.18000000000000016,76.25,18.97
2023-04-11,0.006070100492369612,0.03000000000000025,38.72999999999999,19.1
2023-04-12,0.00739965921487408,-0.08000000000000007,-45.56,19.09
2023-04-13,0.006079597692327243,0.009999999999999787,148.23000000000002,17.8
2023-04-14,-0.006716917329686503,0.1200000000000001,-219.85000000000002,17.07
2023-04-17,-0.005937446079477521,0.09999999999999964,13.14,16.95
2023-04-18,0.003931793114316948,0.010000000000000675,135.18,16.83
2023-04-19,-0.00045639177461463676,0.04999999999999982,-57.53,16.46
2023-04-20,0.0015508829455294082,-0.10000000000000053,-30.010000000000005,17.17
2023-04-21,0.0002734357215231631,0.03000000000000025,19.22999999999999,16.77
2023-04-24,0.00490910076787944,-0.04999999999999982,31.36,16.89
2023-04-25,-0.00536486851652819,-0.26000000000000023,-38.31999999999999,18.76
2023-04-26,0.007629464801156796,0.040000000000000036,23.819999999999993,18.84
2023-04-27,-0.003171872703242276,0.17000000000000037,21.939999999999998,17.03
2023-04-28,0.0020855064910215437,-0.03000000000000025,-62.959999999999994,15.78
2023-05-01,-0.006360766561810477,0.09999999999999964,340.97999999999996,16.08
2023-05-02,0.002458234041658458,-0.16999999999999948,-185.46999999999997,17.78
2023-05-03,0.004717417802240623,-0.08000000000000007,-109.64000000000001,18.34
2023-05-04,-0.003626806042771852,-0.14000000000000012,-34.91999999999999,20.09
2023-05-05,0.0015430000792257814,0.16999999999999993,-4.069999999999993,17.19
2023-05-08,-0.000544316442723361,0.08000000000000007,210.40999999999997,16.98
2023-05-09,-0.0060984123831590575,0.009999999999999787,-148.27999999999997,17.71
2023-05-10,0.001186185640247292,-0.10999999999999988,-93.55,16.94
2023-05-11,-0.004569974135764793,-0.009999999999999787,85.71,16.93
2023-05-12,-0.005511680313524017,0.08999999999999986,35.06,17.03
2023-05-15,0.0016566961911609196,0.010000000000000231,-91.18,17.12
2023-05-16,-0.0007359705943975059,0.0699999999999994,-31.959999999999994,17.99
2023-05-17,-0.0033185871164321395,0.0600000000000005,46.400000000000006,16.87
2023-05-18,-0.004998621904836437,0.1200000000000001,97.24999999999999,16.05
2023-05-19,0.003982408597373671,0.040000000000000036,-99.28999999999999,16.81
2023-05-22,-0.0012023122835624067,0.009999999999999787,287.21,17.21
2023-05-23,-0.0032441980532409292,-0.03000000000000025,-241.71999999999997,18.53
2023-05-24,-0.0012076735175821918,0.04999999999999982,144.55,20.03
2023-05-25,-0.00307219903697023,0.1900000000000004,-63.70000000000002,19.14
2023-05-26,-0.0011195075336596777,0.040000000000000036,-17.55000000000001,17.95
2023-05-30,0.0008397481249250299,-0.08000000000000007,-109.19,17.46
2023-05-31,-0.006362296910538731,-0.05999999999999961,153.69000000000003,17.94
2023-06-01,0.009156375285986368,-0.07000000000000028,-156.17000000000002,15.65
2023-06-02,-0.002607563407080793,0.16999999999999993,-12.14,14.6
2023-06-05,-0.00027978549961013566,-0.040000000000000036,36.52999999999999,14.73
2023-06-06,-0.0024280923397338866,0.04999999999999982,-70.38,13.96
2023-06-07,0.0006542973547440656,0.04999999999999982,56.37,13.94
2023-06-08,0.007261925591738244,-0.040000000000000036,-22.17,13.65
2023-06-09,-0.0028798384899247492,0.07000000000000028,-38.69,13.83
2023-06-12,-0.0001860811319101957,-0.040000000000000036,146.24,15.01
2023-06-13,0.00417847304643848,0.1200000000000001,-93.42,14.61
2023-06-14,0.006189110329308786,0.07000000000000028,36.459999999999994,13.88
2023-06-15,0.006791509217584202,-0.1200000000000001,-76.41999999999999,14.5
2023-06-16,-0.0007319974706938154,0.08000000000000007,-14.420000000000002,13.54
2023-06-20,-0.002290951746555775,-0.020000000000000462,156.5,13.88
2023-06-21,0.004667987058523976,0.0,-147.69,13.2
2023-06-22,0.00018261504798737505,0.08999999999999986,7.359999999999999,12.91
2023-06-23,-0.006043974442566477,-0.05999999999999961,1.269999999999996,13.44
2023-06-26,0.002110382945936448,-0.05999999999999961,76.88000000000001,14.25
2023-06-27,0.004663718388606991,0.08999999999999986,-22.940000000000012,13.74
2023-06-28,-0.005213823839354884,-0.03000000000000025,25.030000000000015,13.43
2023-06-29,-0.0021115454253564647,0.16000000000000014,-35.08000000000001,13.54
2023-06-30,0.0035778213478839943,0.0,-21.060000000000002,13.59
2023-07-03,-9.157928482977917e-05,0.07000000000000028,-31.53,13.57
2023-07-05,-0.004681699467827982,0.0,71.96000000000001,14.18
2023-07-06,0.00045996045151106,0.04999999999999982,-96.50999999999999,15.44
2023-07-07,0.008334526424927047,-0.04999999999999982,52.76,14.83
2023-07-10,0.0024595776462238983,-0.09000000000000075,-54.35,15.07
2023-07-11,9.097939323018944e-05,0.03000000000000025,-1.3599999999999994,14.84
2023-07-12,0.011847301129898805,-0.16000000000000014,51.4,13.54
2023-07-13,0.006362883859275498,-0.1299999999999999,-13.269999999999996,13.61
2023-07-14,0.003833984456597453,0.15000000000000036,130.7,13.34
2023-07-17,-8.899568376806444e-05,0.0,-50.70000000000002,13.48
2023-07-18,-0.0011576652078783278,0.0,-51.739999999999995,13.3
2023-07-19,-0.0024979939834007536,0.0,-67.1,13.76
2023-07-20,-0.005373949341387213,0.05999999999999961,223.07,13.99
2023-07-21,-0.0013480118868944707,0.020000000000000462,-179.4,13.6
2023-07-24,-0.0033328860289203593,-0.010000000000000675,24.89,13.91
2023-07-25,-0.0029819748297542498,0.040000000000000036,-67.91,13.86
2023-07-26,0.0025307316471502583,-0.02999999999999936,182.75,13.19
2023-07-27,-0.007247721525289005,0.08999999999999986,-125.17999999999999,14.41
2023-07-28,0.0037210189505916674,-0.040000000000000036,-12.980000000000004,13.33
2023-07-31,-0.0017226533114462206,0.009999999999999787,-1.1599999999999966,13.63
2023-08-01,-0.004456375889414679,0.040000000000000036,70.6,13.93
2023-08-02,-0.00292104269769998,-0.040000000000000036,-30.19999999999999,16.09
2023-08-03,0.0007310609847664407,0.020000000000000462,-59.38,15.92
2023-08-04,0.008097210232619292,-0.1200000000000001,-1.6300000000000026,17.1
2023-08-07,-0.0032673835566689596,-0.020000000000000462,-1.2800000000000011,15.77
2023-08-08,-0.004464496504748547,-0.019999999999999574,-9.409999999999997,15.99
2023-08-09,0.0021891826676129073,0.04999999999999982,27.36,15.96
2023-08-10,0.003728802465118669,0.03000000000000025,-30.509999999999998,15.85
2023-08-11,-0.005370240003097507,0.0699999999999994,123.56,14.84
2023-08-14,-0.0031994176932941265,0.07000000000000028,66.22999999999999,14.82
2023-08-15,0.0005491990984722306,-0.040000000000000036,-183.2,16.46
2023-08-16,-0.00219860843420272,0.04999999999999982,75.22000000000001,16.78
2023-08-17,-0.002755075670502677,-0.02999999999999936,-26.74000000000001,17.89
2023-08-18,9.195825101886157e-05,-0.020000000000000462,-64.88,17.3
2023-08-21,0.0011946883744172326,0.04999999999999982,93.20999999999998,17.13
2023-08-22,-0.0038649169302960307,0.04999999999999982,-77.44999999999999,16.97
2023-08-23,0.001474111193784669,-0.0699999999999994,88.52000000000001,15.98
2023-08-24,-0.003319811237867426,0.03000000000000025,-64.74000000000001,17.2
2023-08-25,-0.0036089429814941537,0.04999999999999982,60.879999999999995,15.68
2023-08-28,0.0021299262578248768,-0.04999999999999982,-67.22,15.08
2023-08-29,0.003785609986953667,-0.11000000000000032,-0.9299999999999926,14.45
2023-08-30,0.006888028335455376,0.03000000000000025,-2.260000000000005,13.88
2023-08-31,-0.007994529139912984,-0.05000000000000071,100.19999999999999,13.57
2023-09-01,-0.004809035440320936,0.020000000000000462,-109.75999999999999,13.09
2023-09-05,-0.005577777777999823,0.07000000000000028,9.009999999999998,14.01
2023-09-06,-0.0012126301565236752,0.0699999999999994,-25.369999999999997,14.45
2023-09-07,-0.0009337940728958438,-0.0699999999999994,54.63999999999999,14.4
2023-09-08,0.00046700603286528586,0.040000000000000036,-58.61,13.84
2023-09-11,0.003262949802198531,-0.010000000000000675,45.13000000000001,13.8
2023-09-12,-0.0016767586602030315,0.010000000000000675,17.529999999999987,14.23
2023-09-13,0.0010250198912650915,-0.020000000000000462,33.2,13.48
2023-09-14,-0.007197301714299997,0.040000000000000036,-21.22,12.82
2023-09-15,0.0012187691941292905,0.019999999999999574,-48.0,13.79
2023-09-18,0.0020591546025410246,0.03000000000000025,0.13000000000000256,14.0
2023-09-19,-0.0010290472866543998,0.03000000000000025,82.9,14.11
2023-09-20,0.0028973336778257835,0.040000000000000036,-63.86,15.14
2023-09-21,-0.004771046049132685,0.0,23.629999999999995,17.54
2023-09-22,-0.00037516413870901377,-0.020000000000000462,-63.69,17.2
2023-09-25,-0.006493834876166435,-0.009999999999999787,-28.11,16.9
2023-09-26,-0.00170100211114272,-0.04999999999999982,128.78,18.94
2023-09-27,-0.00597639686152969,0.05999999999999961,6.569999999999993,18.22
2023-09-28,0.006449187754928552,-0.05999999999999961,-38.14999999999999,17.34
2023-09-29,0.0005670541688663211,-0.009999999999999787,24.190000000000012,17.52
2023-10-02,-0.007968169649176841,0.08999999999999986,-59.05000000000001,17.61
2023-10-03,-0.004486238612907728,0.03000000000000025,23.370000000000005,19.78
2023-10-04,0.006199056616582516,-0.10000000000000053,81.54999999999998,18.58
2023-10-05,0.0008553101020352116,-0.019999999999999574,-133.95999999999998,18.49
2023-10-06,0.006533186140635638,0.04999999999999982,47.46999999999999,17.45
2023-10-10,0.0020741027516564536,-0.1200000000000001,47.81000000000002,17.03
2023-10-11,0.00018834165231301075,0.03000000000000025,49.5,16.09
2023-10-12,-0.006328836124839775,0.0699999999999994,-3.0600000000000023,16.69
2023-10-13,-0.004844464473285487,-0.019999999999999574,-130.95000000000002,19.32
2023-10-16,0.004180925892610453,0.04999999999999982,77.54000000000002,17.21
2023-10-17,0.00444676450608094,0.10000000000000053,-38.500000000000014,17.88
2023-10-18,-0.005775163980296073,0.0,-7.469999999999999,19.22
2023-10-19,0.0036015582480833225,-0.05000000000000071,189.32,21.4
2023-10-20,0.002079199312506108,-0.0699999999999994,7.840000000000032,21.71
2023-10-23,0.005085235555913323,-0.020000000000000462,-136.62,20.37
2023-10-24,-0.004802043030303141,-0.03000000000000025,-71.0,18.97
2023-10-25,-0.0011332516086750496,0.0600000000000005,44.33999999999999,20.19
2023-10-26,-0.004830698477524563,-0.0600000000000005,-86.3,20.68
2023-10-27,0.005680757560589431,-0.02999999999999936,52.260000000000005,21.27
2023-10-30,0.0026400166191405117,0.040000000000000036,73.92,19.75
2023-10-31,-0.004908448593768669,0.040000000000000036,-121.71000000000001,18.14
2023-11-01,-0.002842795432930055,-0.1200000000000001,89.63,16.87
2023-11-02,0.007562902374385713,0.03000000000000025,-73.86999999999999,15.66
2023-11-03,0.010772433337907457,-0.15000000000000036,13.879999999999995,14.91
2023-11-06,0.0013035383596289446,0.09999999999999964,270.86,14.89
2023-11-07,-0.005598596316256574,-0.019999999999999574,-220.29,14.81
2023-11-08,0.0026165793827805928,0.019999999999999574,-3.25,14.45
2023-11-09,-0.000466744465882879,0.10000000000000053,23.370000000000005,15.29
2023-11-13,-0.0009341429917968103,-0.010000000000000675,-26.500000000000014,14.76
2023-11-14,0.014934649830038504,-0.21999999999999975,82.23,14.16
2023-11-15,-0.0007368518340212238,0.10000000000000053,-129.62,14.18
2023-11-16,-0.0001842978258072836,-0.07000000000000028,80.41,14.32
2023-11-17,0.002577083800875138,0.04999999999999982,19.350000000000023,13.8
2023-11-20,0.0060484055358806105,0.009999999999999787,-125.68,13.41
2023-11-21,-0.0020120731134201653,-0.02999999999999936,252.53,13.35
2023-11-22,-0.004771964639542853,0.02999999999999936,-229.48000000000002,12.85
2023-11-24,0.005778507250944184,0.03000000000000025,28.689999999999998,12.46
2023-11-27,0.00027433588028116795,-0.08000000000000007,-5.560000000000002,12.69
2023-11-28,0.006379897688166075,-0.10999999999999943,12.75,12.69
2023-11-29,-0.003458321612057641,-0.09000000000000075,-18.069999999999993,12.98
2023-11-30,-0.005576647445854982,0.09000000000000075,63.959999999999994,12.92
2023-12-01,-0.0027540639825729823,-0.17000000000000082,-109.35,12.63
2023-12-04,-0.004976510132282161,0.08000000000000007,12.82,13.08
2023-12-05,-0.003424185475194935,-0.0699999999999994,276.98,12.85
2023-12-06,0.0002780738767512586,0.02999999999999936,-240.05,12.97
2023-12-07,0.00037064492640771773,-0.019999999999999574,-14.469999999999999,13.06
2023-12-08,-0.004456831889821253,0.1299999999999999,-8.980000000000004,12.35
2023-12-11,9.305355238649338e-05,0.0,52.34,12.63
2023-12-12,0.003993133411027042,0.020000000000000462,-80.06,12.07
2023-12-13,0.00027799657316593396,-0.27000000000000046,58.83,12.19
2023-12-14,0.01872473248558812,-0.08999999999999986,-5.849999999999994,12.48
2023-12-15,-0.008309411824927476,0.07000000000000028,-28.53000000000001,12.28
2023-12-18,0.001282873812889218,-0.010000000000000675,203.35,12.56
2023-12-19,0.005206204388420302,-0.019999999999999574,367.62,12.53
2023-12-20,-0.0018236532819232154,-0.07000000000000028,-562.88,13.67
2023-12-21,0.0030072469922738376,-0.009999999999999787,26.5,13.65
2023-12-22,0.0016365127754578712,-0.020000000000000462,-43.96999999999999,13.03
2023-12-26,0.0024497585177118003,-0.04999999999999982,59.160000000000004,12.99
2023-12-27,0.007133535149029813,-0.05999999999999961,34.53999999999999,12.43
2023-12-28,-0.0036958621417582938,0.05999999999999961,22.870000000000005,12.47
2023-12-29,-0.0009939011434848266,-0.02999999999999936,-61.040000000000006,12.45
2024-01-02,-0.009537290149230201,0.09999999999999964,31.019999999999996,13.2
2024-01-03,-0.004390384807636455,0.0,23.890000000000015,14.04
2024-01-04,0.004390384807636455,0.04999999999999982,-43.610000000000014,14.13
2024-01-05,0.0,0.020000000000000462,-12.36,13.35
2024-01-08,0.0017325495602731888,-0.040000000000000036,47.07000000000001,13.08
2024-01-09,-0.0037424168547982445,0.0,872.8200000000002,12.76
2024-01-10,0.0022836273911384652,0.009999999999999787,-952.7800000000001,12.69
2024-01-11,-0.001552299083563538,-0.11000000000000032,-16.599999999999994,12.44
2024-01-12,0.0014610540449492143,-0.1200000000000001,19.849999999999994,12.7
2024-01-16,-0.007050988417521581,0.08000000000000007,171.54,13.84
2024-01-17,-0.0022079125804742167,0.1200000000000001,-178.43,14.79
2024-01-18,0.00046038396835444695,0.0,51.45,14.13
2024-01-19,0.002206897447429093,0.04999999999999982,25.950000000000017,13.3
2024-01-22,0.0007345514975401479,-0.019999999999999574,28.189999999999998,13.19
2024-01-23,-0.006076247750340769,-0.0600000000000005,-103.93,12.55
2024-01-24,0.006626807499979195,0.03000000000000025,20.299999999999997,13.14
2024-01-25,-0.005888323205363297,-0.05999999999999961,22.64999999999999,13.45
2024-01-26,0.002672443188473095,0.05999999999999961,-29.279999999999987,13.26
2024-01-29,-0.005444575808302779,-0.04999999999999982,127.29,13.6
2024-01-30,0.003417859315390556,0.07000000000000028,-68.31,13.31
2024-01-31,0.0010138716938359604,-0.09000000000000075,-62.510000000000005,14.35
2024-02-01,0.000920810378137904,-0.0699999999999994,16.22999999999999,13.88
2024-02-02,-0.007204908315100983,0.16000000000000014,-42.849999999999994,13.85
2024-02-05,-0.004739125163965921,0.09999999999999964,154.45999999999998,13.67
2024-02-06,0.001396193273764862,-0.07000000000000028,-100.25,13.06
2024-02-07,0.0016728628436529086,0.020000000000000462,69.22,12.83
2024-02-08,0.0004641879115980796,0.04999999999999982,-24.849999999999994,12.79
2024-02-09,0.000742252771135099,0.020000000000000462,-86.11,12.93
2024-02-12,-0.000742252771135099,-0.020000000000000462,147.57,13.93
2024-02-13,-0.005024668615685943,0.17999999999999972,-31.960000000000008,15.85
2024-02-14,0.0013982756880882713,-0.08000000000000007,-96.28999999999999,14.38
2024-02-15,0.0024190558875110124,0.0,-3.9000000000000057,14.01
2024-02-16,0.0007431491284885794,0.08000000000000007,-24.71,14.24
2024-02-20,0.004169954613069182,-0.04999999999999982,91.63,15.42
2024-02-21,0.00036982248942227236,0.04999999999999982,-38.42999999999999,15.34
2024-02-22,-0.0002773540442133071,0.05000000000000071,-41.22999999999999,14.54
2024-02-23,0.001201312347032732,-0.020000000000000462,46.81999999999999,13.75
2024-02-26,0.00249043157820035,0.020000000000000462,50.66000000000001,13.74
2024-02-27,0.00018422991946009937,0.009999999999999787,-50.38000000000001,13.43
2024-02-28,-0.0012903227596702538,-0.0600000000000005,25.799999999999997,13.84
2024-02-29,-0.0033256381690163622,0.0,-37.33,13.4
2024-03-01,0.002310643848890556,-0.09999999999999964,-47.269999999999996,13.11
2024-03-04,0.0027657434427344613,0.07000000000000028,126.72,13.49
2024-03-05,-9.20683147545287e-05,-0.07000000000000028,-87.06,14.46
2024-03-06,0.004776347833053668,0.009999999999999787,9.680000000000007,14.5
2024-03-07,0.002562461363700211,-0.04999999999999982,-51.220000000000006,14.44
2024-03-08,0.0,-0.019999999999999574,-20.050000000000004,14.74
2024-03-11,-0.0011888976662186856,0.02999999999999936,122.4,15.22
2024-03-12,-0.0009154994688682916,0.07000000000000028,-54.370000000000005,13.84
2024-03-13,0.002378557520628724,0.03000000000000025,54.47,13.75
2024-03-14,-0.005130095531029735,0.0699999999999994,-89.47999999999999,14.4
2024-03-15,0.0,0.040000000000000036,111.85,14.41
2024-03-18,-0.00018370533715664217,0.010000000000000675,-41.28999999999999,14.33
2024-03-19,-0.002483330777244816,-0.05000000000000071,-48.280000000000015,13.82
2024-03-20,-0.00027630670219555564,-0.08999999999999986,110.05,13.04
2024-03-21,0.00046046876533112346,0.03000000000000025,-124.41999999999999,12.92
2024-03-22,-0.004059420649746431,-0.03000000000000025,-4.540000000000006,13.06
2024-03-25,0.0018472342927056268,-0.04999999999999982,6.6200000000000045,13.19
2024-03-26,-0.0007384842946158987,0.019999999999999574,5.8700000000000045,13.24
2024-03-27,-0.0007390300567306635,-0.019999999999999574,12.36,12.78
2024-03-28,-0.001849968153174536,0.04999999999999982,-38.59,13.01
2024-04-01,-0.006315614936949876,0.1299999999999999,54.42999999999999,13.65
2024-04-02,0.003348528847356577,-0.019999999999999574,-49.39999999999999,14.61
2024-04-03,0.005371377982017353,-0.020000000000000462,22.679999999999993,14.33
2024-04-04,0.0035035993796317805,-0.02999999999999936,-7.179999999999993,16.35
2024-04-05,-0.0022113710292382266,0.08000000000000007,-13.939999999999998,16.03
2024-04-08,0.001106296784723071,0.04999999999999982,30.959999999999994,15.19
2024-04-09,0.0002763830686901003,-0.040000000000000036,30.64,14.98
2024-04-10,-0.011022202080569393,0.22999999999999954,6.819999999999993,15.8
2024-04-11,-0.0013980150466525038,-0.040000000000000036,-17.939999999999998,14.91
2024-04-12,-0.007019543072876944,-0.04999999999999982,48.0,17.31
2024-04-15,-0.0002818092170263284,0.04999999999999982,-16.379999999999995,19.23
2024-04-16,-0.0015043252178757183,0.040000000000000036,57.0,18.4
2024-04-17,0.0015043252178757183,-0.040000000000000036,-115.14,18.21
2024-04-18,0.0015020656222557785,0.05000000000000071,-16.86,18.0
2024-04-19,-0.000469153187118182,-0.010000000000000675,-3.450000000000003,18.71
2024-04-22,0.0,0.0,-6.029999999999994,16.94
2024-04-23,0.003747076983788497,-0.10999999999999943,-12.840000000000003,15.69
2024-04-24,-0.000748292991609209,0.02999999999999936,52.449999999999996,15.97
2024-04-25,0.0031763853313430956,0.07000000000000028,125.64000000000001,15.37
2024-04-26,-0.003269961338523142,0.0,-157.3,15.03
2024-04-29,0.0028967921952804954,0.009999999999999787,8.879999999999995,14.67
2024-04-30,-0.00308397048314564,0.07000000000000028,31.53,15.65
2024-05-01,-0.0003744617156656166,-0.08000000000000007,-59.62,15.39
2024-05-02,0.0024314984391407,-0.08999999999999986,28.240000000000002,14.68
2024-05-03,0.0059601591971076145,-0.0600000000000005,-24.78,13.49
2024-05-06,0.0008353056311942858,0.010000000000000675,20.840000000000003,13.49
2024-05-07,-0.001113895965911535,0.0,-37.64,13.23
2024-05-08,-0.001115138113886624,0.019999999999999574,-2.990000000000002,13.0
2024-05-09,0.001486574648939823,-0.040000000000000036,15.61,12.69
2024-05-10,0.00018566654342230815,0.07000000000000028,51.54,12.55
2024-05-13,0.002132691243702717,-0.020000000000000462,-66.14,13.6
2024-05-14,0.002035718293477179,-0.040000000000000036,98.25,13.42
2024-05-15,0.0038749010565541503,-0.07999999999999918,-38.78,12.45
2024-05-16,0.0013802624689582543,0.04999999999999982,-41.239999999999995,12.42
2024-05-17,-0.0005518763936978588,0.04999999999999982,-0.8800000000000026,11.99
2024-05-20,-0.0007363092831507989,-0.009999999999999787,38.24,12.15
2024-05-21,-0.0005525879676439721,0.0,-30.270000000000003,11.86
2024-05-22,-0.0017518791074064982,0.040000000000000036,-7.109999999999999,12.29
2024-05-23,-0.0008309098940873783,0.04999999999999982,22.050000000000004,12.77
2024-05-24,0.0023063804679240574,0.019999999999999574,76.04,11.93
2024-05-28,0.0024849306422604217,0.010000000000000675,-96.29,12.92
2024-05-29,-0.006270191128311398,0.019999999999999574,66.07,14.28
2024-05-30,0.0024020706302239625,-0.040000000000000036,-30.239999999999995,14.47
2024-05-31,0.0008301434780106642,-0.03000000000000025,-20.379999999999995,12.92
2024-06-03,0.004048588526000166,-0.0699999999999994,119.54999999999998,13.11
2024-06-04,-0.0011025359440999805,-0.05000000000000071,-124.14999999999999,13.16
2024-06-05,-0.0011957872923761131,-0.04999999999999982,-32.48,12.63
2024-06-06,0.0016553250055316576,0.0,44.830000000000005,12.58
2024-06-07,-0.007007866392896078,0.15000000000000036,-24.560000000000002,12.22
2024-06-10,-0.005195298817937621,0.0,37.08,12.74
2024-06-11,-0.0016756660037036686,-0.0600000000000005,-33.35,12.85
2024-06-12,0.010196602990657652,-0.05999999999999961,40.93,12.04
2024-06-13,-0.008055972083426788,-0.07000000000000028,-6.040000000000006,11.94
2024-06-14,-0.005313459250148575,-0.009999999999999787,-5.289999999999992,12.66
2024-06-17,0.002240688081539058,0.08000000000000007,-23.939999999999998,12.75
2024-06-18,0.0014910076380708903,-0.05999999999999961,7.1299999999999955,12.3
2024-06-20,-0.0028908492179734596,0.009999999999999787,17.83,13.28
2024-06-21,-0.0013082891315663175,0.0,-13.789999999999992,13.2
2024-06-24,0.003081091088752444,0.009999999999999787,23.33999999999999,13.33
2024-06-25,-0.002053005573646058,-0.05999999999999961,-49.709999999999994,12.84
2024-06-26,-0.0021508401240675212,0.05999999999999961,17.11,12.55
2024-06-27,0.0024310437405274526,-0.009999999999999787,22.019999999999996,12.24
2024-06-28,0.0002801251243864933,0.009999999999999787,-32.529999999999994,12.44
2024-07-01,0.0015858951968848317,0.05999999999999961,187.70000000000002,12.22
2024-07-02,0.0008385744726211591,-0.02999999999999936,-202.63,12.03
2024-07-03,0.005757816798624221,-0.03000000000000025,17.369999999999997,12.09
2024-07-05,0.0026818345014319733,-0.11000000000000032,720.13,12.48
2024-07-08,0.0006462632362675552,0.020000000000000462,-669.5,12.37
2024-07-09,-0.0020325210249223097,0.0,-23.72,12.51
2024-07-10,0.0009243853496094245,0.0,97.17,12.85
2024-07-11,0.0043332018201086425,-0.1200000000000001,-153.33,12.92
2024-07-12,0.0029395575089711384,-0.04999999999999982,79.91999999999999,12.46
2024-07-15,0.0009168424590170615,-0.009999999999999787,-9.809999999999988,13.12
2024-07-16,-0.0024774064145954566,-0.010000000000000675,-2.8300000000000125,13.19
2024-07-17,0.0044000437658369,-0.009999999999999787,32.53,14.48
2024-07-18,-0.001830999321394966,0.040000000000000036,247.45999999999998,15.93
2024-07-19,-0.0022934737817877776,0.03000000000000025,-288.08,16.52
2024-07-22,-0.0007350239213683024,0.009999999999999787,-10.0,14.91
2024-07-23,-0.00230043809754156,-0.09999999999999964,62.95,14.72
2024-07-24,-0.00018426386637725167,-0.03000000000000025,-62.540000000000006,18.04
2024-07-25,0.0007368518340212238,0.040000000000000036,-39.46,18.46
2024-07-26,-0.00018416206313556782,-0.04999999999999982,28.410000000000004,16.39
2024-07-29,-0.003690381529327047,0.0,-1.8900000000000006,16.6
2024-07-30,-0.0009247272713705929,-0.010000000000000675,7.219999999999999,17.69
2024-07-31,0.0012943788789435556,-0.05999999999999961,-20.410000000000004,16.36
2024-08-01,-0.003146402743806384,-0.1299999999999999,7.939999999999998,18.59
2024-08-02,0.011519272194837116,-0.28000000000000025,36.71,23.39
2024-08-05,0.003932152659216009,0.010000000000000231,52.44999999999999,38.57
2024-08-06,-0.0028332514497302203,0.10000000000000009,57.71000000000001,27.71
2024-08-07,-9.152899187205021e-05,0.009999999999999787,-154.51999999999998,27.85
2024-08-08,-0.001007372217613739,0.040000000000000036,-34.68,23.79
2024-08-09,0.001007372217613739,0.009999999999999787,104.05000000000001,20.37
2024-08-12,0.00027456184678037454,-0.040000000000000036,-46.260000000000005,20.71
2024-08-13,0.002376383533095272,-0.07999999999999963,11.920000000000002,18.12
2024-08-14,0.006370027909773285,0.009999999999999787,32.120000000000005,16.19
2024-08-15,-0.00345297935087413,0.14000000000000012,100.64999999999999,15.23
2024-08-16,0.0009098353825705285,-0.020000000000000462,-26.169999999999987,14.8
2024-08-19,0.006707176417546298,0.0,-106.42,14.65
2024-08-20,0.003246756098869985,-0.0699999999999994,-34.220000000000006,15.88
2024-08-21,0.0033259952455014508,-0.07000000000000028,62.49,16.27
2024-08-22,-0.0026059232071874716,0.07000000000000028,-29.67,17.55
2024-08-23,0.005563047096931159,-0.0900000000000003,-17.540000000000006,15.86
2024-08-26,-0.0010743062805848302,0.010000000000000231,-5.869999999999997,16.15
2024-08-27,-0.0003583587209108202,-0.08000000000000007,-28.019999999999996,15.43
2024-08-28,-0.0029613697776015163,0.0,28.380000000000003,17.11
2024-08-29,-0.003691536177950483,0.040000000000000036,28.189999999999998,15.65
2024-08-30,-0.0023480549034241432,0.040000000000000036,-31.39,15.0
2024-09-03,-0.0015382530291950108,-0.03000000000000025,9.989999999999995,20.72
2024-09-04,0.003435186889194655,-0.1200000000000001,21.86,21.32
2024-09-05,0.0013527530583419128,-0.009999999999999787,-37.91,19.9
2024-09-06,-0.000901632014917414,-0.08999999999999986,48.18000000000001,22.38
2024-09-09,-0.003976867135760037,0.020000000000000018,-47.440000000000005,19.45
2024-09-10,-0.0015407625289432098,-0.0900000000000003,62.4,19.08
2024-09-11,-0.0011798340525488865,0.03000000000000025,-79.96000000000001,17.69
2024-09-12,0.0026300291766391815,0.020000000000000018,20.46,17.07
2024-09-13,0.003977226611274809,-0.07000000000000028,34.39,16.56
2024-09-16,0.003422193541617463,-0.009999999999999787,-33.76,17.14
2024-09-17,-0.00044962007861465425,0.029999999999999805,51.419999999999995,17.61
2024-09-18,-0.00017990465102042663,0.020000000000000018,41.56000000000002,18.23
2024-09-19,0.00278489152722923,-0.020000000000000018,-26.01000000000002,16.33
2024-09-20,0.0010759437960776302,-0.040000000000000036,-59.69999999999999,16.15
2024-09-23,-0.002602181916110613,0.020000000000000018,7.199999999999989,15.89
2024-09-24,0.001795332618674303,-0.07999999999999963,-1.1299999999999955,15.39
2024-09-25,-0.0006279998412108273,0.03999999999999959,31.439999999999998,15.41
2024-09-26,0.003672687426537563,0.07000000000000028,-21.799999999999997,15.37
2024-09-27,-0.0022378382878904257,-0.050000000000000266,8.400000000000006,16.96
2024-09-30,-0.001255380365731848,0.11000000000000032,25.75999999999999,16.73
2024-10-01,-0.007023259555183944,-0.050000000000000266,-57.41,19.26
2024-10-02,-0.0015372793188864753,0.020000000000000018,74.74,18.9
2024-10-03,-0.0031724477094554338,0.07000000000000028,-56.91999999999999,20.49
2024-10-04,-0.004914462020719962,0.22999999999999998,-2.1200000000000045,19.21
2024-10-07,0.0013675527499429213,0.06000000000000005,-26.200000000000003,22.64
2024-10-08,-0.0005467966963904752,-0.010000000000000231,78.71000000000001,21.42
2024-10-09,-0.0017334979935167832,0.010000000000000231,-55.49000000000001,20.86
2024-10-10,-0.002377035311968201,-0.010000000000000231,25.120000000000005,20.93
2024-10-11,0.0015548546599803703,-0.029999999999999805,150.39,20.46
2024-10-15,-0.003937553734459573,0.0,-106.65,20.64
2024-10-16,-0.0023883898915623147,-0.020000000000000018,-60.72999999999999,19.58
2024-10-17,-0.003316447074754106,0.029999999999999805,35.11999999999999,19.11
2024-10-18,0.0015674707003547617,-0.009999999999999787,-44.67999999999999,18.03
2024-10-21,-0.003137402222877478,0.0699999999999994,213.68,18.37
2024-10-22,-0.001387283459486216,0.010000000000000675,-167.78000000000003,18.2
2024-10-23,-0.002409193159357878,0.040000000000000036,-17.42,19.24
2024-10-24,0.0025017386223825933,0.0,-31.25999999999999,19.08
2024-10-25,0.000647578541525945,0.040000000000000036,16.310000000000002,20.33
2024-10-28,0.0005547337420364618,0.009999999999999787,-7.990000000000009,19.8
2024-10-29,-0.0019429159093411197,-0.009999999999999787,13.320000000000007,19.34
2024-10-30,0.006093639020245026,0.040000000000000036,-18.52000000000001,20.35
2024-10-31,-0.0008287674860852634,0.009999999999999787,37.18000000000001,23.16
2024-11-01,-0.0006450721322153324,0.04999999999999982,8.650000000000006,21.88
2024-11-04,0.0033130897229601414,-0.040000000000000036,115.52,21.98
2024-11-05,0.0033021493957591658,0.020000000000000462,80.68,20.49
2024-11-06,-0.017366037753381414,0.07999999999999918,-169.92000000000002,16.27
2024-11-07,0.005575186342077057,-0.05999999999999961,180.95,15.2
2024-11-08,-0.00762723444579734,0.04999999999999982,-15.109999999999957,14.94
2024-11-12,-0.01051258038908695,0.08000000000000007,-83.06000000000003,14.71
2024-11-13,-0.002929366611676705,-0.07000000000000028,-54.94999999999999,14.02
2024-11-14,-0.00047328317415226,0.07000000000000028,-34.670000000000016,14.31
2024-11-15,-0.0009472388697280495,-0.03000000000000025,132.69000000000003,16.14
2024-11-18,0.0032169580207824025,-0.019999999999999574,194.8,15.58
2024-11-19,-0.0007560007920075495,-0.020000000000000462,-249.17000000000002,16.35
2024-11-20,-0.005403112817637466,0.040000000000000036,-32.24000000000001,17.16
2024-11-21,-0.0043817940179492615,0.03000000000000025,38.099999999999994,16.87
2024-11-22,-0.007281818130105755,0.03000000000000025,-84.53999999999999,15.24
2024-11-25,0.007568173307932274,-0.16000000000000014,-47.620000000000005,14.6
2024-11-26,0.00028627320201228545,0.0,62.400000000000006,14.1
2024-11-27,0.008928630744301447,-0.019999999999999574,-18.01000000000002,14.1
2024-11-29,-0.002651265637864622,-0.0600000000000005,42.670000000000016,13.51
2024-12-02,-0.005991173833317244,0.040000000000000036,-96.13,13.34
2024-12-03,0.0032377897059926095,0.0,13.509999999999991,13.3
2024-12-04,0.0008553101020352116,-0.040000000000000036,85.72,13.45
2024-12-05,0.004171017517338192,0.020000000000000462,-80.52,13.54
2024-12-06,-0.0007570739455007511,-0.05000000000000071,293.3,12.77
2024-12-09,0.0006624710411210419,0.03000000000000025,-156.89,14.19
2024-12-10,-0.005502338139891594,0.020000000000000462,-15.410000000000025,14.18
2024-12-11,-0.00038058991896122024,0.0,1.3300000000000125,13.58
2024-12-12,0.0005708305739628092,0.02999999999999936,-94.28,13.92
2024-12-13,-0.0015229395671481072,0.07000000000000028,16.24000000000001,13.81
2024-12-16,0.0013326989121465183,0.0,147.25,14.69
2024-12-17,-0.0005709392104848374,0.0,-201.99,15.87
2024-12-18,-0.0035280131945519405,0.09999999999999964,165.05,27.62
2024-12-19,-0.01075588973047599,-0.02999999999999936,-80.28,24.09
2024-12-20,0.007023649405939164,-0.020000000000000462,9.090000000000003,18.36
2024-12-23,-0.0020154524793497483,0.0,-41.78,16.78
2024-12-24,-0.0020195227328293,-0.009999999999999787,113.16,14.27
2024-12-26,0.0033636089566832783,0.009999999999999787,-134.02,14.73
2024-12-27,0.0,0.009999999999999787,-13.849999999999994,15.95
2024-12-30,-0.003556157335058069,-0.0699999999999994,34.06,17.4
2024-12-31,-0.003375612020514132,0.009999999999999787,-28.930000000000007,17.35
2025-01-02,-0.008732832521540931,0.0,79.46000000000001,17.93
2025-01-03,0.003016593539425523,0.03000000000000025,-21.49000000000001,16.13
2025-01-06,0.01015040857633559,0.0,54.900000000000006,16.04
2025-01-07,-0.002696717419692178,0.019999999999999574,38.629999999999995,17.82
2025-01-08,-0.005415350242208995,-0.019999999999999574,-48.93000000000001,17.7
2025-01-09,-0.0014555337099823838,-0.010000000000000675,18.700000000000017,18.07
2025-01-10,-0.005843413588558114,0.13000000000000078,-82.95000000000002,19.54
2025-01-13,-0.002836603848513263,0.0,31.840000000000003,19.19
2025-01-14,0.008097210232619344,-0.03000000000000025,5.800000000000011,18.71
2025-01-15,-0.0009721007861847146,-0.10000000000000053,-74.68,16.12
2025-01-16,0.0020403213296180597,-0.03999999999999915,23.960000000000008,16.6
2025-01-17,-0.0015541528140380415,0.03999999999999915,38.94999999999999,15.97
2025-01-21,0.013133940608292306,0.020000000000000462,51.74000000000001,15.06
2025-01-22,-0.00028786643196434397,0.0,-103.60000000000001,15.1
2025-01-23,0.0,0.0,54.750000000000014,15.02
2025-01-24,0.009075772829442302,-0.020000000000000462,12.639999999999986,14.85
2025-01-27,-0.002189747150036045,-0.09999999999999964,-29.74000000000001,17.9
2025-01-28,-0.0062144661971711215,0.020000000000000462,103.27000000000001,16.41
2025-01-29,-0.001055510341242523,0.019999999999999574,79.57999999999998,16.56
2025-01-30,0.000383950859007387,-0.03000000000000025,-48.75999999999999,15.84
2025-01-31,-0.0019212301778938831,0.040000000000000036,202.26999999999998,16.43
2025-02-03,-0.011897417504390918,0.040000000000000036,-168.61999999999995,18.62
2025-02-04,0.009876145340215893,-0.04999999999999982,66.19,17.21
2025-02-05,0.0038465284468947175,-0.040000000000000036,-167.16000000000003,15.77
2025-02-06,-0.004906922820127883,0.040000000000000036,146.26,15.5
2025-02-07,-0.003768666585422492,0.08000000000000007,-39.56,16.54
2025-02-10,-0.0016472073876101674,-0.009999999999999787,-42.55000000000001,15.81
2025-02-11,0.003291705944437142,0.009999999999999787,-59.45999999999998,16.02
2025-02-12,0.004436307786975013,0.07000000000000028,54.39999999999998,15.89
2025-02-13,0.003458216702956929,-0.05000000000000071,-48.589999999999975,15.1
2025-02-14,0.006690266758852849,-0.04999999999999982,61.22000000000003,14.77
2025-02-18,-0.003913152213656318,0.03000000000000025,-17.55000000000001,15.35
2025-02-19,-0.004889047748340036,-0.009999999999999787,61.129999999999995,15.27
2025-02-20,0.006608902940089777,0.0,26.430000000000007,15.66
2025-02-21,-0.0019111329276045308,-0.08999999999999986,7.699999999999989,18.21
2025-02-24,0.0021974881054310502,-0.0600000000000005,-19.720000000000027,18.98
2025-02-25,0.0019069418440800581,-0.05999999999999961,-123.75999999999999,19.43
2025-02-26,0.0015229395671481072,-0.020000000000000462,43.03000000000003,19.1
2025-02-27,-0.009556647656548768,0.020000000000000462,13.370000000000005,21.13
2025-02-28,-0.0011529593898266938,-0.08000000000000007,56.68000000000001,19.63
2025-03-03,0.00899613685085257,-0.03000000000000025,84.52999999999997,22.78
2025-03-04,0.003613888859464183,0.0,17.779999999999973,23.51
2025-03-05,0.02197065184117447,0.03000000000000025,-56.22999999999996,21.93
2025-03-06,0.00463264054686334,-0.03000000000000025,334.96,24.87
2025-03-07,0.003782815785528179,0.03000000000000025,-169.55999999999995,23.37
2025-03-10,-0.0020280242939052368,-0.10000000000000009,-152.92000000000007,27.86
2025-03-11,0.008270585647750073,0.04999999999999982,300.25,26.92
2025-03-12,-0.0001830496069544496,0.06999999999999984,-270.53,24.23
2025-03-13,-0.006059511746890386,-0.06999999999999984,29.860000000000014,24.66
2025-03-14,0.0011964476140790548,0.07999999999999963,-20.900000000000034,21.77
2025-03-17,0.004588426881119476,0.040000000000000036,207.07,20.51
2025-03-18,0.00045768685864630565,-0.019999999999999574,-35.289999999999964,21.7
2025-03-19,-0.004586322476895208,-0.04999999999999982,-48.789999999999964,19.9
2025-03-20,-0.002669736913673365,-0.040000000000000036,-106.79000000000002,19.8
2025-03-21,-0.003879195776165717,-0.010000000000000231,-68.31,19.28
2025-03-24,-0.0011111112254230532,0.10000000000000009,108.48999999999995,17.48
2025-03-25,0.0009260117339181806,-0.08000000000000007,-25.859999999999957,17.15
2025-03-26,-0.0021311103733882286,0.020000000000000018,-156.49,18.33
2025-03-27,0.0017608085731931483,-0.009999999999999787,-3.3799999999999955,18.69
2025-03-28,0.002404514244612077,-0.08000000000000007,49.329999999999984,21.65
2025-03-31,-0.0027749532190280285,0.0,63.72000000000003,22.28
2025-04-01,0.0003704389744159514,-0.020000000000000018,216.32,21.77
2025-04-02,0.006276557433927216,0.040000000000000036,-196.88,21.51
2025-04-03,0.01678871549706877,-0.20000000000000018,-6.670000000000016,30.02
2025-04-04,-0.0034442162208803695,-0.029999999999999805,111.51000000000005,45.31
2025-04-07,-0.009304089739183452,0.04999999999999982,24.529999999999973,46.98
2025-04-08,0.0,-0.020000000000000018,-8.980000000000018,52.33
2025-04-09,0.01166193974784309,0.20000000000000018,24.090000000000032,33.62
2025-04-10,0.0136741965142307,-0.07000000000000028,33.44999999999993,40.72
2025-04-11,0.011813434005917736,0.1200000000000001,210.27999999999997,37.56
2025-04-14,0.002909670086142957,-0.1200000000000001,-338.15999999999997,30.89
2025-04-15,-0.006004963293670076,0.0,-123.70999999999998,30.12
2025-04-16,0.008115782019361598,-0.06999999999999984,133.85000000000002,32.64
2025-04-17,-0.0015826961889906788,0.040000000000000036,2.2199999999999704,29.65
2025-04-21,0.01259198169735995,-0.06000000000000005,-100.06,33.82
2025-04-22,-0.0036563112031104683,0.009999999999999787,31.090000000000032,30.57
2025-04-23,-0.010168390558779355,0.050000000000000266,-101.22000000000003,28.45
2025-04-24,0.0011447190084604153,-0.040000000000000036,82.07999999999998,26.47
2025-04-25,0.0015828353638805415,-0.029999999999999805,96.00999999999999,24.84
2025-04-28,0.0005270555287153478,-0.07000000000000028,271.88,25.15
2025-04-29,0.0007900628071938198,-0.020000000000000018,-212.52999999999997,24.17
2025-04-30,-0.004132782316659922,-0.04999999999999982,-142.15999999999997,24.7
2025-05-01,-0.0061870446612222185,0.10000000000000009,457.72,24.6
2025-05-02,0.004511485382135277,0.1299999999999999,-298.47,22.68
2025-05-05,-0.0013247959544143012,0.0,-245.71000000000004,23.64
2025-05-06,0.00264783914630444,-0.050000000000000266,207.18000000000006,24.76
2025-05-07,0.0002643987147998572,0.0,-125.65000000000003,23.55
2025-05-08,-0.008762281135916095,0.1200000000000001,139.65000000000003,22.48
2025-05-09,0.001865092240996083,-0.020000000000000018,-32.110000000000014,21.9
2025-05-12,-0.014658825232269454,0.10000000000000009,131.51999999999998,18.39
2025-05-13,0.006283119135245138,0.03999999999999959,-154.27999999999997,18.22
2025-05-14,0.0026807271884321943,0.03000000000000025,263.81999999999994,18.62
2025-05-15,-0.0015181963175086993,-0.08999999999999986,-307.77,17.83
2025-05-16,-0.0042991557484045595,0.020000000000000018,47.559999999999945,17.24
2025-05-19,0.008490912164817621,-0.009999999999999787,-125.97999999999996,18.14
2025-05-20,0.0016007117690900186,0.0,18.120000000000005,18.09
2025-05-21,0.007877192565818383,0.029999999999999805,-89.21999999999997,20.87
2025-05-22,-0.005480918954122227,0.0,-35.79000000000002,20.28
2025-05-23,0.006097849304628339,0.0,45.05000000000001,22.29
2025-05-27,-0.0021167762357983955,-0.08000000000000007,80.83999999999997,18.96
2025-05-28,-0.003537948144664918,0.040000000000000036,-127.28999999999996,19.31
2025-05-29,0.0074152882154962935,-0.040000000000000036,57.75,19.18
2025-05-30,-0.0020249159535922767,-0.029999999999999805,173.95999999999998,18.57
2025-06-02,0.007463048818713874,0.04999999999999982,-68.97000000000003,18.36
2025-06-03,-0.005174315425258813,0.020000000000000018,30.720000000000027,17.69
2025-06-04,0.004474280394921176,-0.08999999999999986,-55.329999999999984,17.61
2025-06-05,0.0013995803544231133,0.04999999999999982,-79.62,18.48
2025-06-06,-0.003765823078053593,0.1200000000000001,11.139999999999986,16.77
2025-06-09,0.0024537739066703146,-0.03000000000000025,-23.069999999999993,17.16
2025-06-10,-0.00017507002845834618,0.0,-55.24000000000001,16.95
2025-06-11,0.005848225108854216,-0.06999999999999984,8.28000000000003,17.26
2025-06-12,0.0076296537961484945,-0.040000000000000036,202.73999999999995,18.02
2025-06-13,-0.0018154316635086154,0.06000000000000005,-214.59999999999997,20.82
2025-06-16,0.0020745102089363143,0.010000000000000231,70.56,19.11
2025-06-17,-0.0039799325765235705,-0.03000000000000025,105.11000000000001,21.6
2025-06-18,-0.0012144345698005266,0.0,31.559999999999945,20.14
2025-06-20,-8.680178817133122e-05,-0.040000000000000036,-150.95,20.62
2025-06-23,0.001561280566952511,-0.06000000000000005,-96.63,19.83
2025-06-24,0.006048579747189142,-0.08999999999999986,96.49000000000001,17.48
2025-06-25,0.0010332358418783383,-0.009999999999999787,16.470000000000027,16.76
2025-06-26,0.008313027262253386,-0.040000000000000036,-102.80000000000001,16.59
2025-06-27,0.0005972441626276026,0.029999999999999805,65.20999999999998,16.32
2025-06-30,0.003915898423539316,-0.009999999999999787,206.37,16.73
2025-07-01,0.0005096407143350135,0.05999999999999961,-66.57999999999998,16.83
2025-07-02,0.0011881525627591982,0.0,-68.65000000000003,16.64
2025-07-03,-0.0027178545692164435,0.10000000000000009,374.09999999999997,16.38
2025-07-07,-0.0021284755385763965,0.020000000000000018,-343.68999999999994,17.79
2025-07-08,-0.0022184309439513272,0.0,-180.43,16.81
2025-07-09,0.0,-0.040000000000000036,44.25999999999999,15.94
2025-07-10,-0.001624279049137034,0.0,269.09999999999997,15.78
2025-07-11,0.0006842285590242525,0.040000000000000036,-217.10999999999996,16.4
2025-07-14,-0.0020540917869381337,0.0,56.97000000000003,17.2
2025-07-15,-0.004551122019759768,0.050000000000000266,194.32999999999998,17.38
2025-07-16,0.0008602891101814336,-0.07000000000000028,-105.55000000000001,17.16
2025-07-17,-0.002755534336340043,0.03000000000000025,-23.279999999999973,16.52
2025-07-18,0.0041304593617382535,-0.03000000000000025,-16.630000000000052,16.41
2025-07-21,0.005139197606569779,-0.029999999999999805,-138.89,16.65
2025-07-22,0.003752029642561411,-0.020000000000000018,-68.51999999999998,16.5
2025-07-23,-8.511724906190565e-05,0.04999999999999982,12.829999999999984,15.37
2025-07-24,0.0014460088429522067,0.03000000000000025,68.07999999999998,15.39
2025-07-25,-0.002979359513941765,0.0,-74.35999999999999,14.93
2025-07-28,-0.01036900330948537,0.0,55.06000000000003,15.03
2025-07-29,-0.006481464162677891,-0.050000000000000266,-83.13000000000002,15.98
2025-07-30,-0.00556426405194152,0.08000000000000007,74.78999999999999,15.48
2025-07-31,-0.0034059680976379902,0.0,104.00999999999999,16.72
2025-08-01,0.010789280682702657,-0.25,185.12,20.38
2025-08-04,0.0011244216900649084,0.0,-303.32,17.52
2025-08-05,0.0010368067284401983,0.03000000000000025,-8.389999999999986,17.85
2025-08-06,0.0057691639756657365,-0.03000000000000025,-22.22999999999999,16.77
2025-08-07,-0.0005152868544110178,0.03000000000000025,51.27000000000001,16.57
2025-08-08,0.0016308316562424208,0.03999999999999959,-40.680000000000035,15.15
2025-08-11,-0.004555816535860596,0.0,69.96000000000001,16.25
2025-08-12,0.005670118284040543,-0.03999999999999959,-33.99000000000001,14.73
2025-08-13,0.003591589289232755,-0.050000000000000266,-34.619999999999976,14.49
2025-08-14,-0.006079046076382072,0.07000000000000028,-41.78,14.83
2025-08-15,0.0054813429462625685,0.009999999999999787,123.57,15.09
2025-08-18,-0.003508024987919467,0.020000000000000018,13.689999999999998,14.99
2025-08-19,-0.0006001629193737312,-0.020000000000000018,-120.62,15.57
2025-08-20,-0.0009438415047062776,-0.009999999999999787,-38.389999999999986,15.69
2025-08-21,-0.0037842996912395566,0.04999999999999982,-19.47,16.6
2025-08-22,0.009263296361337187,-0.10999999999999988,-2.730000000000018,14.22
2025-08-25,-0.00367788978927297,0.04999999999999982,312.02,14.79
2025-08-26,-0.0011145883607693585,-0.1200000000000001,-26.03000000000003,14.62
2025-08-27,-0.003953933292826173,-0.020000000000000018,-172.14999999999998,14.85
2025-08-28,0.005239886575615416,0.03000000000000025,10.120000000000005,14.43
2025-08-29,0.0019685888156578124,-0.03000000000000025,-29.349999999999994,15.36
2025-09-02,-0.0035977424450160667,0.07000000000000028,238.33,17.17
2025-09-03,0.0019717954007420213,-0.050000000000000266,-303.26,16.35
2025-09-04,-0.0024009615375381044,-0.020000000000000018,203.47,15.3
2025-09-05,0.00948441338694847,-0.08000000000000007,212.54000000000002,15.18
2025-09-08,-0.0006805614894746792,-0.019999999999999574,-282.0,15.11
2025-09-09,-0.002385619262112837,0.04999999999999982,-75.82000000000002,15.04
2025-09-10,-0.0007680164221006147,0.0,37.58000000000001,15.35
2025-09-11,0.0015354434476140821,-0.020000000000000018,30.829999999999984,14.71
2025-09-12,-0.0015354434476140821,0.040000000000000036,-43.389999999999986,14.76
2025-09-15,0.004939122703635834,-0.020000000000000018,5.3700000000000045,15.69
2025-09-16,0.00643524659427136,-0.03000000000000025,-29.890000000000015,16.36
2025-09-17,-0.0002532393547488576,0.010000000000000231,156.14000000000001,15.72
2025-09-18,-0.005502659387308262,0.04999999999999982,-115.68,15.7
2025-09-19,-0.0022946510727235303,0.0,-80.14000000000001,15.45
2025-09-22,0.0017002469453426816,0.040000000000000036,343.98,16.1
2025-09-23,0.0022907573755592547,-0.08000000000000007,-299.91,16.64
2025-09-24,-0.004927373829624909,0.040000000000000036,107.74000000000001,16.18
2025-09-25,-0.005893674971467894,0.07000000000000028,-165.26000000000002,16.74
2025-09-26,0.001626364578473316,-0.010000000000000231,218.71,15.29
2025-09-29,0.0032448154163846055,0.0,-126.88,16.12
2025-09-30,0.00042616663760269846,-0.029999999999999805,124.02999999999997,16.28
2025-10-01,-0.001023105213295683,-0.050000000000000266,-99.51999999999998,16.29
2025-10-02,-0.0023058210822684833,0.0,131.79000000000002,16.63
2025-10-03,0.004350985834326332,0.03000000000000025,-132.12,16.65
2025-10-06,-0.0034109353442135504,0.020000000000000018,19.639999999999986,16.37
2025-10-07,-0.0028228067159361547,-0.03000000000000025,-100.63,17.24
2025-10-08,-0.005841941013182694,0.010000000000000231,128.39999999999998,16.3
2025-10-09,-0.0040578514562864265,0.020000000000000018,37.73000000000002,16.43
2025-10-10,0.004660805951490571,-0.08000000000000007,-77.15000000000003,21.66
2025-10-14,-0.0004306446817339826,-0.040000000000000036,129.90000000000003,20.81
2025-10-15,0.002581090652591378,0.020000000000000018,-284.53,20.64
2025-10-16,0.0023172992389152436,-0.08999999999999986,203.23,25.31
2025-10-17,0.0007712413082059111,0.04999999999999982,187.91999999999996,20.78
2025-10-20,-0.0015430778886955931,0.0,-212.37999999999994,18.23
2025-10-21,-0.003437610810463454,-0.009999999999999787,-59.28000000000003,17.87
2025-10-22,-0.0003444119200567697,0.0,210.58000000000004,18.6
2025-10-23,0.0,0.029999999999999805,-263.75,17.3
2025-10-24,0.0012049231167754193,0.0,100.75000000000003,16.37
2025-10-27,0.0008597713537962792,0.0,58.97999999999996,15.79
2025-10-28,0.001974673318199116,-0.009999999999999787,-117.06,16.42
2025-10-29,0.00042876131514812954,0.11999999999999966,-8.789999999999964,16.92
2025-10-30,-0.008610351112202708,0.020000000000000018,19.67999999999995,16.91
2025-10-31,-0.0019909117158320444,-0.009999999999999787,159.74,17.44
2025-11-03,-0.0008668516492884859,0.0,-434.38,17.17
2025-11-04,-0.003474940513482516,-0.020000000000000018,280.31,19.0
2025-11-05,-0.0005222841344350304,0.04999999999999982,15.110000000000014,18.01
2025-11-06,0.0046907660714689825,-0.06000000000000005,15.930000000000007,19.5
2025-11-07,0.0033741434442822182,-0.020000000000000018,21.079999999999984,19.08
2025-11-10,-0.0028543028503540957,0.03000000000000025,135.79000000000002,17.6
2025-11-12,0.004062762211922533,-0.020000000000000018,-249.14000000000001,17.51
2025-11-13,0.004905134399258715,0.020000000000000018,251.52,20.0
2025-11-14,-0.0027507968863022814,0.040000000000000036,-173.62,19.83
2025-11-17,-0.0016368730770889017,-0.020000000000000018,273.40999999999997,22.38
2025-11-18,-0.0016395568241128755,-0.020000000000000018,41.629999999999995,24.69
2025-11-19,-0.003373851550182494,0.0,-390.80999999999995,23.66
2025-11-20,-0.0005200658867325625,-0.03000000000000025,86.04999999999998,26.42
2025-11-21,-0.0024305567521191174,-0.040000000000000036,-47.21999999999997,23.43
2025-11-24,0.0010423906433788266,-0.04999999999999982,-66.33000000000001,20.52
2025-11-25,0.003034114416400946,-0.029999999999999805,124.64000000000001,18.56
2025-11-26,0.003283791405726433,0.020000000000000018,-92.15,17.19
2025-11-28,0.0007761632057109447,0.020000000000000018,91.66999999999999,16.35
2025-12-01,0.0019807955492520957,0.06999999999999984,-65.38,17.24
2025-12-02,-0.0023256826021619548,-0.03000000000000025,34.389999999999986,16.59
2025-12-03,0.005503969862937219,-0.019999999999999574,65.25,16.08
2025-12-04,-8.576697119197507e-05,0.029999999999999805,162.59000000000003,15.78
2025-12-05,-0.0020606171968992615,0.040000000000000036,-284.0,15.41
2025-12-08,-0.0007738274750961338,0.009999999999999787,247.13,16.66
2025-12-09,0.0011175586806803361,0.040000000000000036,100.74000000000001,16.93
2025-12-10,0.0009446520518703871,-0.06999999999999984,-247.38,15.77
2025-12-11,0.009057568544961286,-0.020000000000000018,187.85000000000002,14.85
2025-12-12,-0.0021288380330875822,0.0,-169.19000000000005,15.74
2025-12-15,0.0021288380330875822,-0.010000000000000231,-100.28,16.5
2025-12-16,0.001190172715514498,-0.029999999999999805,3.960000000000008,16.48
2025-12-17,-0.0018709079358117109,0.010000000000000231,-28.069999999999993,17.62
2025-12-18,-0.0016186057970056233,-0.03000000000000025,119.54000000000002,16.87
2025-12-19,-0.0006823027983249019,0.020000000000000018,-36.81,14.91
2025-12-22,0.002471135849124839,-0.040000000000000036,-75.02000000000001,14.08
2025-12-23,0.0022103213963524104,0.040000000000000036,25.77000000000001,14.0
2025-12-24,0.0003396162369201927,-0.009999999999999787,-60.32000000000002,13.47
2025-12-26,-0.0011891617811763122,-0.010000000000000231,309.80000000000007,13.6
2025-12-29,-0.0008502678855933921,-0.009999999999999787,-68.11000000000001,14.2
2025-12-30,0.0007652736226549939,0.0,-139.92000000000002,14.33
2025-12-31,-0.002467981338645314,0.020000000000000018,1.829999999999984,14.95
2026-01-02,0.00017040129546214144,0.0,-10.70999999999998,14.51
2026-01-05,-0.0019613701763837588,-0.010000000000000231,242.91000000000003,14.9
2026-01-06,-0.0022218433341256727,0.010000000000000231,-288.48,14.75
2026-01-07,8.554685834377684e-05,0.0,2.3400000000000034,15.38
2026-01-08,-0.002998502996256619,0.020000000000000018,221.04000000000002,15.45
2026-01-09,-0.0018034269991507035,0.04999999999999982,-243.36,14.49
2026-01-12,0.0032609657319147833,0.0,50.370000000000005,15.12
2026-01-13,-0.002230037805556251,-0.010000000000000231,75.83999999999997,15.98
2026-01-14,0.000772499072792171,-0.020000000000000018,11.560000000000002,16.75
2026-01-15,-0.004299232761320021,0.050000000000000266,40.83000000000004,15.84
2026-01-16,-0.0005171522266613215,0.029999999999999805,-152.52000000000004,15.86
2026-01-20,0.011997744396645943,0.010000000000000231,102.85000000000002,20.09
2026-01-21,-0.002900530953510866,0.0,181.07999999999998,16.9
2026-01-22,0.002815341193268539,0.009999999999999787,-66.89999999999998,15.64
2026-01-23,0.002807437294200882,-0.009999999999999787,-165.91000000000003,16.09
2026-01-26,0.009722357514125368,-0.040000000000000036,-19.079999999999984,16.15
2026-01-27,0.007877355742834269,-0.03000000000000025,113.06,16.35
2026-01-28,-0.0032607361360557086,0.03000000000000025,-58.610000000000014,16.35
2026-01-29,0.00016747613504222714,-0.03000000000000025,-95.0,16.88
2026-01-30,-0.0048682318741326,-0.009999999999999787,-37.47999999999999,17.44
2026-02-02,-0.00658452488718439,0.04999999999999982,-15.070000000000022,16.34
2026-02-03,0.0010158301051307328,0.0,125.21000000000004,18.0
2026-02-04,-0.0013546695831716249,0.0,-18.24000000000001,18.64
2026-02-05,-8.472781195492662e-05,-0.09999999999999964,-12.009999999999991,21.77
2026-02-06,0.0008469552466993102,0.029999999999999805,-115.18000000000004,17.76
2026-02-09,0.007254354884037639,-0.020000000000000018,45.73000000000002,17.36
2026-02-10,0.0,-0.029999999999999805,-16.03,17.79
2026-02-11,-0.001177361165352775,0.06999999999999984,45.78999999999999,17.65
2026-02-12,-0.0011787489787844219,-0.04999999999999982,186.63000000000002,20.82
2026-02-13,0.0,-0.07000000000000028,-100.95000000000005,20.6
2026-02-17,-0.0032910033500509195,0.03000000000000025,-59.25999999999999,20.29
2026-02-18,-0.0017765750622548149,0.040000000000000036,-39.66999999999999,19.62
2026-02-19,-0.0040726341715068,0.0,255.39000000000001,20.23
2026-02-20,0.0016140682262180406,0.009999999999999787,-20.360000000000014,19.09
2026-02-23,0.0019503928167106666,-0.04999999999999982,222.01000000000005,21.01
2026-02-24,-0.0012715637707024219,0.0,-22.950000000000045,19.55
2026-02-25,0.0012715637707024219,0.020000000000000018,-303.23,17.93
2026-02-26,-0.0010171216337120648,-0.03000000000000025,-50.18000000000001,18.63
2026-02-27,0.0025408669551968688,-0.040000000000000036,1.0600000000000023,19.86
2026-03-02,-0.011228426918200612,0.0900000000000003,120.14000000000004,21.44
2026-03-03,-0.007383909224819407,0.03999999999999959,104.32999999999998,23.57
2026-03-04,0.002925739975320474,0.03000000000000025,-314.31,21.15
2026-03-05,-0.004564448350138528,0.029999999999999805,157.61,23.75
2026-03-06,0.0018110478840769884,-0.009999999999999787,78.76999999999998,29.49
2026-03-09,-0.0012070007500353253,0.0,13.050000000000011,25.5
2026-03-10,0.004819286435948922,0.009999999999999787,-191.3,24.93
2026-03-11,-0.007064731718303602,0.07000000000000028,132.32,24.23
2026-03-12,-0.0038115084258353027,0.11999999999999966,-57.870000000000005,27.29
2026-03-13,-0.006792676122327396,-0.029999999999999805,87.47000000000003,27.19
2026-03-16,0.0037503859754033086,-0.04999999999999982,-207.31,23.51
2026-03-17,0.0033026277194450893,0.0,82.15999999999997,22.37
2026-03-18,-0.0010417571911849055,0.07999999999999963,22.49000000000001,25.09
2026-03-19,0.00017370158112109402,0.03000000000000025,24.75999999999999,24.06
2026-03-20,0.0024286593601267614,0.08999999999999986,-63.69999999999999,26.78
2026-03-23,0.0038045873821500875,-0.04999999999999982,40.05000000000001,26.15
2026-03-24,-0.0007770343581124939,0.06999999999999984,145.69,26.95
2026-03-25,-0.0006912044512276116,-0.06000000000000005,-220.75,25.33
2026-03-26,-0.0024229849168106443,0.1200000000000001,236.01999999999998,27.44
2026-03-27,-0.0019079010210294733,-0.08000000000000007,-208.19,31.05
2026-03-30,-0.005745641296079573,-0.06000000000000005,80.28000000000003,30.61
2026-03-31,0.005572015112815049,-0.029999999999999805,1.5199999999999818,25.25
2026-04-01,0.008300237865377535,0.020000000000000018,-23.659999999999968,24.54
2026-04-02,-0.005872210311116205,-0.020000000000000018,-91.25,23.87
2026-04-06,-8.661383228317221e-05,0.04999999999999982,-12.620000000000033,24.17
2026-04-07,0.002249525087741705,-0.029999999999999805,-12.98999999999998,25.78
2026-04-08,0.009889576238044928,-0.020000000000000018,2.6499999999999773,21.04
2026-04-09,0.0017099867367838528,-0.010000000000000231,48.04000000000002,19.49
2026-04-10,0.0014511932206619227,0.03000000000000025,-26.970000000000027,19.23
2026-04-13,-0.0011095464800651433,-0.03000000000000025,116.52000000000004,19.12
2026-04-14,0.0068933509849103125,-0.020000000000000018,29.0,18.36
2026-04-15,0.0006782535232458253,0.0,-135.79000000000002,18.17
2026-04-16,-0.0013569673865785614,0.020000000000000018,-13.490000000000009,17.94
2026-04-17,0.0015264589124080186,-0.06999999999999984,3.730000000000018,17.48
2026-04-20,-0.0013567372555170765,0.010000000000000231,63.349999999999966,18.87
2026-04-21,-0.0028040975165183335,0.05999999999999961,-132.23999999999998,19.5
2026-04-22,-0.0032387312039856564,0.010000000000000231,10.969999999999999,18.92
2026-04-23,-0.0008540439497672636,0.040000000000000036,246.76999999999998,19.31
2026-04-24,0.0011954574047735866,-0.050000000000000266,-204.23,18.71
2026-04-27,0.0011087894009864652,0.0,86.1,18.02
2026-04-28,-0.0013648385638243554,0.06000000000000005,50.400000000000034,17.83
2026-04-29,-0.0017086719236166226,0.08000000000000007,-105.72000000000003,18.81
2026-04-30,0.002903007503225724,-0.040000000000000036,104.32999999999998,16.89
2026-05-01,0.002214274452664755,0.0,115.54000000000002,16.99
2026-05-04,-0.004860794971198817,0.07000000000000028,-135.24,18.29
2026-05-05,0.000769066476701441,-0.020000000000000018,162.58999999999997,17.38
2026-05-06,0.003921573653181631,-0.06000000000000005,-258.41999999999996,17.39
2026-05-07,0.0009354935410314236,0.04999999999999982,47.31,17.08
2026-05-08,0.000764753404311258,-0.020000000000000018,-51.910000000000025,17.19
2026-05-11,0.0005944041273808487,0.050000000000000266,55.27000000000004,18.38
2026-05-12,-0.0039977937819538345,0.04999999999999982,-25.420000000000016,17.99
2026-05-13,-0.001876813381486514,-0.020000000000000018,-58.59,17.87
2026-05-14,-0.0028218411986544456,0.020000000000000018,-20.370000000000005,17.26
2026-05-15,-0.004376750174874627,0.08999999999999986,162.07000000000002,18.43
2026-05-18,0.0018903597311688003,-0.019999999999999574,-55.25999999999999,17.82
2026-05-19,-0.00404284237376748,0.05999999999999961,79.02999999999997,18.06
2026-05-20,0.0015502543798925905,-0.08999999999999986,21.19999999999999,17.44
2026-05-21,-0.002671379071511104,0.040000000000000036,-197.16,16.76
2026-05-22,0.001207313013154493,0.04999999999999982,79.87000000000003,16.7
2026-05-26,0.0014640660583566112,-0.1200000000000001,-118.80000000000001,17.01
2026-05-27,0.0009461959331366898,-0.009999999999999787,137.99,16.29
2026-05-28,0.0015463920607381998,-0.009999999999999787,-46.14000000000004,15.74
2026-05-29,0.0025720178787883297,-0.010000000000000231,70.95000000000005,15.32
2026-06-01,-0.004720431028446437,0.06999999999999984,-115.26000000000002,16.05
2026-06-02,0.0015473225815618163,0.0,-13.789999999999992,15.77
2026-06-03,-0.0031832091231432658,0.03000000000000025,236.64,16.06
2026-06-04,0.0020659385845057665,-0.03000000000000025,-94.88999999999999,15.4
2026-06-05,-0.008289487067104528,0.1200000000000001,-133.75,21.51
2026-06-08,0.001039951562657071,-0.019999999999999574,148.51999999999998,18.92
2026-06-09,0.0009523397975300385,-0.020000000000000462,-101.25999999999999,19.87
2026-06-10,-0.0005193456361862192,0.0,-90.66999999999999,22.22
2026-06-11,-0.0030349036951540787,-0.08000000000000007,70.86999999999998,19.44
2026-06-12,0.005024265593292221,0.040000000000000036,-35.869999999999976,17.68
2026-06-15,0.002244088633798408,-0.019999999999999574,156.98,16.2
2026-06-16,0.0013784787226333306,-0.020000000000000462,113.11000000000001,16.41
2026-06-17,-0.0018958985341080703,0.15000000000000036,-157.82,18.44
2026-06-18,-0.010666536546985017,-0.009999999999999787,91.13,16.4
2026-06-22,-0.0033184905137130793,0.04999999999999982,-52.73000000000002,17.28
2026-06-23,-0.004295426284486592,-0.08000000000000007,27.899999999999977,19.49
2026-06-24,-0.0030794973964747285,-0.04999999999999982,64.07000000000005,18.63
2026-06-25,0.003255182569098042,-0.020000000000000462,-190.23000000000002,18.89
2026-06-26,0.0015797791595184574,-0.019999999999999574,-21.060000000000002,18.41
2026-06-29,0.0019274581050470196,0.02999999999999936,-46.06,17.65
2026-06-30,-0.0007004640860784062,0.040000000000000036,126.57999999999998,16.45
2026-07-01,-0.0028946119066387554,0.03000000000000025,-124.56,16.59
2026-07-02,0.0056061814665985255,-0.03000000000000025,-35.52999999999997,16.15
2026-07-06,-0.0019235819518789998,-0.009999999999999787,70.86999999999998,15.57
2026-07-07,-0.0002625935504607102,0.0600000000000005,11.170000000000016,16.13
2026-07-08,-0.0023664501161483054,0.019999999999999574,-64.69,16.9
2026-07-09,0.0037661529078744926,-0.04999999999999982,93.01000000000002,15.84
2026-07-10,-8.742405041192725e-05,0.04999999999999982,-52.79000000000002,15.03
2026-07-13,-0.003152366883734159,0.04999999999999982,-5.590000000000003,17.16
2026-07-14,0.002277705759136439,-0.08000000000000007,76.88000000000002,16.5
2026-07-15,0.0006997900915386712,-0.04999999999999982,-6.510000000000048,15.67
2026-07-16,0.0009614124762739873,0.03000000000000025,-10.310000000000002,16.73
2026-07-17,-0.0006117009846875743,0.019999999999999574,80.53000000000003,18.77
2026-07-20,-0.0025381834991091146,0.03000000000000025,16.430000000000007,18.65
2026-07-21,-0.00026293878060248965,0.04999999999999982,-15.680000000000007,17.05
2026-07-22,0.0005258084425761866,0.04999999999999982,-217.38,16.64
2026-07-23,-0.003598546912208872,0.0600000000000005,45.20999999999998,18.7
2026-07-24,0.0010545743133955343,-0.040000000000000036,546.76,18.58
